id,sku,name,price,original_price,discount_rate,rating_average,review_count,quantity_sold,category_id,category_name,brand_name,seller_id,seller_name,is_official_seller,is_tiki_now,is_authentic,inventory_status,created_at
100001,TIKI-915-000001,Áo thun nam Cotton Compact chống nhăn co giãn Coolmate,348500,410000,15,4.9,17,116,915,Thời Trang Nam,Coolmate,112,Nhà Sách FAHASA Official,True,True,True,available,2024-10-07 00:00:00
100002,TIKI-1789-000002,Điện thoại Apple Pro Max 256GB Chính Hãng VN/A,16900000,33800000,50,4.9,31,199,1789,Điện Thoại - Máy Tính Bảng,Apple,108,Anker Official Mall,True,True,True,available,2024-10-07 00:00:00
100003,TIKI-1520-000003,Kem chống nắng kiểm soát dầu Innisfree SPF 50+ PA++++ 50ml,728000,1040000,30,4.8,25,195,1520,Làm Đẹp - Sức Khỏe,Innisfree,105,Samsung Official Store,True,True,True,available,2024-06-22 00:00:00
100004,TIKI-1789-000004,Máy tính bảng Xiaomi Tab Wifi + Cellular Pro,6630000,10200000,35,4.8,438,2279,1789,Điện Thoại - Máy Tính Bảng,Xiaomi,112,Nhà Sách FAHASA Official,True,True,True,available,2024-10-10 00:00:00
100005,TIKI-1520-000005,Nước tẩy trang dịu nhẹ cho da nhạy cảm Cocoon Micellar Water 400ml,997500,1050000,5,4.9,36,172,1520,Làm Đẹp - Sức Khỏe,Cocoon,108,Anker Official Mall,True,True,True,low_stock,2024-02-11 00:00:00
100006,TIKI-8322-000006,Sách - Tư Duy Nhanh Và Chậm - Daniel Kahneman (Alpha Books),120000,160000,25,4.8,138,918,8322,Nhà Sách Tiki,Alpha Books,115,Coolmate Flagship Store,True,False,True,available,2024-12-16 00:00:00
100007,TIKI-915-000007,Quần lót nam Boxer sợi Modal kháng khuẩn công nghệ may Seamless An Phước,464000,580000,20,3.2,127,762,915,Thời Trang Nam,An Phước,204,Phụ Kiện Công Nghệ Số 1,False,True,True,available,2024-12-17 00:00:00
100008,TIKI-1883-000008,Bình giữ nhiệt Inox 316 cao cấp Duy Tân Giữ nhiệt 24 giờ 800ml,350000,500000,30,4.9,33,255,1883,Nhà Cửa - Đời Sống,Duy Tân,1,Tiki Trading,True,True,True,available,2024-06-11 00:00:00
100009,TIKI-8322-000009,Sách - Tư Duy Nhanh Và Chậm - Daniel Kahneman (NXB Phụ Nữ),119000,140000,15,4.7,97,665,8322,Nhà Sách Tiki,NXB Phụ Nữ,112,Nhà Sách FAHASA Official,True,False,True,available,2024-08-08 00:00:00
100010,TIKI-1815-000010,Loa Bluetooth di động Baseus Âm bass mạnh mẽ chống nước IPX7,855000,900000,5,4.9,25,164,1815,Thiết Bị Số - Phụ Kiện Số,Baseus,102,Apple Flagship Store,True,True,True,available,2024-11-02 00:00:00
100011,TIKI-1520-000011,Kem dưỡng ẩm tái tạo phục hồi màng bảo vệ da Vichy 50ml,152000,160000,5,4.7,97,455,1520,Làm Đẹp - Sức Khỏe,Vichy,210,Mỹ Phẩm Xách Tay Authentic,False,True,True,available,2024-11-25 00:00:00
100012,TIKI-8322-000012,Sách - Tư Duy Nhanh Và Chậm - Daniel Kahneman (NXB Kim Đồng),342000,380000,10,4.8,18,113,8322,Nhà Sách Tiki,NXB Kim Đồng,112,Nhà Sách FAHASA Official,True,False,True,available,2024-11-24 00:00:00
100013,TIKI-1815-000013,Củ sạc nhanh Marshall GaN 65W Cổng Type-C PD Quick Charge,150000,300000,50,4.8,7,53,1815,Thiết Bị Số - Phụ Kiện Số,Marshall,210,Mỹ Phẩm Xách Tay Authentic,False,True,True,available,2024-06-07 00:00:00
100014,TIKI-1520-000014,Kem chống nắng kiểm soát dầu La Roche-Posay SPF 50+ PA++++ 50ml,1130500,1190000,5,3.8,96,390,1520,Làm Đẹp - Sức Khỏe,La Roche-Posay,204,Phụ Kiện Công Nghệ Số 1,False,True,True,low_stock,2024-12-04 00:00:00
100015,TIKI-1815-000015,Loa Bluetooth di động JBL Âm bass mạnh mẽ chống nước IPX7,4845000,5700000,15,4.2,173,1142,1815,Thiết Bị Số - Phụ Kiện Số,JBL,220,Thời Trang Bụi Phố,False,True,True,out_of_stock,2024-06-09 00:00:00
100016,TIKI-915-000016,Quần dài Kaki dáng Slimfit co giãn tôn dáng Routine,212500,250000,15,4.9,54,331,915,Thời Trang Nam,Routine,204,Phụ Kiện Công Nghệ Số 1,False,False,True,available,2024-04-28 00:00:00
100017,TIKI-1789-000017,Điện thoại Realme Pro Max 256GB Chính Hãng VN/A,7200000,9600000,25,4.9,37,240,1789,Điện Thoại - Máy Tính Bảng,Realme,102,Apple Flagship Store,True,False,True,available,2024-04-20 00:00:00
100018,TIKI-1520-000018,Sữa rửa mặt tạo bọt sạch sâu se khít lỗ chân lông Laneige,826000,1180000,30,4.9,17,92,1520,Làm Đẹp - Sức Khỏe,Laneige,204,Phụ Kiện Công Nghệ Số 1,False,True,True,available,2024-08-05 00:00:00
100019,TIKI-915-000019,Áo thun nam Cotton Compact chống nhăn co giãn Coolmate,503500,530000,5,4.9,30,165,915,Thời Trang Nam,Coolmate,201,Điện Máy Gia Dụng Xanh,False,True,True,available,2024-08-05 00:00:00
100020,TIKI-1815-000020,Bàn phím cơ không dây Anker RGB Hot-swap,1500000,1500000,0,4.7,98,349,1815,Thiết Bị Số - Phụ Kiện Số,Anker,210,Mỹ Phẩm Xách Tay Authentic,False,True,True,available,2024-02-18 00:00:00
100021,TIKI-8322-000021,Sách - Nhà Giả Kim - Paulo Coelho (Nhã Nam),81000,90000,10,4.8,511,2398,8322,Nhà Sách Tiki,Nhã Nam,201,Điện Máy Gia Dụng Xanh,False,True,True,available,2024-08-21 00:00:00
100022,TIKI-915-000022,Quần dài Kaki dáng Slimfit co giãn tôn dáng Aristino,399500,470000,15,3.8,108,641,915,Thời Trang Nam,Aristino,108,Anker Official Mall,True,True,True,available,2024-06-10 00:00:00
100023,TIKI-8322-000023,Sách - Nguyên Lý Big Data & Học Máy Ứng Dụng (First News),54000,90000,40,4.9,29,179,8322,Nhà Sách Tiki,First News,105,Samsung Official Store,True,True,True,available,2024-12-12 00:00:00
100024,TIKI-1520-000024,Kem dưỡng ẩm tái tạo phục hồi màng bảo vệ da L'Oreal Paris 50ml,893000,940000,5,4.8,110,643,1520,Làm Đẹp - Sức Khỏe,L'Oreal Paris,1,Tiki Trading,True,True,True,available,2024-05-14 00:00:00
100025,TIKI-1882-000025,Máy lọc không khí Sunhouse Màng lọc HEPA diệt khuẩn khử mùi,5590000,8600000,35,4.8,172,658,1882,Điện Gia Dụng,Sunhouse,105,Samsung Official Store,True,False,True,out_of_stock,2024-08-23 00:00:00
100026,TIKI-1789-000026,Điện thoại thông minh Apple Ultra 5G Pro,11025000,14700000,25,4.5,258,1332,1789,Điện Thoại - Máy Tính Bảng,Apple,112,Nhà Sách FAHASA Official,True,True,True,available,2024-03-22 00:00:00
100027,TIKI-915-000027,Áo thun nam Cotton Compact chống nhăn co giãn Routine,456000,480000,5,4.2,22,88,915,Thời Trang Nam,Routine,210,Mỹ Phẩm Xách Tay Authentic,False,False,True,available,2024-02-25 00:00:00
100028,TIKI-1882-000028,Máy xay sinh tố cầm tay đa năng Panasonic Lưỡi dao inox 304,4960000,6200000,20,4.8,39,295,1882,Điện Gia Dụng,Panasonic,115,Coolmate Flagship Store,True,True,True,available,2024-01-28 00:00:00
100029,TIKI-1883-000029,Bộ hộp cơm thủy tinh chịu nhiệt Lock&Lock Có túi giữ nhiệt cao cấp,208000,260000,20,4.9,74,493,1883,Nhà Cửa - Đời Sống,Lock&Lock,115,Coolmate Flagship Store,True,True,True,available,2024-10-15 00:00:00
100030,TIKI-915-000030,Áo thun nam Cotton Compact chống nhăn co giãn An Phước,720000,800000,10,4.8,10,51,915,Thời Trang Nam,An Phước,115,Coolmate Flagship Store,True,True,True,available,2024-01-22 00:00:00
100031,TIKI-1815-000031,Chuột không dây công thái học Anker Silent Click,2750000,5500000,50,4.7,317,1447,1815,Thiết Bị Số - Phụ Kiện Số,Anker,210,Mỹ Phẩm Xách Tay Authentic,False,True,True,low_stock,2024-03-25 00:00:00
100032,TIKI-1789-000032,Máy tính bảng Samsung Tab Wifi + Cellular 2024 Edition,35870000,42200000,15,4.9,190,757,1789,Điện Thoại - Máy Tính Bảng,Samsung,201,Điện Máy Gia Dụng Xanh,False,True,True,available,2024-01-21 00:00:00
100033,TIKI-1883-000033,Kệ để đồ đa năng thông minh tiết kiệm diện tích Tupperware,380000,380000,0,4.7,65,308,1883,Nhà Cửa - Đời Sống,Tupperware,108,Anker Official Mall,True,True,True,available,2024-02-06 00:00:00
100034,TIKI-1520-000034,Kem dưỡng ẩm tái tạo phục hồi màng bảo vệ da Vichy 50ml,232000,290000,20,4.9,399,1873,1520,Làm Đẹp - Sức Khỏe,Vichy,1,Tiki Trading,True,False,True,available,2024-02-26 00:00:00
100035,TIKI-915-000035,Áo sơ mi nam công sở dài tay cao cấp Aristino,712500,750000,5,4.8,108,501,915,Thời Trang Nam,Aristino,220,Thời Trang Bụi Phố,False,True,True,available,2024-12-29 00:00:00
100036,TIKI-1883-000036,Bình giữ nhiệt Inox 316 cao cấp Rạng Đông Giữ nhiệt 24 giờ 800ml,135000,180000,25,4.7,135,548,1883,Nhà Cửa - Đời Sống,Rạng Đông,201,Điện Máy Gia Dụng Xanh,False,False,True,available,2024-06-03 00:00:00
100037,TIKI-8322-000037,Sách - Tư Duy Nhanh Và Chậm - Daniel Kahneman (Alpha Books),119000,140000,15,4.8,343,2245,8322,Nhà Sách Tiki,Alpha Books,112,Nhà Sách FAHASA Official,True,False,True,available,2024-03-31 00:00:00
100038,TIKI-8322-000038,Sách - Nguyên Lý Big Data & Học Máy Ứng Dụng (First News),204000,240000,15,4.8,109,702,8322,Nhà Sách Tiki,First News,112,Nhà Sách FAHASA Official,True,True,True,available,2024-08-27 00:00:00
100039,TIKI-1815-000039,Cáp sạc đa năng UGREEN bọc dù siêu bền truyền dữ liệu tốc độ cao,2340000,3900000,40,4.7,120,470,1815,Thiết Bị Số - Phụ Kiện Số,UGREEN,102,Apple Flagship Store,True,False,True,available,2024-05-01 00:00:00
100040,TIKI-1883-000040,Bình giữ nhiệt Inox 316 cao cấp Inochi Giữ nhiệt 24 giờ 800ml,266500,410000,35,4.7,180,998,1883,Nhà Cửa - Đời Sống,Inochi,1,Tiki Trading,True,False,True,available,2024-11-19 00:00:00
100041,TIKI-915-000041,Quần dài Kaki dáng Slimfit co giãn tôn dáng Canifa,280000,280000,0,4.5,241,1803,915,Thời Trang Nam,Canifa,108,Anker Official Mall,True,True,True,available,2024-08-06 00:00:00
100042,TIKI-915-000042,Quần dài Kaki dáng Slimfit co giãn tôn dáng Owen,389500,410000,5,4.8,198,1287,915,Thời Trang Nam,Owen,210,Mỹ Phẩm Xách Tay Authentic,False,False,True,available,2024-10-14 00:00:00
100043,TIKI-1883-000043,Bộ lau nhà tự vắt thông minh xoay 360 độ Tupperware,603000,670000,10,4.7,82,382,1883,Nhà Cửa - Đời Sống,Tupperware,210,Mỹ Phẩm Xách Tay Authentic,False,False,True,available,2024-05-07 00:00:00
100044,TIKI-1883-000044,Bộ lau nhà tự vắt thông minh xoay 360 độ Rạng Đông,292500,450000,35,4.9,45,212,1883,Nhà Cửa - Đời Sống,Rạng Đông,108,Anker Official Mall,True,False,True,available,2024-06-13 00:00:00
100045,TIKI-1815-000045,Bàn phím cơ không dây Logitech RGB Hot-swap,2850000,3000000,5,4.8,53,296,1815,Thiết Bị Số - Phụ Kiện Số,Logitech,105,Samsung Official Store,True,True,True,available,2024-02-02 00:00:00
100046,TIKI-8322-000046,Sách - Kỹ Năng Quản Lý Thời Gian Cho Người Bận Rộn (First News),195000,300000,35,4.9,57,392,8322,Nhà Sách Tiki,First News,220,Thời Trang Bụi Phố,False,False,True,available,2024-08-03 00:00:00
100047,TIKI-1520-000047,Kem dưỡng ẩm tái tạo phục hồi màng bảo vệ da Cocoon 50ml,344000,430000,20,4.8,8,40,1520,Làm Đẹp - Sức Khỏe,Cocoon,204,Phụ Kiện Công Nghệ Số 1,False,True,True,available,2024-12-14 00:00:00
100048,TIKI-1883-000048,Bình giữ nhiệt Inox 316 cao cấp Tupperware Giữ nhiệt 24 giờ 800ml,91000,130000,30,4.8,135,523,1883,Nhà Cửa - Đời Sống,Tupperware,210,Mỹ Phẩm Xách Tay Authentic,False,True,True,low_stock,2024-08-08 00:00:00
100049,TIKI-1815-000049,Chuột không dây công thái học Sony Silent Click,1950000,3000000,35,4.8,176,916,1815,Thiết Bị Số - Phụ Kiện Số,Sony,115,Coolmate Flagship Store,True,True,True,available,2024-08-04 00:00:00
100050,TIKI-8322-000050,Sách - Kỹ Năng Quản Lý Thời Gian Cho Người Bận Rộn (NXB Trẻ),238000,280000,15,4.7,187,1202,8322,Nhà Sách Tiki,NXB Trẻ,1,Tiki Trading,True,True,True,available,2024-01-17 00:00:00
100051,TIKI-1789-000051,Điện thoại thông minh Vivo Ultra 5G 256GB,30590000,32200000,5,4.8,34,226,1789,Điện Thoại - Máy Tính Bảng,Vivo,105,Samsung Official Store,True,True,True,available,2024-07-08 00:00:00
100052,TIKI-915-000052,Áo thun nam Cotton Compact chống nhăn co giãn Biluxury,465500,490000,5,4.8,322,1961,915,Thời Trang Nam,Biluxury,105,Samsung Official Store,True,True,True,low_stock,2024-07-12 00:00:00
100053,TIKI-1815-000053,Loa Bluetooth di động Anker Âm bass mạnh mẽ chống nước IPX7,1280000,1600000,20,4.5,115,465,1815,Thiết Bị Số - Phụ Kiện Số,Anker,108,Anker Official Mall,True,True,True,available,2024-10-17 00:00:00
100054,TIKI-8322-000054,Sách - Thiết Kế Cuộc Đời Đáng Sống - Designing Your Life (NXB Phụ Nữ),270000,270000,0,4.5,212,842,8322,Nhà Sách Tiki,NXB Phụ Nữ,210,Mỹ Phẩm Xách Tay Authentic,False,False,True,low_stock,2024-07-05 00:00:00
100055,TIKI-8322-000055,Sách - Nhà Giả Kim - Paulo Coelho (NXB Phụ Nữ),312000,390000,20,4.7,307,2144,8322,Nhà Sách Tiki,NXB Phụ Nữ,105,Samsung Official Store,True,True,True,available,2024-08-27 00:00:00
100056,TIKI-1520-000056,Nước tẩy trang dịu nhẹ cho da nhạy cảm Innisfree Micellar Water 400ml,208000,260000,20,4.5,38,212,1520,Làm Đẹp - Sức Khỏe,Innisfree,108,Anker Official Mall,True,False,True,available,2024-11-09 00:00:00
100057,TIKI-1789-000057,Máy tính bảng OPPO Tab Wifi + Cellular 256GB,14100000,18800000,25,4.7,54,402,1789,Điện Thoại - Máy Tính Bảng,OPPO,204,Phụ Kiện Công Nghệ Số 1,False,True,True,available,2024-12-26 00:00:00
100058,TIKI-1520-000058,Kem chống nắng kiểm soát dầu L'Oreal Paris SPF 50+ PA++++ 50ml,462000,770000,40,4.7,145,928,1520,Làm Đẹp - Sức Khỏe,L'Oreal Paris,201,Điện Máy Gia Dụng Xanh,False,True,True,available,2024-09-09 00:00:00
100059,TIKI-1789-000059,Điện thoại thông minh Xiaomi Ultra 5G V2,11800000,23600000,50,4.8,101,509,1789,Điện Thoại - Máy Tính Bảng,Xiaomi,108,Anker Official Mall,True,True,True,available,2024-10-09 00:00:00
100060,TIKI-8322-000060,Sách - Thiết Kế Cuộc Đời Đáng Sống - Designing Your Life (Alpha Books),110500,130000,15,4.8,167,1299,8322,Nhà Sách Tiki,Alpha Books,108,Anker Official Mall,True,True,True,available,2024-12-20 00:00:00
100061,TIKI-915-000061,Áo sơ mi nam công sở dài tay cao cấp Canifa,385000,770000,50,4.9,17,74,915,Thời Trang Nam,Canifa,220,Thời Trang Bụi Phố,False,True,True,available,2024-04-27 00:00:00
100062,TIKI-1789-000062,Điện thoại thông minh Realme Ultra 5G 512GB,6420000,10700000,40,4.9,351,2236,1789,Điện Thoại - Máy Tính Bảng,Realme,1,Tiki Trading,True,True,True,low_stock,2024-09-09 00:00:00
100063,TIKI-1520-000063,Sữa rửa mặt tạo bọt sạch sâu se khít lỗ chân lông Innisfree,522000,580000,10,3.8,39,287,1520,Làm Đẹp - Sức Khỏe,Innisfree,204,Phụ Kiện Công Nghệ Số 1,False,True,True,available,2024-02-29 00:00:00
100064,TIKI-1789-000064,Điện thoại Vivo Pro Max 256GB Chính Hãng VN/A,29440000,36800000,20,4.9,39,234,1789,Điện Thoại - Máy Tính Bảng,Vivo,105,Samsung Official Store,True,False,True,available,2024-08-02 00:00:00
100065,TIKI-1520-000065,Kem dưỡng ẩm tái tạo phục hồi màng bảo vệ da L'Oreal Paris 50ml,568000,710000,20,4.5,557,2714,1520,Làm Đẹp - Sức Khỏe,L'Oreal Paris,204,Phụ Kiện Công Nghệ Số 1,False,True,True,available,2024-11-14 00:00:00
100066,TIKI-915-000066,Quần lót nam Boxer sợi Modal kháng khuẩn công nghệ may Seamless Coolmate,408500,430000,5,4.9,27,103,915,Thời Trang Nam,Coolmate,108,Anker Official Mall,True,True,True,available,2024-01-03 00:00:00
100067,TIKI-1520-000067,Nước tẩy trang dịu nhẹ cho da nhạy cảm Vichy Micellar Water 400ml,408000,510000,20,4.7,77,507,1520,Làm Đẹp - Sức Khỏe,Vichy,108,Anker Official Mall,True,False,True,available,2024-05-16 00:00:00
100068,TIKI-1883-000068,Bộ lau nhà tự vắt thông minh xoay 360 độ Inochi,342000,380000,10,4.2,215,821,1883,Nhà Cửa - Đời Sống,Inochi,210,Mỹ Phẩm Xách Tay Authentic,False,True,True,available,2024-03-26 00:00:00
100069,TIKI-1883-000069,Kệ để đồ đa năng thông minh tiết kiệm diện tích Rạng Đông,552000,690000,20,4.7,348,2001,1883,Nhà Cửa - Đời Sống,Rạng Đông,102,Apple Flagship Store,True,True,True,available,2024-09-10 00:00:00
100070,TIKI-1789-000070,Máy tính bảng OPPO Tab Wifi + Cellular Pro,8835000,9300000,5,4.9,139,1024,1789,Điện Thoại - Máy Tính Bảng,OPPO,112,Nhà Sách FAHASA Official,True,True,True,out_of_stock,2024-10-28 00:00:00
100071,TIKI-915-000071,Áo sơ mi nam công sở dài tay cao cấp Aristino,208000,320000,35,4.8,75,356,915,Thời Trang Nam,Aristino,1,Tiki Trading,True,True,True,available,2024-10-27 00:00:00
100072,TIKI-8322-000072,Sách - Tư Duy Nhanh Và Chậm - Daniel Kahneman (NXB Trẻ),202500,270000,25,4.7,239,1191,8322,Nhà Sách Tiki,NXB Trẻ,201,Điện Máy Gia Dụng Xanh,False,True,True,available,2024-12-22 00:00:00
100073,TIKI-8322-000073,Sách - Tâm Lý Học Về Tiền - Morgan Housel (First News),208000,260000,20,4.8,426,2265,8322,Nhà Sách Tiki,First News,102,Apple Flagship Store,True,True,True,available,2024-09-21 00:00:00
100074,TIKI-1520-000074,Sữa rửa mặt tạo bọt sạch sâu se khít lỗ chân lông Vichy,607500,810000,25,4.7,87,477,1520,Làm Đẹp - Sức Khỏe,Vichy,108,Anker Official Mall,True,True,True,available,2024-01-28 00:00:00
100075,TIKI-1815-000075,Bàn phím cơ không dây JBL RGB Hot-swap,1800000,1800000,0,3.8,117,535,1815,Thiết Bị Số - Phụ Kiện Số,JBL,204,Phụ Kiện Công Nghệ Số 1,False,True,True,available,2024-03-23 00:00:00
100076,TIKI-1520-000076,Kem chống nắng kiểm soát dầu Vichy SPF 50+ PA++++ 50ml,703000,740000,5,4.7,25,192,1520,Làm Đẹp - Sức Khỏe,Vichy,102,Apple Flagship Store,True,False,True,available,2024-05-30 00:00:00
100077,TIKI-8322-000077,Sách - Tư Duy Nhanh Và Chậm - Daniel Kahneman (Nhã Nam),105000,150000,30,4.9,114,781,8322,Nhà Sách Tiki,Nhã Nam,204,Phụ Kiện Công Nghệ Số 1,False,True,True,available,2024-03-11 00:00:00
100078,TIKI-1883-000078,Kệ để đồ đa năng thông minh tiết kiệm diện tích Tupperware,440000,440000,0,4.9,47,288,1883,Nhà Cửa - Đời Sống,Tupperware,210,Mỹ Phẩm Xách Tay Authentic,False,True,True,low_stock,2024-12-04 00:00:00
100079,TIKI-8322-000079,Sách - Tư Duy Nhanh Và Chậm - Daniel Kahneman (First News),280000,400000,30,4.8,51,221,8322,Nhà Sách Tiki,First News,115,Coolmate Flagship Store,True,True,True,available,2024-12-24 00:00:00
100080,TIKI-1815-000080,Tai nghe không dây Bluetooth Sandisk Chống ồn chủ động ANC,3570000,5100000,30,3.2,193,1241,1815,Thiết Bị Số - Phụ Kiện Số,Sandisk,204,Phụ Kiện Công Nghệ Số 1,False,True,True,low_stock,2024-03-19 00:00:00
100081,TIKI-1815-000081,Tai nghe không dây Bluetooth Marshall Chống ồn chủ động ANC,900000,1500000,40,4.2,6,24,1815,Thiết Bị Số - Phụ Kiện Số,Marshall,204,Phụ Kiện Công Nghệ Số 1,False,True,True,available,2024-12-02 00:00:00
100082,TIKI-1883-000082,Kệ để đồ đa năng thông minh tiết kiệm diện tích Lock&Lock,150000,200000,25,4.5,240,1250,1883,Nhà Cửa - Đời Sống,Lock&Lock,201,Điện Máy Gia Dụng Xanh,False,False,True,available,2024-06-12 00:00:00
100083,TIKI-1883-000083,Bộ hộp cơm thủy tinh chịu nhiệt Tupperware Có túi giữ nhiệt cao cấp,320000,400000,20,2.5,169,921,1883,Nhà Cửa - Đời Sống,Tupperware,102,Apple Flagship Store,True,False,True,available,2024-02-21 00:00:00
100084,TIKI-1789-000084,Điện thoại thông minh OPPO Ultra 5G Max,9400000,9400000,0,4.8,11,56,1789,Điện Thoại - Máy Tính Bảng,OPPO,112,Nhà Sách FAHASA Official,True,True,True,available,2024-08-09 00:00:00
100085,TIKI-8322-000085,Sách - Kỹ Năng Quản Lý Thời Gian Cho Người Bận Rộn (First News),144000,160000,10,4.9,250,1572,8322,Nhà Sách Tiki,First News,105,Samsung Official Store,True,True,True,low_stock,2024-05-04 00:00:00
100086,TIKI-1815-000086,Bàn phím cơ không dây Logitech RGB Hot-swap,4880000,6100000,20,4.7,280,1566,1815,Thiết Bị Số - Phụ Kiện Số,Logitech,112,Nhà Sách FAHASA Official,True,False,True,available,2024-05-28 00:00:00
100087,TIKI-1789-000087,Máy tính bảng OPPO Tab Wifi + Cellular Pro,28490000,40700000,30,4.7,78,379,1789,Điện Thoại - Máy Tính Bảng,OPPO,112,Nhà Sách FAHASA Official,True,True,True,available,2024-07-16 00:00:00
100088,TIKI-8322-000088,Sách - Thiết Kế Cuộc Đời Đáng Sống - Designing Your Life (First News),240000,240000,0,3.8,133,629,8322,Nhà Sách Tiki,First News,112,Nhà Sách FAHASA Official,True,False,True,available,2024-10-17 00:00:00
100089,TIKI-1789-000089,Điện thoại gập Vivo Flip thế hệ mới,9850000,19700000,50,4.5,34,148,1789,Điện Thoại - Máy Tính Bảng,Vivo,112,Nhà Sách FAHASA Official,True,False,True,available,2024-05-09 00:00:00
100090,TIKI-1883-000090,Bình giữ nhiệt Inox 316 cao cấp Điện Quang Giữ nhiệt 24 giờ 800ml,120000,150000,20,4.7,9,46,1883,Nhà Cửa - Đời Sống,Điện Quang,102,Apple Flagship Store,True,True,True,low_stock,2024-03-09 00:00:00
100091,TIKI-1882-000091,Robot hút bụi lau nhà thông minh Sharp Laser LiDAR Tự động đổ rác,11100000,14800000,25,4.8,298,2156,1882,Điện Gia Dụng,Sharp,105,Samsung Official Store,True,True,True,low_stock,2024-05-12 00:00:00
100092,TIKI-1882-000092,Nồi chiên không dầu điện tử Kangaroo Dung tích 6.5L Giảm 85% dầu mỡ,3910000,4600000,15,4.5,159,1257,1882,Điện Gia Dụng,Kangaroo,102,Apple Flagship Store,True,True,True,available,2024-10-13 00:00:00
100093,TIKI-8322-000093,Sách - Thiết Kế Cuộc Đời Đáng Sống - Designing Your Life (NXB Trẻ),262500,350000,25,4.7,138,846,8322,Nhà Sách Tiki,NXB Trẻ,102,Apple Flagship Store,True,True,True,available,2024-11-23 00:00:00
100094,TIKI-1815-000094,Tai nghe không dây Bluetooth UGREEN Chống ồn chủ động ANC,2200000,4400000,50,4.9,12,86,1815,Thiết Bị Số - Phụ Kiện Số,UGREEN,210,Mỹ Phẩm Xách Tay Authentic,False,True,True,available,2024-12-25 00:00:00
100095,TIKI-1789-000095,Điện thoại Samsung Pro Max 128GB Chính Hãng VN/A,31540000,33200000,5,4.9,266,1093,1789,Điện Thoại - Máy Tính Bảng,Samsung,112,Nhà Sách FAHASA Official,True,True,True,available,2024-08-21 00:00:00
100096,TIKI-915-000096,Quần dài Kaki dáng Slimfit co giãn tôn dáng Biluxury,598500,630000,5,4.5,119,919,915,Thời Trang Nam,Biluxury,105,Samsung Official Store,True,True,True,available,2024-05-24 00:00:00
100097,TIKI-1815-000097,Bàn phím cơ không dây UGREEN RGB Hot-swap,1125000,1500000,25,4.8,462,2362,1815,Thiết Bị Số - Phụ Kiện Số,UGREEN,115,Coolmate Flagship Store,True,True,True,available,2024-07-23 00:00:00
100098,TIKI-1789-000098,Điện thoại gập ASUS Flip thế hệ mới,20400000,40800000,50,3.8,11,55,1789,Điện Thoại - Máy Tính Bảng,ASUS,108,Anker Official Mall,True,False,True,available,2024-03-06 00:00:00
100099,TIKI-1883-000099,Bình giữ nhiệt Inox 316 cao cấp Rạng Đông Giữ nhiệt 24 giờ 800ml,292500,390000,25,4.7,191,1180,1883,Nhà Cửa - Đời Sống,Rạng Đông,108,Anker Official Mall,True,True,True,out_of_stock,2024-05-22 00:00:00
100100,TIKI-1520-000100,Serum phục hồi làm dịu da cấp ẩm Innisfree Niacinamide 10%,310000,310000,0,4.8,191,1174,1520,Làm Đẹp - Sức Khỏe,Innisfree,1,Tiki Trading,True,True,True,available,2024-01-10 00:00:00
100101,TIKI-1815-000101,Loa Bluetooth di động Sandisk Âm bass mạnh mẽ chống nước IPX7,4095000,6300000,35,4.7,91,363,1815,Thiết Bị Số - Phụ Kiện Số,Sandisk,102,Apple Flagship Store,True,True,True,low_stock,2024-09-15 00:00:00
100102,TIKI-1789-000102,Máy tính bảng Realme Tab Wifi + Cellular V2,7215000,11100000,35,4.5,71,282,1789,Điện Thoại - Máy Tính Bảng,Realme,1,Tiki Trading,True,True,True,available,2024-12-31 00:00:00
100103,TIKI-1789-000103,Điện thoại thông minh Xiaomi Ultra 5G 128GB,11000000,22000000,50,4.7,100,496,1789,Điện Thoại - Máy Tính Bảng,Xiaomi,105,Samsung Official Store,True,False,True,available,2024-11-02 00:00:00
100104,TIKI-1520-000104,Sữa rửa mặt tạo bọt sạch sâu se khít lỗ chân lông Laneige,588000,980000,40,4.7,34,188,1520,Làm Đẹp - Sức Khỏe,Laneige,102,Apple Flagship Store,True,True,True,available,2024-04-27 00:00:00
100105,TIKI-8322-000105,Sách - Tư Duy Nhanh Và Chậm - Daniel Kahneman (Nhã Nam),182000,260000,30,4.8,40,311,8322,Nhà Sách Tiki,Nhã Nam,102,Apple Flagship Store,True,True,True,available,2024-12-18 00:00:00
100106,TIKI-1883-000106,Bộ hộp cơm thủy tinh chịu nhiệt Duy Tân Có túi giữ nhiệt cao cấp,513000,570000,10,4.8,110,662,1883,Nhà Cửa - Đời Sống,Duy Tân,102,Apple Flagship Store,True,False,True,available,2024-06-18 00:00:00
100107,TIKI-1882-000107,Nồi chiên không dầu điện tử Sharp Dung tích 6.5L Giảm 85% dầu mỡ,6675000,8900000,25,4.9,89,373,1882,Điện Gia Dụng,Sharp,220,Thời Trang Bụi Phố,False,True,True,available,2024-09-04 00:00:00
100108,TIKI-1882-000108,Nồi chiên không dầu điện tử Kangaroo Dung tích 6.5L Giảm 85% dầu mỡ,4690000,6700000,30,4.5,445,3196,1882,Điện Gia Dụng,Kangaroo,112,Nhà Sách FAHASA Official,True,False,True,available,2024-11-11 00:00:00
100109,TIKI-1789-000109,Máy tính bảng Vivo Tab Wifi + Cellular 128GB,17520000,21900000,20,4.2,56,241,1789,Điện Thoại - Máy Tính Bảng,Vivo,105,Samsung Official Store,True,False,True,available,2024-03-15 00:00:00
100110,TIKI-1789-000110,Điện thoại Samsung Pro Max 128GB Chính Hãng VN/A,13300000,19000000,30,4.8,55,284,1789,Điện Thoại - Máy Tính Bảng,Samsung,210,Mỹ Phẩm Xách Tay Authentic,False,False,True,available,2024-06-16 00:00:00
100111,TIKI-1789-000111,Điện thoại thông minh Samsung Ultra 5G 2024 Edition,9975000,10500000,5,4.9,135,767,1789,Điện Thoại - Máy Tính Bảng,Samsung,220,Thời Trang Bụi Phố,False,True,True,available,2024-08-15 00:00:00
100112,TIKI-1883-000112,Bộ hộp cơm thủy tinh chịu nhiệt Rạng Đông Có túi giữ nhiệt cao cấp,192000,240000,20,4.7,112,657,1883,Nhà Cửa - Đời Sống,Rạng Đông,201,Điện Máy Gia Dụng Xanh,False,True,True,available,2024-06-07 00:00:00
100113,TIKI-1520-000113,Kem chống nắng kiểm soát dầu La Roche-Posay SPF 50+ PA++++ 50ml,378000,420000,10,4.7,46,185,1520,Làm Đẹp - Sức Khỏe,La Roche-Posay,112,Nhà Sách FAHASA Official,True,False,True,available,2024-09-12 00:00:00
100114,TIKI-1815-000114,Loa Bluetooth di động Sandisk Âm bass mạnh mẽ chống nước IPX7,4020000,6700000,40,4.5,201,768,1815,Thiết Bị Số - Phụ Kiện Số,Sandisk,108,Anker Official Mall,True,True,True,available,2024-01-23 00:00:00
100115,TIKI-1789-000115,Máy tính bảng ASUS Tab Wifi + Cellular Pro,26110000,37300000,30,4.7,69,277,1789,Điện Thoại - Máy Tính Bảng,ASUS,201,Điện Máy Gia Dụng Xanh,False,True,True,available,2024-01-12 00:00:00
100116,TIKI-1520-000116,Nước tẩy trang dịu nhẹ cho da nhạy cảm Vichy Micellar Water 400ml,238000,280000,15,4.8,66,254,1520,Làm Đẹp - Sức Khỏe,Vichy,201,Điện Máy Gia Dụng Xanh,False,False,True,available,2024-06-08 00:00:00
100117,TIKI-1882-000117,Nồi chiên không dầu điện tử Tefal Dung tích 6.5L Giảm 85% dầu mỡ,8700000,14500000,40,4.9,184,934,1882,Điện Gia Dụng,Tefal,102,Apple Flagship Store,True,True,True,available,2024-11-27 00:00:00
100118,TIKI-1815-000118,Củ sạc nhanh JBL GaN 65W Cổng Type-C PD Quick Charge,2090000,2200000,5,4.9,182,1041,1815,Thiết Bị Số - Phụ Kiện Số,JBL,220,Thời Trang Bụi Phố,False,False,True,available,2024-10-16 00:00:00
100119,TIKI-1520-000119,Kem dưỡng ẩm tái tạo phục hồi màng bảo vệ da The Ordinary 50ml,221000,340000,35,4.9,75,364,1520,Làm Đẹp - Sức Khỏe,The Ordinary,115,Coolmate Flagship Store,True,False,True,available,2024-05-21 00:00:00
100120,TIKI-1520-000120,Nước tẩy trang dịu nhẹ cho da nhạy cảm La Roche-Posay Micellar Water 400ml,190000,190000,0,4.8,45,288,1520,Làm Đẹp - Sức Khỏe,La Roche-Posay,204,Phụ Kiện Công Nghệ Số 1,False,False,True,available,2024-02-17 00:00:00
100121,TIKI-8322-000121,Sách - Đắc Nhân Tâm - Khổ Lớn Đặc Biệt (Nhã Nam),170000,340000,50,4.7,51,287,8322,Nhà Sách Tiki,Nhã Nam,1,Tiki Trading,True,True,True,available,2024-03-19 00:00:00
100122,TIKI-1883-000122,Bộ hộp cơm thủy tinh chịu nhiệt Lock&Lock Có túi giữ nhiệt cao cấp,127500,150000,15,4.7,570,3339,1883,Nhà Cửa - Đời Sống,Lock&Lock,105,Samsung Official Store,True,True,True,available,2024-11-09 00:00:00
100123,TIKI-1882-000123,Nồi cơm điện cao tần Sharp Lòng nồi chống dính cao cấp,1725000,2300000,25,4.9,16,104,1882,Điện Gia Dụng,Sharp,115,Coolmate Flagship Store,True,True,True,available,2024-05-26 00:00:00
100124,TIKI-915-000124,Quần lót nam Boxer sợi Modal kháng khuẩn công nghệ may Seamless Owen,210000,280000,25,4.8,133,861,915,Thời Trang Nam,Owen,102,Apple Flagship Store,True,False,True,available,2024-03-08 00:00:00
100125,TIKI-1789-000125,Điện thoại gập Xiaomi Flip thế hệ mới,8700000,14500000,40,4.9,138,798,1789,Điện Thoại - Máy Tính Bảng,Xiaomi,115,Coolmate Flagship Store,True,True,True,available,2024-01-11 00:00:00
100126,TIKI-1815-000126,Bàn phím cơ không dây Marshall RGB Hot-swap,1800000,2000000,10,4.9,228,901,1815,Thiết Bị Số - Phụ Kiện Số,Marshall,108,Anker Official Mall,True,False,True,low_stock,2024-10-04 00:00:00
100127,TIKI-1789-000127,Máy tính bảng Realme Tab Wifi + Cellular 2024 Edition,7350000,14700000,50,4.8,26,188,1789,Điện Thoại - Máy Tính Bảng,Realme,220,Thời Trang Bụi Phố,False,True,True,available,2024-11-16 00:00:00
100128,TIKI-1789-000128,Máy tính bảng OPPO Tab Wifi + Cellular Max,15350000,30700000,50,4.9,170,938,1789,Điện Thoại - Máy Tính Bảng,OPPO,108,Anker Official Mall,True,True,True,available,2024-10-01 00:00:00
100129,TIKI-1883-000129,Bình giữ nhiệt Inox 316 cao cấp Tupperware Giữ nhiệt 24 giờ 800ml,429000,660000,35,4.7,185,1066,1883,Nhà Cửa - Đời Sống,Tupperware,220,Thời Trang Bụi Phố,False,True,True,available,2024-08-03 00:00:00
100130,TIKI-1883-000130,Bình giữ nhiệt Inox 316 cao cấp Rạng Đông Giữ nhiệt 24 giờ 800ml,104000,160000,35,4.5,102,404,1883,Nhà Cửa - Đời Sống,Rạng Đông,112,Nhà Sách FAHASA Official,True,True,True,available,2024-09-22 00:00:00
100131,TIKI-1883-000131,Kệ để đồ đa năng thông minh tiết kiệm diện tích Inochi,196000,280000,30,4.9,294,2109,1883,Nhà Cửa - Đời Sống,Inochi,210,Mỹ Phẩm Xách Tay Authentic,False,True,True,available,2024-06-28 00:00:00
100132,TIKI-8322-000132,Sách - Thiết Kế Cuộc Đời Đáng Sống - Designing Your Life (First News),82500,110000,25,4.9,51,201,8322,Nhà Sách Tiki,First News,201,Điện Máy Gia Dụng Xanh,False,True,True,available,2024-11-29 00:00:00
100133,TIKI-1815-000133,Chuột không dây công thái học Sony Silent Click,1300000,2000000,35,4.8,5,19,1815,Thiết Bị Số - Phụ Kiện Số,Sony,204,Phụ Kiện Công Nghệ Số 1,False,True,True,available,2024-05-12 00:00:00
100134,TIKI-1520-000134,Kem dưỡng ẩm tái tạo phục hồi màng bảo vệ da The Ordinary 50ml,232000,290000,20,4.9,20,91,1520,Làm Đẹp - Sức Khỏe,The Ordinary,201,Điện Máy Gia Dụng Xanh,False,False,True,available,2024-11-24 00:00:00
100135,TIKI-1789-000135,Điện thoại gập ASUS Flip thế hệ mới,5280000,8800000,40,4.8,157,755,1789,Điện Thoại - Máy Tính Bảng,ASUS,210,Mỹ Phẩm Xách Tay Authentic,False,False,True,available,2024-01-02 00:00:00
100136,TIKI-1520-000136,Serum phục hồi làm dịu da cấp ẩm Vichy Niacinamide 10%,615000,820000,25,4.9,94,543,1520,Làm Đẹp - Sức Khỏe,Vichy,102,Apple Flagship Store,True,False,True,available,2024-09-17 00:00:00
100137,TIKI-1883-000137,Bộ hộp cơm thủy tinh chịu nhiệt Tupperware Có túi giữ nhiệt cao cấp,456000,570000,20,4.7,58,220,1883,Nhà Cửa - Đời Sống,Tupperware,201,Điện Máy Gia Dụng Xanh,False,False,True,available,2024-05-04 00:00:00
100138,TIKI-1789-000138,Máy tính bảng ASUS Tab Wifi + Cellular 256GB,15600000,26000000,40,4.8,128,926,1789,Điện Thoại - Máy Tính Bảng,ASUS,1,Tiki Trading,True,True,True,out_of_stock,2024-12-17 00:00:00
100139,TIKI-8322-000139,Sách - Nhà Giả Kim - Paulo Coelho (NXB Phụ Nữ),65000,100000,35,4.9,32,225,8322,Nhà Sách Tiki,NXB Phụ Nữ,105,Samsung Official Store,True,True,True,low_stock,2024-01-23 00:00:00
100140,TIKI-1520-000140,Kem dưỡng ẩm tái tạo phục hồi màng bảo vệ da Vichy 50ml,161500,190000,15,4.9,242,899,1520,Làm Đẹp - Sức Khỏe,Vichy,112,Nhà Sách FAHASA Official,True,True,True,available,2024-12-02 00:00:00
100141,TIKI-1883-000141,Bộ lau nhà tự vắt thông minh xoay 360 độ Lock&Lock,442500,590000,25,3.8,87,499,1883,Nhà Cửa - Đời Sống,Lock&Lock,204,Phụ Kiện Công Nghệ Số 1,False,True,True,available,2024-09-23 00:00:00
100142,TIKI-915-000142,Áo thun nam Cotton Compact chống nhăn co giãn Canifa,198000,330000,40,4.9,17,84,915,Thời Trang Nam,Canifa,220,Thời Trang Bụi Phố,False,True,True,available,2024-06-01 00:00:00
100143,TIKI-915-000143,Quần lót nam Boxer sợi Modal kháng khuẩn công nghệ may Seamless Canifa,351000,540000,35,4.9,249,1266,915,Thời Trang Nam,Canifa,204,Phụ Kiện Công Nghệ Số 1,False,True,True,available,2024-08-11 00:00:00
100144,TIKI-1883-000144,Bộ hộp cơm thủy tinh chịu nhiệt Duy Tân Có túi giữ nhiệt cao cấp,336000,560000,40,4.5,141,1098,1883,Nhà Cửa - Đời Sống,Duy Tân,201,Điện Máy Gia Dụng Xanh,False,False,True,available,2024-03-15 00:00:00
100145,TIKI-8322-000145,Sách - Nhà Giả Kim - Paulo Coelho (NXB Trẻ),217500,290000,25,4.8,105,653,8322,Nhà Sách Tiki,NXB Trẻ,108,Anker Official Mall,True,True,True,low_stock,2024-12-14 00:00:00
100146,TIKI-1882-000146,Nồi chiên không dầu điện tử Cosori Dung tích 6.5L Giảm 85% dầu mỡ,10875000,14500000,25,4.8,130,601,1882,Điện Gia Dụng,Cosori,105,Samsung Official Store,True,True,True,available,2024-02-29 00:00:00
100147,TIKI-8322-000147,Sách - Tư Duy Nhanh Và Chậm - Daniel Kahneman (First News),176000,220000,20,4.7,33,206,8322,Nhà Sách Tiki,First News,102,Apple Flagship Store,True,True,True,available,2024-12-22 00:00:00
100148,TIKI-1815-000148,Bàn phím cơ không dây Anker RGB Hot-swap,1050000,1400000,25,4.7,153,914,1815,Thiết Bị Số - Phụ Kiện Số,Anker,204,Phụ Kiện Công Nghệ Số 1,False,True,True,low_stock,2024-05-29 00:00:00
100149,TIKI-915-000149,Quần lót nam Boxer sợi Modal kháng khuẩn công nghệ may Seamless Biluxury,637500,750000,15,4.9,31,127,915,Thời Trang Nam,Biluxury,115,Coolmate Flagship Store,True,True,True,available,2024-09-10 00:00:00
100150,TIKI-1520-000150,Sữa rửa mặt tạo bọt sạch sâu se khít lỗ chân lông Innisfree,155000,310000,50,4.5,13,68,1520,Làm Đẹp - Sức Khỏe,Innisfree,210,Mỹ Phẩm Xách Tay Authentic,False,False,True,available,2024-09-03 00:00:00
100151,TIKI-8322-000151,Sách - Tâm Lý Học Về Tiền - Morgan Housel (First News),65000,100000,35,4.8,92,375,8322,Nhà Sách Tiki,First News,115,Coolmate Flagship Store,True,False,True,available,2024-10-10 00:00:00
100152,TIKI-1883-000152,Bộ lau nhà tự vắt thông minh xoay 360 độ Inochi,150000,250000,40,4.9,26,128,1883,Nhà Cửa - Đời Sống,Inochi,1,Tiki Trading,True,True,True,available,2024-12-30 00:00:00
100153,TIKI-1520-000153,Kem chống nắng kiểm soát dầu Innisfree SPF 50+ PA++++ 50ml,576000,960000,40,4.9,122,764,1520,Làm Đẹp - Sức Khỏe,Innisfree,108,Anker Official Mall,True,False,True,available,2024-02-18 00:00:00
100154,TIKI-1520-000154,Serum phục hồi làm dịu da cấp ẩm Laneige Niacinamide 10%,535000,1070000,50,4.8,314,1157,1520,Làm Đẹp - Sức Khỏe,Laneige,220,Thời Trang Bụi Phố,False,True,True,available,2024-01-16 00:00:00
100155,TIKI-915-000155,Áo sơ mi nam công sở dài tay cao cấp Aristino,315000,630000,50,4.7,87,550,915,Thời Trang Nam,Aristino,108,Anker Official Mall,True,False,True,low_stock,2024-05-29 00:00:00
100156,TIKI-8322-000156,Sách - Nguyên Lý Big Data & Học Máy Ứng Dụng (NXB Kim Đồng),162500,250000,35,4.9,12,65,8322,Nhà Sách Tiki,NXB Kim Đồng,201,Điện Máy Gia Dụng Xanh,False,True,True,available,2024-09-05 00:00:00
100157,TIKI-1520-000157,Nước tẩy trang dịu nhẹ cho da nhạy cảm L'Oreal Paris Micellar Water 400ml,810000,1080000,25,3.8,21,108,1520,Làm Đẹp - Sức Khỏe,L'Oreal Paris,115,Coolmate Flagship Store,True,True,True,available,2024-10-15 00:00:00
100158,TIKI-8322-000158,Sách - Thiết Kế Cuộc Đời Đáng Sống - Designing Your Life (NXB Trẻ),142500,150000,5,4.9,353,2608,8322,Nhà Sách Tiki,NXB Trẻ,108,Anker Official Mall,True,True,True,low_stock,2024-08-03 00:00:00
100159,TIKI-1815-000159,Loa Bluetooth di động Marshall Âm bass mạnh mẽ chống nước IPX7,2430000,2700000,10,4.8,91,522,1815,Thiết Bị Số - Phụ Kiện Số,Marshall,115,Coolmate Flagship Store,True,True,True,available,2024-06-07 00:00:00
100160,TIKI-8322-000160,Sách - Tư Duy Nhanh Và Chậm - Daniel Kahneman (First News),280000,280000,0,4.9,86,642,8322,Nhà Sách Tiki,First News,108,Anker Official Mall,True,False,True,available,2024-12-01 00:00:00
100161,TIKI-1520-000161,Kem chống nắng kiểm soát dầu La Roche-Posay SPF 50+ PA++++ 50ml,360000,480000,25,4.7,59,312,1520,Làm Đẹp - Sức Khỏe,La Roche-Posay,105,Samsung Official Store,True,False,True,available,2024-10-19 00:00:00
100162,TIKI-1520-000162,Kem chống nắng kiểm soát dầu Innisfree SPF 50+ PA++++ 50ml,432000,720000,40,4.9,547,3589,1520,Làm Đẹp - Sức Khỏe,Innisfree,210,Mỹ Phẩm Xách Tay Authentic,False,True,True,out_of_stock,2024-03-02 00:00:00
100163,TIKI-8322-000163,Sách - Nguyên Lý Big Data & Học Máy Ứng Dụng (Alpha Books),261000,290000,10,4.9,90,517,8322,Nhà Sách Tiki,Alpha Books,210,Mỹ Phẩm Xách Tay Authentic,False,True,True,available,2024-01-25 00:00:00
100164,TIKI-1882-000164,Máy xay sinh tố cầm tay đa năng Cosori Lưỡi dao inox 304,12690000,14100000,10,4.8,118,499,1882,Điện Gia Dụng,Cosori,105,Samsung Official Store,True,False,True,available,2024-11-12 00:00:00
100165,TIKI-1520-000165,Kem dưỡng ẩm tái tạo phục hồi màng bảo vệ da Innisfree 50ml,539500,830000,35,4.7,47,337,1520,Làm Đẹp - Sức Khỏe,Innisfree,210,Mỹ Phẩm Xách Tay Authentic,False,True,True,available,2024-07-08 00:00:00
100166,TIKI-8322-000166,Sách - Thiết Kế Cuộc Đời Đáng Sống - Designing Your Life (First News),288000,360000,20,3.8,188,1314,8322,Nhà Sách Tiki,First News,1,Tiki Trading,True,True,True,available,2024-10-23 00:00:00
100167,TIKI-1520-000167,Serum phục hồi làm dịu da cấp ẩm Vichy Niacinamide 10%,798000,1140000,30,4.9,142,517,1520,Làm Đẹp - Sức Khỏe,Vichy,220,Thời Trang Bụi Phố,False,True,True,available,2024-12-25 00:00:00
100168,TIKI-8322-000168,Sách - Tư Duy Nhanh Và Chậm - Daniel Kahneman (Alpha Books),133000,190000,30,4.8,118,663,8322,Nhà Sách Tiki,Alpha Books,201,Điện Máy Gia Dụng Xanh,False,False,True,available,2024-02-02 00:00:00
100169,TIKI-1815-000169,Cáp sạc đa năng Marshall bọc dù siêu bền truyền dữ liệu tốc độ cao,3825000,5100000,25,3.8,78,460,1815,Thiết Bị Số - Phụ Kiện Số,Marshall,210,Mỹ Phẩm Xách Tay Authentic,False,True,True,available,2024-10-07 00:00:00
100170,TIKI-1883-000170,Kệ để đồ đa năng thông minh tiết kiệm diện tích Điện Quang,289000,340000,15,4.9,47,363,1883,Nhà Cửa - Đời Sống,Điện Quang,204,Phụ Kiện Công Nghệ Số 1,False,True,True,available,2024-06-02 00:00:00
100171,TIKI-915-000171,Quần dài Kaki dáng Slimfit co giãn tôn dáng Biluxury,324000,540000,40,4.2,195,922,915,Thời Trang Nam,Biluxury,204,Phụ Kiện Công Nghệ Số 1,False,False,True,available,2024-03-04 00:00:00
100172,TIKI-8322-000172,Sách - Nguyên Lý Big Data & Học Máy Ứng Dụng (Nhã Nam),240000,240000,0,4.9,155,784,8322,Nhà Sách Tiki,Nhã Nam,105,Samsung Official Store,True,False,True,available,2024-08-15 00:00:00
100173,TIKI-8322-000173,Sách - Nhà Giả Kim - Paulo Coelho (NXB Kim Đồng),138000,230000,40,4.7,22,137,8322,Nhà Sách Tiki,NXB Kim Đồng,210,Mỹ Phẩm Xách Tay Authentic,False,True,True,available,2024-10-28 00:00:00
100174,TIKI-915-000174,Quần lót nam Boxer sợi Modal kháng khuẩn công nghệ may Seamless Owen,152000,160000,5,4.8,156,616,915,Thời Trang Nam,Owen,108,Anker Official Mall,True,True,True,low_stock,2024-03-12 00:00:00
100175,TIKI-1815-000175,Cáp sạc đa năng Sandisk bọc dù siêu bền truyền dữ liệu tốc độ cao,2240000,2800000,20,4.8,129,978,1815,Thiết Bị Số - Phụ Kiện Số,Sandisk,204,Phụ Kiện Công Nghệ Số 1,False,False,True,available,2024-02-16 00:00:00
100176,TIKI-1520-000176,Kem chống nắng kiểm soát dầu The Ordinary SPF 50+ PA++++ 50ml,370000,370000,0,2.5,65,372,1520,Làm Đẹp - Sức Khỏe,The Ordinary,201,Điện Máy Gia Dụng Xanh,False,True,True,available,2024-05-29 00:00:00
100177,TIKI-1520-000177,Kem chống nắng kiểm soát dầu Laneige SPF 50+ PA++++ 50ml,438000,730000,40,4.8,269,1103,1520,Làm Đẹp - Sức Khỏe,Laneige,112,Nhà Sách FAHASA Official,True,True,True,available,2024-09-16 00:00:00
100178,TIKI-1883-000178,Kệ để đồ đa năng thông minh tiết kiệm diện tích Duy Tân,378000,420000,10,4.9,54,260,1883,Nhà Cửa - Đời Sống,Duy Tân,204,Phụ Kiện Công Nghệ Số 1,False,True,True,available,2024-12-12 00:00:00
100179,TIKI-1883-000179,Bộ lau nhà tự vắt thông minh xoay 360 độ Điện Quang,562500,750000,25,4.9,137,593,1883,Nhà Cửa - Đời Sống,Điện Quang,201,Điện Máy Gia Dụng Xanh,False,True,True,available,2024-03-13 00:00:00
100180,TIKI-1815-000180,Chuột không dây công thái học Sony Silent Click,4800000,6000000,20,3.8,48,324,1815,Thiết Bị Số - Phụ Kiện Số,Sony,108,Anker Official Mall,True,True,True,available,2024-01-07 00:00:00
100181,TIKI-915-000181,Áo thun nam Cotton Compact chống nhăn co giãn An Phước,552000,690000,20,4.9,144,1102,915,Thời Trang Nam,An Phước,102,Apple Flagship Store,True,True,True,available,2024-12-27 00:00:00
100182,TIKI-915-000182,Áo sơ mi nam công sở dài tay cao cấp Routine,342000,380000,10,4.8,77,612,915,Thời Trang Nam,Routine,108,Anker Official Mall,True,True,True,available,2024-07-11 00:00:00
100183,TIKI-8322-000183,Sách - Nguyên Lý Big Data & Học Máy Ứng Dụng (First News),105000,210000,50,4.5,15,82,8322,Nhà Sách Tiki,First News,108,Anker Official Mall,True,True,True,available,2024-12-27 00:00:00
100184,TIKI-1520-000184,Kem chống nắng kiểm soát dầu La Roche-Posay SPF 50+ PA++++ 50ml,671500,790000,15,4.8,24,119,1520,Làm Đẹp - Sức Khỏe,La Roche-Posay,210,Mỹ Phẩm Xách Tay Authentic,False,True,True,available,2024-09-24 00:00:00
100185,TIKI-1815-000185,Tai nghe không dây Bluetooth UGREEN Chống ồn chủ động ANC,650000,1000000,35,4.9,69,416,1815,Thiết Bị Số - Phụ Kiện Số,UGREEN,204,Phụ Kiện Công Nghệ Số 1,False,True,True,available,2024-10-14 00:00:00
100186,TIKI-1882-000186,Nồi cơm điện cao tần Philips Lòng nồi chống dính cao cấp,3250000,6500000,50,4.9,71,472,1882,Điện Gia Dụng,Philips,1,Tiki Trading,True,True,True,low_stock,2024-10-05 00:00:00
100187,TIKI-1789-000187,Điện thoại OPPO Pro Max 512GB Chính Hãng VN/A,15480000,17200000,10,4.7,464,2972,1789,Điện Thoại - Máy Tính Bảng,OPPO,201,Điện Máy Gia Dụng Xanh,False,True,True,out_of_stock,2024-08-04 00:00:00
100188,TIKI-8322-000188,Sách - Nguyên Lý Big Data & Học Máy Ứng Dụng (Nhã Nam),66000,110000,40,4.9,241,972,8322,Nhà Sách Tiki,Nhã Nam,201,Điện Máy Gia Dụng Xanh,False,True,True,available,2024-10-03 00:00:00
100189,TIKI-915-000189,Áo thun nam Cotton Compact chống nhăn co giãn An Phước,312000,480000,35,4.7,99,583,915,Thời Trang Nam,An Phước,1,Tiki Trading,True,True,True,available,2024-04-28 00:00:00
100190,TIKI-1815-000190,Củ sạc nhanh JBL GaN 65W Cổng Type-C PD Quick Charge,490000,700000,30,4.7,335,2512,1815,Thiết Bị Số - Phụ Kiện Số,JBL,102,Apple Flagship Store,True,True,True,available,2024-05-04 00:00:00
100191,TIKI-1520-000191,Sữa rửa mặt tạo bọt sạch sâu se khít lỗ chân lông La Roche-Posay,460000,460000,0,4.8,37,165,1520,Làm Đẹp - Sức Khỏe,La Roche-Posay,1,Tiki Trading,True,True,True,available,2024-01-30 00:00:00
100192,TIKI-1882-000192,Máy xay sinh tố cầm tay đa năng Sunhouse Lưỡi dao inox 304,7820000,9200000,15,4.8,23,148,1882,Điện Gia Dụng,Sunhouse,220,Thời Trang Bụi Phố,False,True,True,available,2024-04-24 00:00:00
100193,TIKI-1789-000193,Điện thoại thông minh Vivo Ultra 5G Max,23660000,36400000,35,4.9,55,351,1789,Điện Thoại - Máy Tính Bảng,Vivo,201,Điện Máy Gia Dụng Xanh,False,False,True,available,2024-07-15 00:00:00
100194,TIKI-8322-000194,Sách - Nhà Giả Kim - Paulo Coelho (Nhã Nam),102000,170000,40,4.8,232,1125,8322,Nhà Sách Tiki,Nhã Nam,201,Điện Máy Gia Dụng Xanh,False,True,True,available,2024-12-29 00:00:00
100195,TIKI-1789-000195,Điện thoại gập Vivo Flip thế hệ mới,31590000,35100000,10,4.8,40,199,1789,Điện Thoại - Máy Tính Bảng,Vivo,210,Mỹ Phẩm Xách Tay Authentic,False,True,True,available,2024-02-11 00:00:00
100196,TIKI-1789-000196,Điện thoại thông minh Vivo Ultra 5G 128GB,13650000,27300000,50,4.7,253,1099,1789,Điện Thoại - Máy Tính Bảng,Vivo,112,Nhà Sách FAHASA Official,True,False,True,available,2024-10-28 00:00:00
100197,TIKI-1815-000197,Củ sạc nhanh UGREEN GaN 65W Cổng Type-C PD Quick Charge,4100000,4100000,0,4.9,30,205,1815,Thiết Bị Số - Phụ Kiện Số,UGREEN,115,Coolmate Flagship Store,True,True,True,available,2024-09-03 00:00:00
100198,TIKI-915-000198,Quần dài Kaki dáng Slimfit co giãn tôn dáng An Phước,408000,510000,20,4.8,96,491,915,Thời Trang Nam,An Phước,210,Mỹ Phẩm Xách Tay Authentic,False,True,True,available,2024-05-14 00:00:00
100199,TIKI-8322-000199,Sách - Tâm Lý Học Về Tiền - Morgan Housel (Nhã Nam),221000,260000,15,4.8,69,416,8322,Nhà Sách Tiki,Nhã Nam,204,Phụ Kiện Công Nghệ Số 1,False,False,True,available,2024-04-24 00:00:00
100200,TIKI-1882-000200,Máy lọc không khí Sharp Màng lọc HEPA diệt khuẩn khử mùi,7990000,9400000,15,4.8,220,1264,1882,Điện Gia Dụng,Sharp,108,Anker Official Mall,True,False,True,available,2024-12-02 00:00:00
100201,TIKI-1883-000201,Bộ lau nhà tự vắt thông minh xoay 360 độ Tupperware,495000,550000,10,4.9,99,428,1883,Nhà Cửa - Đời Sống,Tupperware,105,Samsung Official Store,True,False,True,low_stock,2024-10-05 00:00:00
100202,TIKI-1520-000202,Kem chống nắng kiểm soát dầu La Roche-Posay SPF 50+ PA++++ 50ml,1120000,1120000,0,4.8,226,1026,1520,Làm Đẹp - Sức Khỏe,La Roche-Posay,1,Tiki Trading,True,True,True,available,2024-12-29 00:00:00
100203,TIKI-1520-000203,Nước tẩy trang dịu nhẹ cho da nhạy cảm Vichy Micellar Water 400ml,480000,960000,50,4.2,134,478,1520,Làm Đẹp - Sức Khỏe,Vichy,220,Thời Trang Bụi Phố,False,False,True,available,2024-09-30 00:00:00
100204,TIKI-1789-000204,Máy tính bảng Vivo Tab Wifi + Cellular Pro,5280000,8800000,40,4.5,139,990,1789,Điện Thoại - Máy Tính Bảng,Vivo,112,Nhà Sách FAHASA Official,True,True,True,low_stock,2024-04-02 00:00:00
100205,TIKI-1520-000205,Serum phục hồi làm dịu da cấp ẩm L'Oreal Paris Niacinamide 10%,656000,820000,20,4.5,42,222,1520,Làm Đẹp - Sức Khỏe,L'Oreal Paris,220,Thời Trang Bụi Phố,False,True,True,available,2024-07-11 00:00:00
100206,TIKI-1815-000206,Chuột không dây công thái học Logitech Silent Click,665000,700000,5,4.8,61,344,1815,Thiết Bị Số - Phụ Kiện Số,Logitech,102,Apple Flagship Store,True,True,True,available,2024-11-23 00:00:00
100207,TIKI-1789-000207,Điện thoại gập OPPO Flip thế hệ mới,35055000,36900000,5,4.5,306,1387,1789,Điện Thoại - Máy Tính Bảng,OPPO,115,Coolmate Flagship Store,True,False,True,available,2024-12-21 00:00:00
100208,TIKI-1789-000208,Máy tính bảng Apple Tab Wifi + Cellular Pro,41600000,41600000,0,4.9,232,828,1789,Điện Thoại - Máy Tính Bảng,Apple,220,Thời Trang Bụi Phố,False,False,True,available,2024-04-17 00:00:00
100209,TIKI-1883-000209,Bộ lau nhà tự vắt thông minh xoay 360 độ Điện Quang,150000,300000,50,4.9,220,1155,1883,Nhà Cửa - Đời Sống,Điện Quang,112,Nhà Sách FAHASA Official,True,True,True,available,2024-10-04 00:00:00
100210,TIKI-915-000210,Áo thun nam Cotton Compact chống nhăn co giãn An Phước,152000,160000,5,4.8,223,1122,915,Thời Trang Nam,An Phước,115,Coolmate Flagship Store,True,False,True,available,2024-11-11 00:00:00
100211,TIKI-1883-000211,Bộ hộp cơm thủy tinh chịu nhiệt Lock&Lock Có túi giữ nhiệt cao cấp,435500,670000,35,4.9,101,524,1883,Nhà Cửa - Đời Sống,Lock&Lock,112,Nhà Sách FAHASA Official,True,False,True,available,2024-04-06 00:00:00
100212,TIKI-8322-000212,Sách - Nguyên Lý Big Data & Học Máy Ứng Dụng (NXB Trẻ),199500,210000,5,4.9,25,167,8322,Nhà Sách Tiki,NXB Trẻ,112,Nhà Sách FAHASA Official,True,True,True,available,2024-11-21 00:00:00
100213,TIKI-1882-000213,Nồi chiên không dầu điện tử Kangaroo Dung tích 6.5L Giảm 85% dầu mỡ,5720000,8800000,35,4.8,42,172,1882,Điện Gia Dụng,Kangaroo,1,Tiki Trading,True,True,True,available,2024-04-06 00:00:00
100214,TIKI-1520-000214,Sữa rửa mặt tạo bọt sạch sâu se khít lỗ chân lông Laneige,195000,260000,25,4.8,114,801,1520,Làm Đẹp - Sức Khỏe,Laneige,1,Tiki Trading,True,True,True,available,2024-07-17 00:00:00
100215,TIKI-8322-000215,Sách - Kỹ Năng Quản Lý Thời Gian Cho Người Bận Rộn (NXB Trẻ),351000,390000,10,4.7,27,127,8322,Nhà Sách Tiki,NXB Trẻ,108,Anker Official Mall,True,True,True,available,2024-05-18 00:00:00
100216,TIKI-1815-000216,Chuột không dây công thái học Sandisk Silent Click,6080000,6400000,5,4.8,351,2367,1815,Thiết Bị Số - Phụ Kiện Số,Sandisk,112,Nhà Sách FAHASA Official,True,False,True,available,2024-09-11 00:00:00
100217,TIKI-8322-000217,Sách - Nhà Giả Kim - Paulo Coelho (NXB Trẻ),232500,310000,25,4.5,62,457,8322,Nhà Sách Tiki,NXB Trẻ,1,Tiki Trading,True,True,True,available,2024-08-14 00:00:00
100218,TIKI-1883-000218,Bình giữ nhiệt Inox 316 cao cấp Điện Quang Giữ nhiệt 24 giờ 800ml,227500,350000,35,4.8,405,3183,1883,Nhà Cửa - Đời Sống,Điện Quang,115,Coolmate Flagship Store,True,False,True,available,2024-05-30 00:00:00
100219,TIKI-8322-000219,Sách - Nguyên Lý Big Data & Học Máy Ứng Dụng (First News),240000,300000,20,4.5,64,256,8322,Nhà Sách Tiki,First News,115,Coolmate Flagship Store,True,True,True,available,2024-10-16 00:00:00
100220,TIKI-1520-000220,Kem dưỡng ẩm tái tạo phục hồi màng bảo vệ da L'Oreal Paris 50ml,892500,1050000,15,4.8,46,304,1520,Làm Đẹp - Sức Khỏe,L'Oreal Paris,204,Phụ Kiện Công Nghệ Số 1,False,False,True,available,2024-07-29 00:00:00
100221,TIKI-915-000221,Quần lót nam Boxer sợi Modal kháng khuẩn công nghệ may Seamless Routine,448000,640000,30,4.9,566,3201,915,Thời Trang Nam,Routine,105,Samsung Official Store,True,False,True,available,2024-07-25 00:00:00
100222,TIKI-1883-000222,Bộ lau nhà tự vắt thông minh xoay 360 độ Điện Quang,336000,560000,40,4.8,299,1193,1883,Nhà Cửa - Đời Sống,Điện Quang,1,Tiki Trading,True,False,True,available,2024-05-08 00:00:00
100223,TIKI-1815-000223,Loa Bluetooth di động Sony Âm bass mạnh mẽ chống nước IPX7,3150000,4500000,30,4.9,17,76,1815,Thiết Bị Số - Phụ Kiện Số,Sony,201,Điện Máy Gia Dụng Xanh,False,False,True,available,2024-09-23 00:00:00
100224,TIKI-1520-000224,Sữa rửa mặt tạo bọt sạch sâu se khít lỗ chân lông L'Oreal Paris,370000,740000,50,4.7,24,191,1520,Làm Đẹp - Sức Khỏe,L'Oreal Paris,201,Điện Máy Gia Dụng Xanh,False,True,True,available,2024-09-05 00:00:00
100225,TIKI-1789-000225,Điện thoại thông minh Apple Ultra 5G 512GB,16575000,25500000,35,4.7,93,471,1789,Điện Thoại - Máy Tính Bảng,Apple,112,Nhà Sách FAHASA Official,True,True,True,available,2024-02-20 00:00:00
100226,TIKI-8322-000226,Sách - Tâm Lý Học Về Tiền - Morgan Housel (Alpha Books),130000,130000,0,4.5,130,851,8322,Nhà Sách Tiki,Alpha Books,1,Tiki Trading,True,False,True,available,2024-03-26 00:00:00
100227,TIKI-1815-000227,Chuột không dây công thái học Baseus Silent Click,5270000,6200000,15,4.7,124,538,1815,Thiết Bị Số - Phụ Kiện Số,Baseus,201,Điện Máy Gia Dụng Xanh,False,True,True,available,2024-12-03 00:00:00
100228,TIKI-915-000228,Quần lót nam Boxer sợi Modal kháng khuẩn công nghệ may Seamless Owen,448000,640000,30,4.9,34,161,915,Thời Trang Nam,Owen,220,Thời Trang Bụi Phố,False,True,True,available,2024-12-27 00:00:00
100229,TIKI-1883-000229,Bình giữ nhiệt Inox 316 cao cấp Rạng Đông Giữ nhiệt 24 giờ 800ml,227500,350000,35,4.9,138,786,1883,Nhà Cửa - Đời Sống,Rạng Đông,115,Coolmate Flagship Store,True,True,True,available,2024-11-24 00:00:00
100230,TIKI-1520-000230,Kem dưỡng ẩm tái tạo phục hồi màng bảo vệ da Vichy 50ml,390000,600000,35,4.7,206,1375,1520,Làm Đẹp - Sức Khỏe,Vichy,115,Coolmate Flagship Store,True,False,True,available,2024-06-02 00:00:00
100231,TIKI-915-000231,Áo sơ mi nam công sở dài tay cao cấp An Phước,465500,490000,5,4.9,146,846,915,Thời Trang Nam,An Phước,108,Anker Official Mall,True,False,True,available,2024-08-03 00:00:00
100232,TIKI-8322-000232,Sách - Nhà Giả Kim - Paulo Coelho (Nhã Nam),102000,170000,40,4.9,45,195,8322,Nhà Sách Tiki,Nhã Nam,210,Mỹ Phẩm Xách Tay Authentic,False,False,True,available,2024-08-19 00:00:00
100233,TIKI-1882-000233,Nồi cơm điện cao tần Philips Lòng nồi chống dính cao cấp,6480000,10800000,40,4.8,86,565,1882,Điện Gia Dụng,Philips,108,Anker Official Mall,True,False,True,available,2024-08-01 00:00:00
100234,TIKI-8322-000234,Sách - Tâm Lý Học Về Tiền - Morgan Housel (NXB Kim Đồng),160000,200000,20,4.9,35,167,8322,Nhà Sách Tiki,NXB Kim Đồng,1,Tiki Trading,True,False,True,available,2024-08-23 00:00:00
100235,TIKI-1883-000235,Bộ hộp cơm thủy tinh chịu nhiệt Tupperware Có túi giữ nhiệt cao cấp,264000,440000,40,4.5,59,424,1883,Nhà Cửa - Đời Sống,Tupperware,102,Apple Flagship Store,True,False,True,available,2024-01-23 00:00:00
100236,TIKI-1815-000236,Tai nghe không dây Bluetooth Sandisk Chống ồn chủ động ANC,4100000,4100000,0,4.8,56,401,1815,Thiết Bị Số - Phụ Kiện Số,Sandisk,108,Anker Official Mall,True,True,True,available,2024-08-13 00:00:00
100237,TIKI-1815-000237,Cáp sạc đa năng Logitech bọc dù siêu bền truyền dữ liệu tốc độ cao,5130000,5700000,10,4.7,189,1353,1815,Thiết Bị Số - Phụ Kiện Số,Logitech,115,Coolmate Flagship Store,True,False,True,available,2024-02-01 00:00:00
100238,TIKI-1882-000238,Máy lọc không khí Tefal Màng lọc HEPA diệt khuẩn khử mùi,4200000,8400000,50,4.9,239,1896,1882,Điện Gia Dụng,Tefal,112,Nhà Sách FAHASA Official,True,True,True,available,2024-12-14 00:00:00
100239,TIKI-1883-000239,Bộ hộp cơm thủy tinh chịu nhiệt Tupperware Có túi giữ nhiệt cao cấp,221000,260000,15,4.9,51,235,1883,Nhà Cửa - Đời Sống,Tupperware,105,Samsung Official Store,True,True,True,available,2024-12-13 00:00:00
100240,TIKI-1520-000240,Nước tẩy trang dịu nhẹ cho da nhạy cảm The Ordinary Micellar Water 400ml,409500,630000,35,4.9,194,1350,1520,Làm Đẹp - Sức Khỏe,The Ordinary,201,Điện Máy Gia Dụng Xanh,False,False,True,available,2024-07-26 00:00:00
100241,TIKI-915-000241,Quần dài Kaki dáng Slimfit co giãn tôn dáng Routine,95000,100000,5,4.7,78,506,915,Thời Trang Nam,Routine,115,Coolmate Flagship Store,True,True,True,available,2024-07-03 00:00:00
100242,TIKI-8322-000242,Sách - Tư Duy Nhanh Và Chậm - Daniel Kahneman (NXB Kim Đồng),296000,370000,20,4.8,45,268,8322,Nhà Sách Tiki,NXB Kim Đồng,108,Anker Official Mall,True,False,True,low_stock,2024-03-08 00:00:00
100243,TIKI-1883-000243,Bộ hộp cơm thủy tinh chịu nhiệt Lock&Lock Có túi giữ nhiệt cao cấp,680000,680000,0,4.9,238,1305,1883,Nhà Cửa - Đời Sống,Lock&Lock,102,Apple Flagship Store,True,True,True,available,2024-01-02 00:00:00
100244,TIKI-915-000244,Áo sơ mi nam công sở dài tay cao cấp An Phước,157500,210000,25,4.9,60,454,915,Thời Trang Nam,An Phước,112,Nhà Sách FAHASA Official,True,True,True,available,2024-03-26 00:00:00
100245,TIKI-1882-000245,Nồi cơm điện cao tần Sunhouse Lòng nồi chống dính cao cấp,3400000,3400000,0,4.9,14,86,1882,Điện Gia Dụng,Sunhouse,102,Apple Flagship Store,True,False,True,available,2024-09-23 00:00:00
100246,TIKI-1789-000246,Máy tính bảng Realme Tab Wifi + Cellular 2024 Edition,26640000,29600000,10,4.8,36,140,1789,Điện Thoại - Máy Tính Bảng,Realme,102,Apple Flagship Store,True,True,True,available,2024-02-23 00:00:00
100247,TIKI-1882-000247,Nồi cơm điện cao tần Tefal Lòng nồi chống dính cao cấp,4370000,4600000,5,4.8,6,38,1882,Điện Gia Dụng,Tefal,105,Samsung Official Store,True,True,True,available,2024-08-14 00:00:00
100248,TIKI-915-000248,Quần lót nam Boxer sợi Modal kháng khuẩn công nghệ may Seamless Biluxury,561000,660000,15,4.9,17,117,915,Thời Trang Nam,Biluxury,220,Thời Trang Bụi Phố,False,False,True,available,2024-10-29 00:00:00
100249,TIKI-8322-000249,Sách - Nguyên Lý Big Data & Học Máy Ứng Dụng (Alpha Books),218500,230000,5,4.9,115,775,8322,Nhà Sách Tiki,Alpha Books,108,Anker Official Mall,True,False,True,available,2024-05-26 00:00:00
100250,TIKI-1883-000250,Kệ để đồ đa năng thông minh tiết kiệm diện tích Điện Quang,637500,750000,15,4.7,47,176,1883,Nhà Cửa - Đời Sống,Điện Quang,210,Mỹ Phẩm Xách Tay Authentic,False,True,True,available,2024-05-03 00:00:00
100251,TIKI-1815-000251,Cáp sạc đa năng UGREEN bọc dù siêu bền truyền dữ liệu tốc độ cao,7000000,7000000,0,3.2,331,1355,1815,Thiết Bị Số - Phụ Kiện Số,UGREEN,102,Apple Flagship Store,True,True,True,available,2024-10-19 00:00:00
100252,TIKI-915-000252,Quần dài Kaki dáng Slimfit co giãn tôn dáng An Phước,60000,120000,50,4.9,41,150,915,Thời Trang Nam,An Phước,102,Apple Flagship Store,True,True,True,available,2024-02-01 00:00:00
100253,TIKI-915-000253,Quần dài Kaki dáng Slimfit co giãn tôn dáng Biluxury,120000,200000,40,4.8,24,93,915,Thời Trang Nam,Biluxury,201,Điện Máy Gia Dụng Xanh,False,False,True,low_stock,2024-02-11 00:00:00
100254,TIKI-1883-000254,Kệ để đồ đa năng thông minh tiết kiệm diện tích Inochi,144000,180000,20,4.7,162,1184,1883,Nhà Cửa - Đời Sống,Inochi,220,Thời Trang Bụi Phố,False,True,True,available,2024-01-31 00:00:00
100255,TIKI-8322-000255,Sách - Tư Duy Nhanh Và Chậm - Daniel Kahneman (NXB Trẻ),72000,90000,20,4.7,133,570,8322,Nhà Sách Tiki,NXB Trẻ,220,Thời Trang Bụi Phố,False,False,True,available,2024-01-08 00:00:00
100256,TIKI-1789-000256,Điện thoại gập Samsung Flip thế hệ mới,27520000,34400000,20,4.9,21,147,1789,Điện Thoại - Máy Tính Bảng,Samsung,210,Mỹ Phẩm Xách Tay Authentic,False,False,True,low_stock,2024-05-18 00:00:00
100257,TIKI-1883-000257,Kệ để đồ đa năng thông minh tiết kiệm diện tích Duy Tân,264000,440000,40,4.9,154,938,1883,Nhà Cửa - Đời Sống,Duy Tân,201,Điện Máy Gia Dụng Xanh,False,True,True,available,2024-02-10 00:00:00
100258,TIKI-1882-000258,Nồi cơm điện cao tần Philips Lòng nồi chống dính cao cấp,3900000,5200000,25,4.9,183,1376,1882,Điện Gia Dụng,Philips,220,Thời Trang Bụi Phố,False,False,True,available,2024-12-12 00:00:00
100259,TIKI-915-000259,Áo thun nam Cotton Compact chống nhăn co giãn Owen,410000,410000,0,4.8,62,258,915,Thời Trang Nam,Owen,1,Tiki Trading,True,False,True,available,2024-01-20 00:00:00
100260,TIKI-915-000260,Quần dài Kaki dáng Slimfit co giãn tôn dáng Biluxury,287000,410000,30,4.2,51,368,915,Thời Trang Nam,Biluxury,115,Coolmate Flagship Store,True,True,True,available,2024-10-20 00:00:00
100261,TIKI-915-000261,Quần lót nam Boxer sợi Modal kháng khuẩn công nghệ may Seamless Coolmate,105000,150000,30,4.9,80,381,915,Thời Trang Nam,Coolmate,210,Mỹ Phẩm Xách Tay Authentic,False,True,True,available,2024-06-09 00:00:00
100262,TIKI-8322-000262,Sách - Thiết Kế Cuộc Đời Đáng Sống - Designing Your Life (NXB Trẻ),125000,250000,50,4.9,60,472,8322,Nhà Sách Tiki,NXB Trẻ,112,Nhà Sách FAHASA Official,True,False,True,low_stock,2024-04-11 00:00:00
100263,TIKI-1883-000263,Bình giữ nhiệt Inox 316 cao cấp Inochi Giữ nhiệt 24 giờ 800ml,110500,130000,15,4.8,126,834,1883,Nhà Cửa - Đời Sống,Inochi,201,Điện Máy Gia Dụng Xanh,False,True,True,available,2024-01-06 00:00:00
100264,TIKI-915-000264,Áo sơ mi nam công sở dài tay cao cấp Canifa,654500,770000,15,4.8,394,3103,915,Thời Trang Nam,Canifa,108,Anker Official Mall,True,False,True,available,2024-03-14 00:00:00
100265,TIKI-1789-000265,Điện thoại gập Samsung Flip thế hệ mới,29830000,31400000,5,4.8,89,566,1789,Điện Thoại - Máy Tính Bảng,Samsung,115,Coolmate Flagship Store,True,True,True,available,2024-07-21 00:00:00
100266,TIKI-1789-000266,Điện thoại thông minh OPPO Ultra 5G 256GB,15975000,21300000,25,4.2,64,463,1789,Điện Thoại - Máy Tính Bảng,OPPO,112,Nhà Sách FAHASA Official,True,True,True,available,2024-06-17 00:00:00
100267,TIKI-1815-000267,Củ sạc nhanh Anker GaN 65W Cổng Type-C PD Quick Charge,1440000,1600000,10,4.9,76,373,1815,Thiết Bị Số - Phụ Kiện Số,Anker,220,Thời Trang Bụi Phố,False,False,True,available,2024-03-03 00:00:00
100268,TIKI-1883-000268,Bộ lau nhà tự vắt thông minh xoay 360 độ Inochi,408500,430000,5,4.9,202,983,1883,Nhà Cửa - Đời Sống,Inochi,204,Phụ Kiện Công Nghệ Số 1,False,False,True,available,2024-12-27 00:00:00
100269,TIKI-1815-000269,Củ sạc nhanh Marshall GaN 65W Cổng Type-C PD Quick Charge,3360000,4800000,30,4.8,140,653,1815,Thiết Bị Số - Phụ Kiện Số,Marshall,108,Anker Official Mall,True,True,True,low_stock,2024-03-31 00:00:00
100270,TIKI-1883-000270,Bình giữ nhiệt Inox 316 cao cấp Tupperware Giữ nhiệt 24 giờ 800ml,207000,230000,10,4.9,12,84,1883,Nhà Cửa - Đời Sống,Tupperware,204,Phụ Kiện Công Nghệ Số 1,False,True,True,available,2024-04-24 00:00:00
100271,TIKI-8322-000271,Sách - Kỹ Năng Quản Lý Thời Gian Cho Người Bận Rộn (Alpha Books),209000,220000,5,4.9,12,90,8322,Nhà Sách Tiki,Alpha Books,102,Apple Flagship Store,True,True,True,available,2024-08-16 00:00:00
100272,TIKI-1883-000272,Bộ hộp cơm thủy tinh chịu nhiệt Lock&Lock Có túi giữ nhiệt cao cấp,144000,160000,10,4.2,73,493,1883,Nhà Cửa - Đời Sống,Lock&Lock,204,Phụ Kiện Công Nghệ Số 1,False,True,True,available,2024-09-12 00:00:00
100273,TIKI-8322-000273,Sách - Thiết Kế Cuộc Đời Đáng Sống - Designing Your Life (NXB Kim Đồng),184000,230000,20,4.8,24,150,8322,Nhà Sách Tiki,NXB Kim Đồng,105,Samsung Official Store,True,True,True,available,2024-11-12 00:00:00
100274,TIKI-8322-000274,Sách - Đắc Nhân Tâm - Khổ Lớn Đặc Biệt (Nhã Nam),88000,110000,20,4.8,70,447,8322,Nhà Sách Tiki,Nhã Nam,1,Tiki Trading,True,True,True,available,2024-09-27 00:00:00
100275,TIKI-1883-000275,Bộ hộp cơm thủy tinh chịu nhiệt Rạng Đông Có túi giữ nhiệt cao cấp,426000,710000,40,4.7,55,332,1883,Nhà Cửa - Đời Sống,Rạng Đông,115,Coolmate Flagship Store,True,True,True,available,2024-06-14 00:00:00
100276,TIKI-1789-000276,Điện thoại thông minh Xiaomi Ultra 5G 128GB,7085000,10900000,35,4.8,179,1431,1789,Điện Thoại - Máy Tính Bảng,Xiaomi,112,Nhà Sách FAHASA Official,True,True,True,available,2024-03-23 00:00:00
100277,TIKI-1815-000277,Loa Bluetooth di động JBL Âm bass mạnh mẽ chống nước IPX7,1550000,3100000,50,4.5,196,998,1815,Thiết Bị Số - Phụ Kiện Số,JBL,1,Tiki Trading,True,True,True,available,2024-03-30 00:00:00
100278,TIKI-1882-000278,Máy xay sinh tố cầm tay đa năng Kangaroo Lưỡi dao inox 304,2300000,4600000,50,4.2,222,1586,1882,Điện Gia Dụng,Kangaroo,115,Coolmate Flagship Store,True,False,True,available,2024-09-10 00:00:00
100279,TIKI-8322-000279,Sách - Tâm Lý Học Về Tiền - Morgan Housel (NXB Trẻ),200000,200000,0,4.8,5,38,8322,Nhà Sách Tiki,NXB Trẻ,108,Anker Official Mall,True,True,True,available,2024-04-14 00:00:00
100280,TIKI-1815-000280,Tai nghe không dây Bluetooth Marshall Chống ồn chủ động ANC,7020000,7800000,10,4.7,229,1688,1815,Thiết Bị Số - Phụ Kiện Số,Marshall,105,Samsung Official Store,True,True,True,available,2024-02-08 00:00:00
100281,TIKI-915-000281,Áo thun nam Cotton Compact chống nhăn co giãn Canifa,459000,510000,10,3.8,163,890,915,Thời Trang Nam,Canifa,112,Nhà Sách FAHASA Official,True,True,True,available,2024-11-24 00:00:00
100282,TIKI-1815-000282,Củ sạc nhanh Marshall GaN 65W Cổng Type-C PD Quick Charge,1750000,2500000,30,4.8,144,586,1815,Thiết Bị Số - Phụ Kiện Số,Marshall,220,Thời Trang Bụi Phố,False,False,True,low_stock,2024-01-02 00:00:00
100283,TIKI-8322-000283,Sách - Tâm Lý Học Về Tiền - Morgan Housel (First News),130000,260000,50,4.9,105,810,8322,Nhà Sách Tiki,First News,220,Thời Trang Bụi Phố,False,True,True,available,2024-03-14 00:00:00
100284,TIKI-1815-000284,Chuột không dây công thái học Marshall Silent Click,2925000,4500000,35,4.9,33,218,1815,Thiết Bị Số - Phụ Kiện Số,Marshall,102,Apple Flagship Store,True,True,True,available,2024-06-29 00:00:00
100285,TIKI-915-000285,Áo thun nam Cotton Compact chống nhăn co giãn Coolmate,567000,630000,10,4.5,86,447,915,Thời Trang Nam,Coolmate,204,Phụ Kiện Công Nghệ Số 1,False,True,True,available,2024-10-07 00:00:00
100286,TIKI-8322-000286,Sách - Kỹ Năng Quản Lý Thời Gian Cho Người Bận Rộn (First News),104000,160000,35,4.9,229,1105,8322,Nhà Sách Tiki,First News,108,Anker Official Mall,True,True,True,low_stock,2024-06-13 00:00:00
100287,TIKI-1789-000287,Điện thoại thông minh Xiaomi Ultra 5G V2,7080000,11800000,40,4.2,463,2324,1789,Điện Thoại - Máy Tính Bảng,Xiaomi,105,Samsung Official Store,True,True,True,available,2024-11-11 00:00:00
100288,TIKI-8322-000288,Sách - Nhà Giả Kim - Paulo Coelho (NXB Phụ Nữ),160000,160000,0,4.9,32,139,8322,Nhà Sách Tiki,NXB Phụ Nữ,201,Điện Máy Gia Dụng Xanh,False,False,True,available,2024-12-23 00:00:00
100289,TIKI-915-000289,Áo sơ mi nam công sở dài tay cao cấp Owen,408000,480000,15,4.9,64,382,915,Thời Trang Nam,Owen,112,Nhà Sách FAHASA Official,True,True,True,available,2024-09-09 00:00:00
100290,TIKI-1789-000290,Điện thoại OPPO Pro Max 512GB Chính Hãng VN/A,27625000,32500000,15,4.9,32,203,1789,Điện Thoại - Máy Tính Bảng,OPPO,220,Thời Trang Bụi Phố,False,True,True,available,2024-02-12 00:00:00
100291,TIKI-1882-000291,Nồi cơm điện cao tần Sharp Lòng nồi chống dính cao cấp,1980000,3300000,40,4.8,60,312,1882,Điện Gia Dụng,Sharp,112,Nhà Sách FAHASA Official,True,True,True,available,2024-04-06 00:00:00
100292,TIKI-8322-000292,Sách - Thiết Kế Cuộc Đời Đáng Sống - Designing Your Life (Nhã Nam),81000,90000,10,4.7,137,532,8322,Nhà Sách Tiki,Nhã Nam,112,Nhà Sách FAHASA Official,True,False,True,available,2024-06-26 00:00:00
100293,TIKI-1883-000293,Bình giữ nhiệt Inox 316 cao cấp Rạng Đông Giữ nhiệt 24 giờ 800ml,354000,590000,40,4.8,97,717,1883,Nhà Cửa - Đời Sống,Rạng Đông,1,Tiki Trading,True,False,True,low_stock,2024-09-01 00:00:00
100294,TIKI-8322-000294,Sách - Tâm Lý Học Về Tiền - Morgan Housel (Alpha Books),190000,380000,50,4.2,198,1296,8322,Nhà Sách Tiki,Alpha Books,1,Tiki Trading,True,True,True,available,2024-11-14 00:00:00
100295,TIKI-1883-000295,Bình giữ nhiệt Inox 316 cao cấp Tupperware Giữ nhiệt 24 giờ 800ml,306000,340000,10,4.9,14,92,1883,Nhà Cửa - Đời Sống,Tupperware,108,Anker Official Mall,True,False,True,available,2024-04-14 00:00:00
100296,TIKI-1520-000296,Nước tẩy trang dịu nhẹ cho da nhạy cảm Innisfree Micellar Water 400ml,182000,260000,30,4.8,101,742,1520,Làm Đẹp - Sức Khỏe,Innisfree,102,Apple Flagship Store,True,True,True,low_stock,2024-09-24 00:00:00
100297,TIKI-1789-000297,Điện thoại gập ASUS Flip thế hệ mới,14040000,15600000,10,4.8,109,854,1789,Điện Thoại - Máy Tính Bảng,ASUS,201,Điện Máy Gia Dụng Xanh,False,True,True,available,2024-02-22 00:00:00
100298,TIKI-1789-000298,Máy tính bảng ASUS Tab Wifi + Cellular 2024 Edition,17920000,25600000,30,4.9,132,801,1789,Điện Thoại - Máy Tính Bảng,ASUS,210,Mỹ Phẩm Xách Tay Authentic,False,True,True,available,2024-08-31 00:00:00
100299,TIKI-8322-000299,Sách - Đắc Nhân Tâm - Khổ Lớn Đặc Biệt (NXB Kim Đồng),56000,80000,30,4.5,53,242,8322,Nhà Sách Tiki,NXB Kim Đồng,201,Điện Máy Gia Dụng Xanh,False,True,True,low_stock,2024-09-01 00:00:00
100300,TIKI-1789-000300,Máy tính bảng Xiaomi Tab Wifi + Cellular 512GB,31445000,33100000,5,3.8,36,174,1789,Điện Thoại - Máy Tính Bảng,Xiaomi,112,Nhà Sách FAHASA Official,True,True,True,available,2024-08-15 00:00:00
100301,TIKI-8322-000301,Sách - Kỹ Năng Quản Lý Thời Gian Cho Người Bận Rộn (First News),289000,340000,15,4.2,67,380,8322,Nhà Sách Tiki,First News,108,Anker Official Mall,True,True,True,available,2024-09-22 00:00:00
100302,TIKI-1520-000302,Serum phục hồi làm dịu da cấp ẩm Cocoon Niacinamide 10%,630000,1050000,40,4.8,186,1089,1520,Làm Đẹp - Sức Khỏe,Cocoon,112,Nhà Sách FAHASA Official,True,True,True,available,2024-10-19 00:00:00
100303,TIKI-1883-000303,Bộ hộp cơm thủy tinh chịu nhiệt Inochi Có túi giữ nhiệt cao cấp,680000,680000,0,4.2,151,714,1883,Nhà Cửa - Đời Sống,Inochi,1,Tiki Trading,True,False,True,available,2024-08-26 00:00:00
100304,TIKI-1789-000304,Điện thoại Realme Pro Max 256GB Chính Hãng VN/A,16500000,33000000,50,4.8,392,2209,1789,Điện Thoại - Máy Tính Bảng,Realme,115,Coolmate Flagship Store,True,True,True,available,2024-10-10 00:00:00
100305,TIKI-1883-000305,Bộ hộp cơm thủy tinh chịu nhiệt Lock&Lock Có túi giữ nhiệt cao cấp,590000,590000,0,4.9,106,831,1883,Nhà Cửa - Đời Sống,Lock&Lock,1,Tiki Trading,True,False,True,available,2024-04-24 00:00:00
100306,TIKI-1815-000306,Cáp sạc đa năng JBL bọc dù siêu bền truyền dữ liệu tốc độ cao,500000,500000,0,4.8,22,94,1815,Thiết Bị Số - Phụ Kiện Số,JBL,210,Mỹ Phẩm Xách Tay Authentic,False,True,True,available,2024-01-06 00:00:00
100307,TIKI-1883-000307,Kệ để đồ đa năng thông minh tiết kiệm diện tích Lock&Lock,351000,540000,35,4.9,80,523,1883,Nhà Cửa - Đời Sống,Lock&Lock,201,Điện Máy Gia Dụng Xanh,False,True,True,available,2024-11-16 00:00:00
100308,TIKI-1789-000308,Máy tính bảng Vivo Tab Wifi + Cellular Pro,31280000,39100000,20,4.9,18,68,1789,Điện Thoại - Máy Tính Bảng,Vivo,220,Thời Trang Bụi Phố,False,False,True,available,2024-05-22 00:00:00
100309,TIKI-1882-000309,Máy lọc không khí Panasonic Màng lọc HEPA diệt khuẩn khử mùi,12070000,14200000,15,4.5,201,1429,1882,Điện Gia Dụng,Panasonic,105,Samsung Official Store,True,True,True,available,2024-11-04 00:00:00
100310,TIKI-915-000310,Áo thun nam Cotton Compact chống nhăn co giãn An Phước,376000,470000,20,4.2,67,456,915,Thời Trang Nam,An Phước,204,Phụ Kiện Công Nghệ Số 1,False,False,True,out_of_stock,2024-10-26 00:00:00
100311,TIKI-1883-000311,Kệ để đồ đa năng thông minh tiết kiệm diện tích Inochi,507000,780000,35,4.2,138,798,1883,Nhà Cửa - Đời Sống,Inochi,108,Anker Official Mall,True,False,True,low_stock,2024-03-29 00:00:00
100312,TIKI-1815-000312,Tai nghe không dây Bluetooth JBL Chống ồn chủ động ANC,2160000,3600000,40,4.7,29,190,1815,Thiết Bị Số - Phụ Kiện Số,JBL,105,Samsung Official Store,True,False,True,available,2024-06-21 00:00:00
100313,TIKI-1882-000313,Máy lọc không khí Sunhouse Màng lọc HEPA diệt khuẩn khử mùi,8400000,10500000,20,4.8,79,318,1882,Điện Gia Dụng,Sunhouse,115,Coolmate Flagship Store,True,False,True,available,2024-01-29 00:00:00
100314,TIKI-1520-000314,Sữa rửa mặt tạo bọt sạch sâu se khít lỗ chân lông La Roche-Posay,210000,300000,30,4.8,68,504,1520,Làm Đẹp - Sức Khỏe,La Roche-Posay,210,Mỹ Phẩm Xách Tay Authentic,False,True,True,out_of_stock,2024-03-19 00:00:00
100315,TIKI-1882-000315,Máy xay sinh tố cầm tay đa năng Sharp Lưỡi dao inox 304,8100000,9000000,10,4.7,85,538,1882,Điện Gia Dụng,Sharp,105,Samsung Official Store,True,True,True,available,2024-04-01 00:00:00
100316,TIKI-1789-000316,Máy tính bảng OPPO Tab Wifi + Cellular 256GB,33750000,37500000,10,4.8,178,693,1789,Điện Thoại - Máy Tính Bảng,OPPO,105,Samsung Official Store,True,True,True,available,2024-11-11 00:00:00
100317,TIKI-8322-000317,Sách - Tư Duy Nhanh Và Chậm - Daniel Kahneman (Nhã Nam),48000,80000,40,4.9,61,217,8322,Nhà Sách Tiki,Nhã Nam,1,Tiki Trading,True,False,True,available,2024-06-14 00:00:00
100318,TIKI-915-000318,Quần lót nam Boxer sợi Modal kháng khuẩn công nghệ may Seamless Coolmate,441000,490000,10,4.9,88,429,915,Thời Trang Nam,Coolmate,115,Coolmate Flagship Store,True,True,True,available,2024-02-04 00:00:00
100319,TIKI-1882-000319,Máy xay sinh tố cầm tay đa năng Cosori Lưỡi dao inox 304,6720000,9600000,30,4.5,652,3287,1882,Điện Gia Dụng,Cosori,210,Mỹ Phẩm Xách Tay Authentic,False,True,True,available,2024-09-08 00:00:00
100320,TIKI-1815-000320,Tai nghe không dây Bluetooth Sandisk Chống ồn chủ động ANC,1615000,1900000,15,4.7,111,472,1815,Thiết Bị Số - Phụ Kiện Số,Sandisk,108,Anker Official Mall,True,False,True,available,2024-07-07 00:00:00
100321,TIKI-1789-000321,Máy tính bảng OPPO Tab Wifi + Cellular 2024 Edition,39900000,39900000,0,4.8,10,39,1789,Điện Thoại - Máy Tính Bảng,OPPO,210,Mỹ Phẩm Xách Tay Authentic,False,True,True,available,2024-01-12 00:00:00
100322,TIKI-8322-000322,Sách - Tư Duy Nhanh Và Chậm - Daniel Kahneman (Nhã Nam),143000,220000,35,4.7,32,210,8322,Nhà Sách Tiki,Nhã Nam,210,Mỹ Phẩm Xách Tay Authentic,False,True,True,available,2024-01-06 00:00:00
100323,TIKI-1789-000323,Máy tính bảng Realme Tab Wifi + Cellular Pro,39420000,43800000,10,4.8,279,1618,1789,Điện Thoại - Máy Tính Bảng,Realme,220,Thời Trang Bụi Phố,False,True,True,available,2024-11-13 00:00:00
100324,TIKI-1883-000324,Bộ lau nhà tự vắt thông minh xoay 360 độ Duy Tân,280000,350000,20,4.5,438,2238,1883,Nhà Cửa - Đời Sống,Duy Tân,220,Thời Trang Bụi Phố,False,True,True,available,2024-07-29 00:00:00
100325,TIKI-1520-000325,Serum phục hồi làm dịu da cấp ẩm Vichy Niacinamide 10%,484500,570000,15,4.9,138,1046,1520,Làm Đẹp - Sức Khỏe,Vichy,204,Phụ Kiện Công Nghệ Số 1,False,False,True,available,2024-10-21 00:00:00
100326,TIKI-1789-000326,Điện thoại ASUS Pro Max Max Chính Hãng VN/A,17935000,21100000,15,4.8,459,2152,1789,Điện Thoại - Máy Tính Bảng,ASUS,102,Apple Flagship Store,True,True,True,available,2024-01-27 00:00:00
100327,TIKI-1883-000327,Kệ để đồ đa năng thông minh tiết kiệm diện tích Duy Tân,608000,640000,5,4.9,175,648,1883,Nhà Cửa - Đời Sống,Duy Tân,115,Coolmate Flagship Store,True,False,True,available,2024-03-12 00:00:00
100328,TIKI-1882-000328,Nồi cơm điện cao tần Kangaroo Lòng nồi chống dính cao cấp,2475000,3300000,25,4.5,29,153,1882,Điện Gia Dụng,Kangaroo,112,Nhà Sách FAHASA Official,True,True,True,available,2024-08-22 00:00:00
100329,TIKI-915-000329,Quần dài Kaki dáng Slimfit co giãn tôn dáng Aristino,294500,310000,5,4.9,160,1266,915,Thời Trang Nam,Aristino,201,Điện Máy Gia Dụng Xanh,False,True,True,available,2024-03-23 00:00:00
100330,TIKI-1520-000330,Kem dưỡng ẩm tái tạo phục hồi màng bảo vệ da Vichy 50ml,190000,380000,50,4.8,58,210,1520,Làm Đẹp - Sức Khỏe,Vichy,204,Phụ Kiện Công Nghệ Số 1,False,False,True,out_of_stock,2024-12-17 00:00:00
100331,TIKI-1815-000331,Bàn phím cơ không dây UGREEN RGB Hot-swap,5900000,5900000,0,4.9,132,469,1815,Thiết Bị Số - Phụ Kiện Số,UGREEN,201,Điện Máy Gia Dụng Xanh,False,False,True,available,2024-12-14 00:00:00
100332,TIKI-1520-000332,Kem dưỡng ẩm tái tạo phục hồi màng bảo vệ da The Ordinary 50ml,486000,810000,40,4.7,120,653,1520,Làm Đẹp - Sức Khỏe,The Ordinary,115,Coolmate Flagship Store,True,True,True,available,2024-05-08 00:00:00
100333,TIKI-915-000333,Quần dài Kaki dáng Slimfit co giãn tôn dáng Biluxury,160000,160000,0,4.7,25,182,915,Thời Trang Nam,Biluxury,210,Mỹ Phẩm Xách Tay Authentic,False,True,True,available,2024-09-11 00:00:00
100334,TIKI-8322-000334,Sách - Nhà Giả Kim - Paulo Coelho (Alpha Books),54000,90000,40,4.9,128,680,8322,Nhà Sách Tiki,Alpha Books,112,Nhà Sách FAHASA Official,True,True,True,available,2024-05-01 00:00:00
100335,TIKI-1883-000335,Bộ lau nhà tự vắt thông minh xoay 360 độ Rạng Đông,502500,670000,25,4.9,87,560,1883,Nhà Cửa - Đời Sống,Rạng Đông,204,Phụ Kiện Công Nghệ Số 1,False,True,True,available,2024-02-23 00:00:00
100336,TIKI-1520-000336,Kem chống nắng kiểm soát dầu Laneige SPF 50+ PA++++ 50ml,580000,1160000,50,3.8,126,945,1520,Làm Đẹp - Sức Khỏe,Laneige,102,Apple Flagship Store,True,True,True,available,2024-10-15 00:00:00
100337,TIKI-8322-000337,Sách - Thiết Kế Cuộc Đời Đáng Sống - Designing Your Life (Alpha Books),130000,200000,35,4.8,180,1115,8322,Nhà Sách Tiki,Alpha Books,1,Tiki Trading,True,True,True,available,2024-12-03 00:00:00
100338,TIKI-1789-000338,Điện thoại thông minh Apple Ultra 5G 128GB,20880000,26100000,20,4.8,61,242,1789,Điện Thoại - Máy Tính Bảng,Apple,115,Coolmate Flagship Store,True,True,True,available,2024-03-26 00:00:00
100339,TIKI-915-000339,Quần dài Kaki dáng Slimfit co giãn tôn dáng Biluxury,297500,350000,15,4.9,234,1046,915,Thời Trang Nam,Biluxury,112,Nhà Sách FAHASA Official,True,False,True,available,2024-04-08 00:00:00
100340,TIKI-1883-000340,Bộ hộp cơm thủy tinh chịu nhiệt Tupperware Có túi giữ nhiệt cao cấp,162500,250000,35,4.8,111,640,1883,Nhà Cửa - Đời Sống,Tupperware,220,Thời Trang Bụi Phố,False,True,True,available,2024-09-13 00:00:00
100341,TIKI-1789-000341,Điện thoại gập Vivo Flip thế hệ mới,19620000,32700000,40,4.7,294,1944,1789,Điện Thoại - Máy Tính Bảng,Vivo,220,Thời Trang Bụi Phố,False,False,True,available,2024-03-30 00:00:00
100342,TIKI-1789-000342,Máy tính bảng OPPO Tab Wifi + Cellular Pro,14700000,29400000,50,4.2,177,837,1789,Điện Thoại - Máy Tính Bảng,OPPO,201,Điện Máy Gia Dụng Xanh,False,True,True,available,2024-06-25 00:00:00
100343,TIKI-1815-000343,Bàn phím cơ không dây Baseus RGB Hot-swap,2460000,4100000,40,4.5,154,1187,1815,Thiết Bị Số - Phụ Kiện Số,Baseus,210,Mỹ Phẩm Xách Tay Authentic,False,True,True,available,2024-11-20 00:00:00
100344,TIKI-1520-000344,Nước tẩy trang dịu nhẹ cho da nhạy cảm The Ordinary Micellar Water 400ml,909000,1010000,10,3.2,131,1023,1520,Làm Đẹp - Sức Khỏe,The Ordinary,115,Coolmate Flagship Store,True,False,True,available,2024-09-15 00:00:00
100345,TIKI-1882-000345,Máy lọc không khí Lock&Lock Màng lọc HEPA diệt khuẩn khử mùi,6960000,11600000,40,4.9,230,1641,1882,Điện Gia Dụng,Lock&Lock,204,Phụ Kiện Công Nghệ Số 1,False,True,True,available,2024-09-25 00:00:00
100346,TIKI-1815-000346,Cáp sạc đa năng Sony bọc dù siêu bền truyền dữ liệu tốc độ cao,3330000,3700000,10,3.2,143,594,1815,Thiết Bị Số - Phụ Kiện Số,Sony,108,Anker Official Mall,True,False,True,available,2024-02-02 00:00:00
100347,TIKI-1815-000347,Chuột không dây công thái học Sony Silent Click,800000,1600000,50,4.5,166,1227,1815,Thiết Bị Số - Phụ Kiện Số,Sony,204,Phụ Kiện Công Nghệ Số 1,False,False,True,available,2024-11-28 00:00:00
100348,TIKI-1520-000348,Nước tẩy trang dịu nhẹ cho da nhạy cảm Cocoon Micellar Water 400ml,441000,630000,30,4.8,191,1257,1520,Làm Đẹp - Sức Khỏe,Cocoon,1,Tiki Trading,True,True,True,available,2024-10-10 00:00:00
100349,TIKI-1882-000349,Máy xay sinh tố cầm tay đa năng Sunhouse Lưỡi dao inox 304,5025000,6700000,25,4.7,99,615,1882,Điện Gia Dụng,Sunhouse,204,Phụ Kiện Công Nghệ Số 1,False,True,True,available,2024-04-10 00:00:00
100350,TIKI-915-000350,Quần lót nam Boxer sợi Modal kháng khuẩn công nghệ may Seamless Coolmate,175000,250000,30,4.9,44,206,915,Thời Trang Nam,Coolmate,210,Mỹ Phẩm Xách Tay Authentic,False,False,True,available,2024-03-24 00:00:00
100351,TIKI-1789-000351,Điện thoại gập Xiaomi Flip thế hệ mới,9000000,10000000,10,4.2,114,795,1789,Điện Thoại - Máy Tính Bảng,Xiaomi,105,Samsung Official Store,True,False,True,available,2024-11-17 00:00:00
100352,TIKI-1882-000352,Máy xay sinh tố cầm tay đa năng Cosori Lưỡi dao inox 304,2100000,2800000,25,4.8,382,2231,1882,Điện Gia Dụng,Cosori,115,Coolmate Flagship Store,True,True,True,available,2024-09-16 00:00:00
100353,TIKI-1520-000353,Kem chống nắng kiểm soát dầu Vichy SPF 50+ PA++++ 50ml,315000,420000,25,4.8,46,357,1520,Làm Đẹp - Sức Khỏe,Vichy,108,Anker Official Mall,True,False,True,available,2024-11-13 00:00:00
100354,TIKI-1520-000354,Kem chống nắng kiểm soát dầu Cocoon SPF 50+ PA++++ 50ml,612000,720000,15,4.2,119,749,1520,Làm Đẹp - Sức Khỏe,Cocoon,115,Coolmate Flagship Store,True,False,True,low_stock,2024-01-22 00:00:00
100355,TIKI-8322-000355,Sách - Tư Duy Nhanh Và Chậm - Daniel Kahneman (NXB Trẻ),240000,240000,0,4.2,212,1099,8322,Nhà Sách Tiki,NXB Trẻ,210,Mỹ Phẩm Xách Tay Authentic,False,True,True,available,2024-09-18 00:00:00
100356,TIKI-1882-000356,Máy lọc không khí Sunhouse Màng lọc HEPA diệt khuẩn khử mùi,3060000,3400000,10,3.8,183,1079,1882,Điện Gia Dụng,Sunhouse,102,Apple Flagship Store,True,True,True,available,2024-11-17 00:00:00
100357,TIKI-915-000357,Quần lót nam Boxer sợi Modal kháng khuẩn công nghệ may Seamless Aristino,195500,230000,15,4.8,150,1183,915,Thời Trang Nam,Aristino,201,Điện Máy Gia Dụng Xanh,False,False,True,available,2024-08-11 00:00:00
100358,TIKI-1789-000358,Điện thoại thông minh Realme Ultra 5G 128GB,33525000,44700000,25,4.9,14,60,1789,Điện Thoại - Máy Tính Bảng,Realme,204,Phụ Kiện Công Nghệ Số 1,False,False,True,available,2024-05-09 00:00:00
100359,TIKI-1883-000359,Kệ để đồ đa năng thông minh tiết kiệm diện tích Inochi,469000,670000,30,4.8,7,45,1883,Nhà Cửa - Đời Sống,Inochi,201,Điện Máy Gia Dụng Xanh,False,True,True,available,2024-10-01 00:00:00
100360,TIKI-1520-000360,Kem dưỡng ẩm tái tạo phục hồi màng bảo vệ da La Roche-Posay 50ml,360000,600000,40,4.9,190,922,1520,Làm Đẹp - Sức Khỏe,La Roche-Posay,102,Apple Flagship Store,True,True,True,available,2024-02-15 00:00:00
100361,TIKI-8322-000361,Sách - Tư Duy Nhanh Và Chậm - Daniel Kahneman (Nhã Nam),324000,360000,10,4.8,22,115,8322,Nhà Sách Tiki,Nhã Nam,1,Tiki Trading,True,True,True,low_stock,2024-10-07 00:00:00
100362,TIKI-1815-000362,Cáp sạc đa năng JBL bọc dù siêu bền truyền dữ liệu tốc độ cao,240000,400000,40,4.5,23,84,1815,Thiết Bị Số - Phụ Kiện Số,JBL,115,Coolmate Flagship Store,True,False,True,available,2024-10-21 00:00:00
100363,TIKI-1520-000363,Nước tẩy trang dịu nhẹ cho da nhạy cảm La Roche-Posay Micellar Water 400ml,294000,420000,30,4.2,233,964,1520,Làm Đẹp - Sức Khỏe,La Roche-Posay,115,Coolmate Flagship Store,True,True,True,available,2024-04-05 00:00:00
100364,TIKI-1882-000364,Nồi chiên không dầu điện tử Sunhouse Dung tích 6.5L Giảm 85% dầu mỡ,1380000,2300000,40,4.8,100,480,1882,Điện Gia Dụng,Sunhouse,220,Thời Trang Bụi Phố,False,True,True,available,2024-02-05 00:00:00
100365,TIKI-915-000365,Quần dài Kaki dáng Slimfit co giãn tôn dáng Owen,221000,260000,15,4.9,120,906,915,Thời Trang Nam,Owen,115,Coolmate Flagship Store,True,True,True,available,2024-06-12 00:00:00
100366,TIKI-1520-000366,Nước tẩy trang dịu nhẹ cho da nhạy cảm The Ordinary Micellar Water 400ml,170000,340000,50,4.8,202,1578,1520,Làm Đẹp - Sức Khỏe,The Ordinary,220,Thời Trang Bụi Phố,False,True,True,available,2024-03-28 00:00:00
100367,TIKI-1883-000367,Bộ lau nhà tự vắt thông minh xoay 360 độ Inochi,202500,270000,25,4.5,79,404,1883,Nhà Cửa - Đời Sống,Inochi,115,Coolmate Flagship Store,True,True,True,available,2024-06-06 00:00:00
100368,TIKI-1815-000368,Chuột không dây công thái học Anker Silent Click,6035000,7100000,15,4.9,265,1018,1815,Thiết Bị Số - Phụ Kiện Số,Anker,105,Samsung Official Store,True,True,True,available,2024-02-09 00:00:00
100369,TIKI-915-000369,Quần dài Kaki dáng Slimfit co giãn tôn dáng Coolmate,370000,370000,0,4.8,99,791,915,Thời Trang Nam,Coolmate,220,Thời Trang Bụi Phố,False,False,True,available,2024-08-30 00:00:00
100370,TIKI-1882-000370,Robot hút bụi lau nhà thông minh Sharp Laser LiDAR Tự động đổ rác,7560000,8400000,10,4.8,90,475,1882,Điện Gia Dụng,Sharp,220,Thời Trang Bụi Phố,False,True,True,available,2024-09-15 00:00:00
100371,TIKI-1883-000371,Bình giữ nhiệt Inox 316 cao cấp Rạng Đông Giữ nhiệt 24 giờ 800ml,175500,270000,35,4.9,105,634,1883,Nhà Cửa - Đời Sống,Rạng Đông,210,Mỹ Phẩm Xách Tay Authentic,False,False,True,available,2024-03-16 00:00:00
100372,TIKI-1882-000372,Robot hút bụi lau nhà thông minh Philips Laser LiDAR Tự động đổ rác,6555000,6900000,5,4.9,36,234,1882,Điện Gia Dụng,Philips,204,Phụ Kiện Công Nghệ Số 1,False,True,True,available,2024-09-23 00:00:00
100373,TIKI-8322-000373,Sách - Tâm Lý Học Về Tiền - Morgan Housel (NXB Trẻ),72000,120000,40,4.7,43,294,8322,Nhà Sách Tiki,NXB Trẻ,115,Coolmate Flagship Store,True,False,True,available,2024-10-24 00:00:00
100374,TIKI-8322-000374,Sách - Tư Duy Nhanh Và Chậm - Daniel Kahneman (NXB Phụ Nữ),60000,100000,40,4.9,436,1963,8322,Nhà Sách Tiki,NXB Phụ Nữ,220,Thời Trang Bụi Phố,False,True,True,available,2024-07-27 00:00:00
100375,TIKI-1882-000375,Nồi cơm điện cao tần Cosori Lòng nồi chống dính cao cấp,12420000,13800000,10,4.8,36,209,1882,Điện Gia Dụng,Cosori,1,Tiki Trading,True,True,True,available,2024-05-24 00:00:00
100376,TIKI-1815-000376,Loa Bluetooth di động Marshall Âm bass mạnh mẽ chống nước IPX7,2240000,3200000,30,4.5,157,889,1815,Thiết Bị Số - Phụ Kiện Số,Marshall,102,Apple Flagship Store,True,True,True,available,2024-09-03 00:00:00
100377,TIKI-1815-000377,Tai nghe không dây Bluetooth Sandisk Chống ồn chủ động ANC,950000,1900000,50,4.8,22,127,1815,Thiết Bị Số - Phụ Kiện Số,Sandisk,1,Tiki Trading,True,True,True,available,2024-10-21 00:00:00
100378,TIKI-1882-000378,Máy xay sinh tố cầm tay đa năng Tefal Lưỡi dao inox 304,1120000,1400000,20,4.2,34,211,1882,Điện Gia Dụng,Tefal,220,Thời Trang Bụi Phố,False,True,True,available,2024-08-30 00:00:00
100379,TIKI-1883-000379,Bình giữ nhiệt Inox 316 cao cấp Tupperware Giữ nhiệt 24 giờ 800ml,165000,330000,50,4.7,41,277,1883,Nhà Cửa - Đời Sống,Tupperware,220,Thời Trang Bụi Phố,False,True,True,available,2024-06-25 00:00:00
100380,TIKI-1789-000380,Điện thoại gập Samsung Flip thế hệ mới,13500000,13500000,0,4.9,240,1384,1789,Điện Thoại - Máy Tính Bảng,Samsung,105,Samsung Official Store,True,True,True,available,2024-08-03 00:00:00
100381,TIKI-1815-000381,Loa Bluetooth di động UGREEN Âm bass mạnh mẽ chống nước IPX7,4260000,7100000,40,4.7,16,103,1815,Thiết Bị Số - Phụ Kiện Số,UGREEN,1,Tiki Trading,True,False,True,available,2024-11-05 00:00:00
100382,TIKI-1883-000382,Bộ lau nhà tự vắt thông minh xoay 360 độ Điện Quang,570000,570000,0,4.7,72,556,1883,Nhà Cửa - Đời Sống,Điện Quang,201,Điện Máy Gia Dụng Xanh,False,True,True,available,2024-09-04 00:00:00
100383,TIKI-1883-000383,Bộ hộp cơm thủy tinh chịu nhiệt Điện Quang Có túi giữ nhiệt cao cấp,273000,420000,35,4.7,294,1139,1883,Nhà Cửa - Đời Sống,Điện Quang,105,Samsung Official Store,True,False,True,available,2024-11-03 00:00:00
100384,TIKI-1815-000384,Cáp sạc đa năng Sony bọc dù siêu bền truyền dữ liệu tốc độ cao,4560000,7600000,40,4.9,5,32,1815,Thiết Bị Số - Phụ Kiện Số,Sony,1,Tiki Trading,True,True,True,available,2024-12-19 00:00:00
100385,TIKI-1789-000385,Điện thoại gập Samsung Flip thế hệ mới,16720000,20900000,20,4.5,71,365,1789,Điện Thoại - Máy Tính Bảng,Samsung,220,Thời Trang Bụi Phố,False,False,True,available,2024-05-22 00:00:00
100386,TIKI-1815-000386,Loa Bluetooth di động Sandisk Âm bass mạnh mẽ chống nước IPX7,5760000,6400000,10,4.8,102,473,1815,Thiết Bị Số - Phụ Kiện Số,Sandisk,210,Mỹ Phẩm Xách Tay Authentic,False,False,True,available,2024-06-07 00:00:00
100387,TIKI-915-000387,Quần lót nam Boxer sợi Modal kháng khuẩn công nghệ may Seamless Canifa,253500,390000,35,4.7,362,1430,915,Thời Trang Nam,Canifa,102,Apple Flagship Store,True,True,True,available,2024-09-18 00:00:00
100388,TIKI-1883-000388,Bộ hộp cơm thủy tinh chịu nhiệt Rạng Đông Có túi giữ nhiệt cao cấp,95000,100000,5,4.5,81,502,1883,Nhà Cửa - Đời Sống,Rạng Đông,201,Điện Máy Gia Dụng Xanh,False,True,True,available,2024-02-16 00:00:00
100389,TIKI-1882-000389,Máy xay sinh tố cầm tay đa năng Lock&Lock Lưỡi dao inox 304,5600000,11200000,50,4.7,45,352,1882,Điện Gia Dụng,Lock&Lock,201,Điện Máy Gia Dụng Xanh,False,True,True,available,2024-01-31 00:00:00
100390,TIKI-8322-000390,Sách - Nhà Giả Kim - Paulo Coelho (NXB Trẻ),204000,240000,15,4.9,114,663,8322,Nhà Sách Tiki,NXB Trẻ,210,Mỹ Phẩm Xách Tay Authentic,False,False,True,available,2024-04-29 00:00:00
100391,TIKI-1789-000391,Điện thoại thông minh Xiaomi Ultra 5G Max,15200000,16000000,5,2.5,186,946,1789,Điện Thoại - Máy Tính Bảng,Xiaomi,1,Tiki Trading,True,True,True,available,2024-07-22 00:00:00
100392,TIKI-1520-000392,Kem chống nắng kiểm soát dầu La Roche-Posay SPF 50+ PA++++ 50ml,306000,510000,40,4.2,56,438,1520,Làm Đẹp - Sức Khỏe,La Roche-Posay,210,Mỹ Phẩm Xách Tay Authentic,False,True,True,available,2024-05-22 00:00:00
100393,TIKI-1815-000393,Bàn phím cơ không dây UGREEN RGB Hot-swap,3240000,3600000,10,4.8,18,68,1815,Thiết Bị Số - Phụ Kiện Số,UGREEN,1,Tiki Trading,True,True,True,low_stock,2024-05-31 00:00:00
100394,TIKI-1883-000394,Kệ để đồ đa năng thông minh tiết kiệm diện tích Rạng Đông,273000,420000,35,3.8,104,724,1883,Nhà Cửa - Đời Sống,Rạng Đông,220,Thời Trang Bụi Phố,False,True,True,available,2024-06-23 00:00:00
100395,TIKI-1520-000395,Kem chống nắng kiểm soát dầu Cocoon SPF 50+ PA++++ 50ml,456000,480000,5,4.8,191,857,1520,Làm Đẹp - Sức Khỏe,Cocoon,102,Apple Flagship Store,True,True,True,available,2024-12-26 00:00:00
100396,TIKI-8322-000396,Sách - Đắc Nhân Tâm - Khổ Lớn Đặc Biệt (Alpha Books),187000,220000,15,4.9,66,453,8322,Nhà Sách Tiki,Alpha Books,1,Tiki Trading,True,True,True,available,2024-06-25 00:00:00
100397,TIKI-1815-000397,Chuột không dây công thái học UGREEN Silent Click,6080000,7600000,20,4.9,169,1298,1815,Thiết Bị Số - Phụ Kiện Số,UGREEN,108,Anker Official Mall,True,True,True,available,2024-04-08 00:00:00
100398,TIKI-1815-000398,Chuột không dây công thái học Logitech Silent Click,2380000,2800000,15,4.5,57,399,1815,Thiết Bị Số - Phụ Kiện Số,Logitech,108,Anker Official Mall,True,True,True,available,2024-03-03 00:00:00
100399,TIKI-915-000399,Áo thun nam Cotton Compact chống nhăn co giãn Canifa,97500,150000,35,4.8,50,377,915,Thời Trang Nam,Canifa,210,Mỹ Phẩm Xách Tay Authentic,False,True,True,available,2024-10-22 00:00:00
100400,TIKI-1883-000400,Kệ để đồ đa năng thông minh tiết kiệm diện tích Rạng Đông,260000,260000,0,4.8,71,548,1883,Nhà Cửa - Đời Sống,Rạng Đông,108,Anker Official Mall,True,False,True,available,2024-01-18 00:00:00
100401,TIKI-1883-000401,Bình giữ nhiệt Inox 316 cao cấp Điện Quang Giữ nhiệt 24 giờ 800ml,494000,760000,35,4.8,6,39,1883,Nhà Cửa - Đời Sống,Điện Quang,102,Apple Flagship Store,True,False,True,available,2024-07-14 00:00:00
100402,TIKI-1882-000402,Robot hút bụi lau nhà thông minh Panasonic Laser LiDAR Tự động đổ rác,5600000,7000000,20,4.8,118,607,1882,Điện Gia Dụng,Panasonic,112,Nhà Sách FAHASA Official,True,True,True,available,2024-09-13 00:00:00
100403,TIKI-915-000403,Áo sơ mi nam công sở dài tay cao cấp Aristino,292500,450000,35,4.9,21,127,915,Thời Trang Nam,Aristino,201,Điện Máy Gia Dụng Xanh,False,True,True,available,2024-04-28 00:00:00
100404,TIKI-1883-000404,Bộ lau nhà tự vắt thông minh xoay 360 độ Inochi,315000,350000,10,4.5,165,928,1883,Nhà Cửa - Đời Sống,Inochi,201,Điện Máy Gia Dụng Xanh,False,True,True,available,2024-01-06 00:00:00
100405,TIKI-1815-000405,Bàn phím cơ không dây Marshall RGB Hot-swap,3700000,7400000,50,4.9,17,71,1815,Thiết Bị Số - Phụ Kiện Số,Marshall,112,Nhà Sách FAHASA Official,True,True,True,available,2024-04-21 00:00:00
100406,TIKI-915-000406,Quần dài Kaki dáng Slimfit co giãn tôn dáng Coolmate,322500,430000,25,4.8,102,728,915,Thời Trang Nam,Coolmate,115,Coolmate Flagship Store,True,True,True,available,2024-06-26 00:00:00
100407,TIKI-1882-000407,Máy xay sinh tố cầm tay đa năng Sunhouse Lưỡi dao inox 304,4320000,5400000,20,4.8,139,791,1882,Điện Gia Dụng,Sunhouse,210,Mỹ Phẩm Xách Tay Authentic,False,True,True,available,2024-08-17 00:00:00
100408,TIKI-1882-000408,Robot hút bụi lau nhà thông minh Cosori Laser LiDAR Tự động đổ rác,6720000,9600000,30,4.7,106,775,1882,Điện Gia Dụng,Cosori,105,Samsung Official Store,True,True,True,available,2024-02-07 00:00:00
100409,TIKI-1815-000409,Chuột không dây công thái học Marshall Silent Click,1850000,3700000,50,4.7,42,231,1815,Thiết Bị Số - Phụ Kiện Số,Marshall,112,Nhà Sách FAHASA Official,True,False,True,available,2024-07-05 00:00:00
100410,TIKI-8322-000410,Sách - Nhà Giả Kim - Paulo Coelho (Nhã Nam),119000,140000,15,4.7,343,2282,8322,Nhà Sách Tiki,Nhã Nam,1,Tiki Trading,True,True,True,available,2024-02-11 00:00:00
100411,TIKI-1789-000411,Điện thoại Apple Pro Max V2 Chính Hãng VN/A,10700000,10700000,0,4.7,94,750,1789,Điện Thoại - Máy Tính Bảng,Apple,210,Mỹ Phẩm Xách Tay Authentic,False,True,True,available,2024-02-24 00:00:00
100412,TIKI-1789-000412,Điện thoại gập Realme Flip thế hệ mới,16480000,20600000,20,4.8,21,123,1789,Điện Thoại - Máy Tính Bảng,Realme,108,Anker Official Mall,True,True,True,available,2024-03-29 00:00:00
100413,TIKI-1882-000413,Nồi cơm điện cao tần Kangaroo Lòng nồi chống dính cao cấp,4740000,7900000,40,4.8,423,2808,1882,Điện Gia Dụng,Kangaroo,210,Mỹ Phẩm Xách Tay Authentic,False,False,True,available,2024-04-01 00:00:00
100414,TIKI-915-000414,Quần dài Kaki dáng Slimfit co giãn tôn dáng Biluxury,367500,490000,25,4.8,35,136,915,Thời Trang Nam,Biluxury,210,Mỹ Phẩm Xách Tay Authentic,False,True,True,available,2024-06-07 00:00:00
100415,TIKI-1815-000415,Tai nghe không dây Bluetooth JBL Chống ồn chủ động ANC,1500000,2000000,25,4.9,96,633,1815,Thiết Bị Số - Phụ Kiện Số,JBL,210,Mỹ Phẩm Xách Tay Authentic,False,True,True,available,2024-09-09 00:00:00
100416,TIKI-1883-000416,Kệ để đồ đa năng thông minh tiết kiệm diện tích Tupperware,60000,100000,40,4.8,68,409,1883,Nhà Cửa - Đời Sống,Tupperware,108,Anker Official Mall,True,True,True,available,2024-07-22 00:00:00
100417,TIKI-915-000417,Quần dài Kaki dáng Slimfit co giãn tôn dáng Biluxury,304000,380000,20,4.9,122,710,915,Thời Trang Nam,Biluxury,201,Điện Máy Gia Dụng Xanh,False,False,True,available,2024-11-10 00:00:00
100418,TIKI-1882-000418,Nồi cơm điện cao tần Panasonic Lòng nồi chống dính cao cấp,5040000,5600000,10,4.9,126,791,1882,Điện Gia Dụng,Panasonic,102,Apple Flagship Store,True,False,True,available,2024-05-20 00:00:00
100419,TIKI-1815-000419,Tai nghe không dây Bluetooth Marshall Chống ồn chủ động ANC,7100000,7100000,0,4.9,17,80,1815,Thiết Bị Số - Phụ Kiện Số,Marshall,1,Tiki Trading,True,False,True,available,2024-08-13 00:00:00
100420,TIKI-1789-000420,Điện thoại Samsung Pro Max V2 Chính Hãng VN/A,17850000,25500000,30,4.8,197,1574,1789,Điện Thoại - Máy Tính Bảng,Samsung,108,Anker Official Mall,True,False,True,available,2024-08-26 00:00:00
100421,TIKI-1882-000421,Robot hút bụi lau nhà thông minh Lock&Lock Laser LiDAR Tự động đổ rác,10450000,11000000,5,4.8,29,218,1882,Điện Gia Dụng,Lock&Lock,112,Nhà Sách FAHASA Official,True,True,True,available,2024-05-09 00:00:00
100422,TIKI-1789-000422,Điện thoại thông minh ASUS Ultra 5G V2,20600000,20600000,0,4.9,164,643,1789,Điện Thoại - Máy Tính Bảng,ASUS,204,Phụ Kiện Công Nghệ Số 1,False,True,True,available,2024-12-07 00:00:00
100423,TIKI-915-000423,Áo sơ mi nam công sở dài tay cao cấp Routine,480000,800000,40,4.9,83,402,915,Thời Trang Nam,Routine,1,Tiki Trading,True,True,True,low_stock,2024-07-04 00:00:00
100424,TIKI-1815-000424,Củ sạc nhanh Anker GaN 65W Cổng Type-C PD Quick Charge,4400000,4400000,0,4.9,43,173,1815,Thiết Bị Số - Phụ Kiện Số,Anker,201,Điện Máy Gia Dụng Xanh,False,True,True,low_stock,2024-05-05 00:00:00
100425,TIKI-1520-000425,Sữa rửa mặt tạo bọt sạch sâu se khít lỗ chân lông Cocoon,255000,340000,25,4.7,39,224,1520,Làm Đẹp - Sức Khỏe,Cocoon,220,Thời Trang Bụi Phố,False,False,True,available,2024-12-18 00:00:00
100426,TIKI-1883-000426,Bộ hộp cơm thủy tinh chịu nhiệt Điện Quang Có túi giữ nhiệt cao cấp,174000,290000,40,4.7,21,95,1883,Nhà Cửa - Đời Sống,Điện Quang,115,Coolmate Flagship Store,True,False,True,available,2024-10-13 00:00:00
100427,TIKI-1883-000427,Bình giữ nhiệt Inox 316 cao cấp Tupperware Giữ nhiệt 24 giờ 800ml,495000,550000,10,4.9,9,60,1883,Nhà Cửa - Đời Sống,Tupperware,201,Điện Máy Gia Dụng Xanh,False,True,True,available,2024-10-14 00:00:00
100428,TIKI-8322-000428,Sách - Đắc Nhân Tâm - Khổ Lớn Đặc Biệt (NXB Kim Đồng),210000,280000,25,4.7,43,311,8322,Nhà Sách Tiki,NXB Kim Đồng,210,Mỹ Phẩm Xách Tay Authentic,False,True,True,available,2024-10-11 00:00:00
100429,TIKI-1815-000429,Chuột không dây công thái học UGREEN Silent Click,5400000,7200000,25,4.8,184,1062,1815,Thiết Bị Số - Phụ Kiện Số,UGREEN,112,Nhà Sách FAHASA Official,True,True,True,available,2024-04-05 00:00:00
100430,TIKI-1882-000430,Máy lọc không khí Sunhouse Màng lọc HEPA diệt khuẩn khử mùi,10290000,14700000,30,4.9,142,986,1882,Điện Gia Dụng,Sunhouse,102,Apple Flagship Store,True,False,True,available,2024-03-20 00:00:00
100431,TIKI-8322-000431,Sách - Thiết Kế Cuộc Đời Đáng Sống - Designing Your Life (NXB Phụ Nữ),370500,390000,5,4.9,338,1454,8322,Nhà Sách Tiki,NXB Phụ Nữ,102,Apple Flagship Store,True,True,True,available,2024-01-18 00:00:00
100432,TIKI-1815-000432,Tai nghe không dây Bluetooth Anker Chống ồn chủ động ANC,3900000,6500000,40,4.7,112,416,1815,Thiết Bị Số - Phụ Kiện Số,Anker,201,Điện Máy Gia Dụng Xanh,False,False,True,available,2024-04-24 00:00:00
100433,TIKI-1789-000433,Điện thoại gập Samsung Flip thế hệ mới,31900000,31900000,0,4.8,168,1261,1789,Điện Thoại - Máy Tính Bảng,Samsung,102,Apple Flagship Store,True,False,True,available,2024-07-08 00:00:00
100434,TIKI-1520-000434,Kem dưỡng ẩm tái tạo phục hồi màng bảo vệ da Innisfree 50ml,503500,530000,5,4.2,393,1547,1520,Làm Đẹp - Sức Khỏe,Innisfree,102,Apple Flagship Store,True,False,True,available,2024-04-29 00:00:00
100435,TIKI-1815-000435,Loa Bluetooth di động Logitech Âm bass mạnh mẽ chống nước IPX7,4440000,7400000,40,4.8,18,114,1815,Thiết Bị Số - Phụ Kiện Số,Logitech,105,Samsung Official Store,True,False,True,available,2024-07-03 00:00:00
100436,TIKI-915-000436,Áo thun nam Cotton Compact chống nhăn co giãn Canifa,560000,800000,30,4.8,133,785,915,Thời Trang Nam,Canifa,105,Samsung Official Store,True,True,True,low_stock,2024-11-04 00:00:00
100437,TIKI-1882-000437,Máy lọc không khí Kangaroo Màng lọc HEPA diệt khuẩn khử mùi,4600000,9200000,50,4.9,99,513,1882,Điện Gia Dụng,Kangaroo,201,Điện Máy Gia Dụng Xanh,False,False,True,available,2024-10-09 00:00:00
100438,TIKI-8322-000438,Sách - Tư Duy Nhanh Và Chậm - Daniel Kahneman (Nhã Nam),120000,240000,50,4.9,22,165,8322,Nhà Sách Tiki,Nhã Nam,1,Tiki Trading,True,True,True,out_of_stock,2024-01-05 00:00:00
100439,TIKI-1815-000439,Tai nghe không dây Bluetooth Marshall Chống ồn chủ động ANC,4380000,7300000,40,4.8,317,1330,1815,Thiết Bị Số - Phụ Kiện Số,Marshall,112,Nhà Sách FAHASA Official,True,True,True,available,2024-01-21 00:00:00
100440,TIKI-1815-000440,Chuột không dây công thái học JBL Silent Click,2560000,3200000,20,4.5,16,84,1815,Thiết Bị Số - Phụ Kiện Số,JBL,108,Anker Official Mall,True,False,True,available,2024-04-22 00:00:00
100441,TIKI-1882-000441,Robot hút bụi lau nhà thông minh Cosori Laser LiDAR Tự động đổ rác,1700000,3400000,50,4.7,9,64,1882,Điện Gia Dụng,Cosori,220,Thời Trang Bụi Phố,False,True,True,available,2024-07-15 00:00:00
100442,TIKI-1883-000442,Kệ để đồ đa năng thông minh tiết kiệm diện tích Lock&Lock,598500,630000,5,4.5,35,225,1883,Nhà Cửa - Đời Sống,Lock&Lock,201,Điện Máy Gia Dụng Xanh,False,True,True,available,2024-11-05 00:00:00
100443,TIKI-915-000443,Áo thun nam Cotton Compact chống nhăn co giãn Canifa,112500,150000,25,4.8,24,138,915,Thời Trang Nam,Canifa,210,Mỹ Phẩm Xách Tay Authentic,False,True,True,available,2024-04-24 00:00:00
100444,TIKI-915-000444,Quần dài Kaki dáng Slimfit co giãn tôn dáng Canifa,703000,740000,5,4.9,46,242,915,Thời Trang Nam,Canifa,220,Thời Trang Bụi Phố,False,True,True,available,2024-03-09 00:00:00
100445,TIKI-1520-000445,Kem chống nắng kiểm soát dầu The Ordinary SPF 50+ PA++++ 50ml,456000,480000,5,4.8,73,484,1520,Làm Đẹp - Sức Khỏe,The Ordinary,201,Điện Máy Gia Dụng Xanh,False,True,True,available,2024-03-11 00:00:00
100446,TIKI-8322-000446,Sách - Kỹ Năng Quản Lý Thời Gian Cho Người Bận Rộn (Nhã Nam),331500,390000,15,4.9,42,228,8322,Nhà Sách Tiki,Nhã Nam,108,Anker Official Mall,True,False,True,available,2024-12-17 00:00:00
100447,TIKI-915-000447,Quần dài Kaki dáng Slimfit co giãn tôn dáng Canifa,255000,340000,25,4.8,132,919,915,Thời Trang Nam,Canifa,115,Coolmate Flagship Store,True,True,True,available,2024-03-28 00:00:00
100448,TIKI-1883-000448,Bình giữ nhiệt Inox 316 cao cấp Tupperware Giữ nhiệt 24 giờ 800ml,331500,390000,15,4.7,25,169,1883,Nhà Cửa - Đời Sống,Tupperware,1,Tiki Trading,True,True,True,available,2024-02-14 00:00:00
100449,TIKI-1815-000449,Chuột không dây công thái học Baseus Silent Click,1360000,1700000,20,4.8,7,31,1815,Thiết Bị Số - Phụ Kiện Số,Baseus,115,Coolmate Flagship Store,True,True,True,available,2024-10-03 00:00:00
100450,TIKI-1520-000450,Nước tẩy trang dịu nhẹ cho da nhạy cảm Cocoon Micellar Water 400ml,846000,940000,10,4.7,137,711,1520,Làm Đẹp - Sức Khỏe,Cocoon,204,Phụ Kiện Công Nghệ Số 1,False,False,True,available,2024-12-06 00:00:00
100451,TIKI-1815-000451,Chuột không dây công thái học Sony Silent Click,3700000,3700000,0,4.8,353,1341,1815,Thiết Bị Số - Phụ Kiện Số,Sony,220,Thời Trang Bụi Phố,False,True,True,available,2024-12-05 00:00:00
100452,TIKI-915-000452,Áo thun nam Cotton Compact chống nhăn co giãn Routine,501500,590000,15,3.8,90,602,915,Thời Trang Nam,Routine,112,Nhà Sách FAHASA Official,True,True,True,low_stock,2024-06-11 00:00:00
100453,TIKI-1520-000453,Serum phục hồi làm dịu da cấp ẩm La Roche-Posay Niacinamide 10%,438000,730000,40,4.2,7,32,1520,Làm Đẹp - Sức Khỏe,La Roche-Posay,210,Mỹ Phẩm Xách Tay Authentic,False,True,True,available,2024-09-29 00:00:00
100454,TIKI-8322-000454,Sách - Nhà Giả Kim - Paulo Coelho (NXB Phụ Nữ),210000,280000,25,4.7,37,292,8322,Nhà Sách Tiki,NXB Phụ Nữ,115,Coolmate Flagship Store,True,True,True,available,2024-09-14 00:00:00
100455,TIKI-915-000455,Quần dài Kaki dáng Slimfit co giãn tôn dáng Routine,382500,450000,15,4.9,277,1788,915,Thời Trang Nam,Routine,1,Tiki Trading,True,False,True,available,2024-02-15 00:00:00
100456,TIKI-915-000456,Quần lót nam Boxer sợi Modal kháng khuẩn công nghệ may Seamless Owen,203000,290000,30,3.8,293,1459,915,Thời Trang Nam,Owen,108,Anker Official Mall,True,True,True,available,2024-10-05 00:00:00
100457,TIKI-1815-000457,Củ sạc nhanh Logitech GaN 65W Cổng Type-C PD Quick Charge,1400000,2000000,30,2.5,451,1873,1815,Thiết Bị Số - Phụ Kiện Số,Logitech,210,Mỹ Phẩm Xách Tay Authentic,False,True,True,available,2024-10-17 00:00:00
100458,TIKI-1520-000458,Kem chống nắng kiểm soát dầu Laneige SPF 50+ PA++++ 50ml,330000,330000,0,4.7,259,1389,1520,Làm Đẹp - Sức Khỏe,Laneige,115,Coolmate Flagship Store,True,True,True,available,2024-07-30 00:00:00
100459,TIKI-1883-000459,Kệ để đồ đa năng thông minh tiết kiệm diện tích Điện Quang,207000,230000,10,4.9,177,1106,1883,Nhà Cửa - Đời Sống,Điện Quang,108,Anker Official Mall,True,False,True,available,2024-05-17 00:00:00
100460,TIKI-1815-000460,Củ sạc nhanh Logitech GaN 65W Cổng Type-C PD Quick Charge,4560000,4800000,5,4.7,82,472,1815,Thiết Bị Số - Phụ Kiện Số,Logitech,1,Tiki Trading,True,True,True,available,2024-11-06 00:00:00
100461,TIKI-1882-000461,Nồi cơm điện cao tần Tefal Lòng nồi chống dính cao cấp,4050000,4500000,10,4.9,8,55,1882,Điện Gia Dụng,Tefal,204,Phụ Kiện Công Nghệ Số 1,False,True,True,low_stock,2024-01-09 00:00:00
100462,TIKI-1815-000462,Củ sạc nhanh Logitech GaN 65W Cổng Type-C PD Quick Charge,2950000,5900000,50,4.8,52,289,1815,Thiết Bị Số - Phụ Kiện Số,Logitech,105,Samsung Official Store,True,True,True,available,2024-05-07 00:00:00
100463,TIKI-1789-000463,Điện thoại gập Vivo Flip thế hệ mới,14050000,28100000,50,4.2,106,626,1789,Điện Thoại - Máy Tính Bảng,Vivo,115,Coolmate Flagship Store,True,False,True,available,2024-11-25 00:00:00
100464,TIKI-1520-000464,Sữa rửa mặt tạo bọt sạch sâu se khít lỗ chân lông La Roche-Posay,276000,460000,40,4.8,499,1834,1520,Làm Đẹp - Sức Khỏe,La Roche-Posay,1,Tiki Trading,True,False,True,available,2024-07-18 00:00:00
100465,TIKI-1789-000465,Máy tính bảng Samsung Tab Wifi + Cellular V2,18800000,23500000,20,4.8,70,438,1789,Điện Thoại - Máy Tính Bảng,Samsung,201,Điện Máy Gia Dụng Xanh,False,False,True,available,2024-01-29 00:00:00
100466,TIKI-1815-000466,Cáp sạc đa năng UGREEN bọc dù siêu bền truyền dữ liệu tốc độ cao,6365000,6700000,5,4.9,110,827,1815,Thiết Bị Số - Phụ Kiện Số,UGREEN,102,Apple Flagship Store,True,True,True,available,2024-10-07 00:00:00
100467,TIKI-1882-000467,Nồi chiên không dầu điện tử Cosori Dung tích 6.5L Giảm 85% dầu mỡ,3965000,6100000,35,4.9,52,333,1882,Điện Gia Dụng,Cosori,204,Phụ Kiện Công Nghệ Số 1,False,True,True,available,2024-12-31 00:00:00
100468,TIKI-1789-000468,Điện thoại Apple Pro Max Max Chính Hãng VN/A,30300000,40400000,25,4.9,152,1029,1789,Điện Thoại - Máy Tính Bảng,Apple,204,Phụ Kiện Công Nghệ Số 1,False,False,True,low_stock,2024-09-19 00:00:00
100469,TIKI-8322-000469,Sách - Tư Duy Nhanh Và Chậm - Daniel Kahneman (First News),135000,270000,50,4.5,243,1027,8322,Nhà Sách Tiki,First News,105,Samsung Official Store,True,True,True,available,2024-03-16 00:00:00
100470,TIKI-1789-000470,Máy tính bảng OPPO Tab Wifi + Cellular 512GB,20430000,22700000,10,4.9,21,92,1789,Điện Thoại - Máy Tính Bảng,OPPO,204,Phụ Kiện Công Nghệ Số 1,False,True,True,available,2024-11-15 00:00:00
100471,TIKI-8322-000471,Sách - Đắc Nhân Tâm - Khổ Lớn Đặc Biệt (Nhã Nam),314500,370000,15,4.9,134,742,8322,Nhà Sách Tiki,Nhã Nam,1,Tiki Trading,True,True,True,available,2024-08-15 00:00:00
100472,TIKI-1789-000472,Máy tính bảng Samsung Tab Wifi + Cellular Pro,18600000,18600000,0,4.9,11,55,1789,Điện Thoại - Máy Tính Bảng,Samsung,210,Mỹ Phẩm Xách Tay Authentic,False,True,True,available,2024-03-16 00:00:00
100473,TIKI-1883-000473,Kệ để đồ đa năng thông minh tiết kiệm diện tích Rạng Đông,152000,160000,5,4.8,28,182,1883,Nhà Cửa - Đời Sống,Rạng Đông,102,Apple Flagship Store,True,False,True,available,2024-11-09 00:00:00
100474,TIKI-1520-000474,Kem dưỡng ẩm tái tạo phục hồi màng bảo vệ da Laneige 50ml,550000,1100000,50,4.8,9,62,1520,Làm Đẹp - Sức Khỏe,Laneige,204,Phụ Kiện Công Nghệ Số 1,False,True,True,low_stock,2024-06-15 00:00:00
100475,TIKI-1883-000475,Bộ lau nhà tự vắt thông minh xoay 360 độ Duy Tân,144000,180000,20,4.8,20,147,1883,Nhà Cửa - Đời Sống,Duy Tân,210,Mỹ Phẩm Xách Tay Authentic,False,False,True,available,2024-06-18 00:00:00
100476,TIKI-1815-000476,Loa Bluetooth di động Logitech Âm bass mạnh mẽ chống nước IPX7,4560000,7600000,40,3.2,84,554,1815,Thiết Bị Số - Phụ Kiện Số,Logitech,102,Apple Flagship Store,True,True,True,available,2024-12-28 00:00:00
100477,TIKI-1883-000477,Kệ để đồ đa năng thông minh tiết kiệm diện tích Lock&Lock,495000,550000,10,4.7,87,589,1883,Nhà Cửa - Đời Sống,Lock&Lock,220,Thời Trang Bụi Phố,False,True,True,available,2024-09-12 00:00:00
100478,TIKI-1520-000478,Nước tẩy trang dịu nhẹ cho da nhạy cảm L'Oreal Paris Micellar Water 400ml,300000,300000,0,4.8,196,1336,1520,Làm Đẹp - Sức Khỏe,L'Oreal Paris,1,Tiki Trading,True,False,True,out_of_stock,2024-04-17 00:00:00
100479,TIKI-8322-000479,Sách - Thiết Kế Cuộc Đời Đáng Sống - Designing Your Life (NXB Trẻ),190000,190000,0,4.7,145,673,8322,Nhà Sách Tiki,NXB Trẻ,210,Mỹ Phẩm Xách Tay Authentic,False,True,True,available,2024-02-05 00:00:00
100480,TIKI-1520-000480,Kem chống nắng kiểm soát dầu Innisfree SPF 50+ PA++++ 50ml,406000,580000,30,4.7,119,432,1520,Làm Đẹp - Sức Khỏe,Innisfree,115,Coolmate Flagship Store,True,True,True,available,2024-03-31 00:00:00
100481,TIKI-1882-000481,Nồi cơm điện cao tần Cosori Lòng nồi chống dính cao cấp,2860000,4400000,35,4.9,79,584,1882,Điện Gia Dụng,Cosori,1,Tiki Trading,True,True,True,available,2024-06-21 00:00:00
100482,TIKI-8322-000482,Sách - Tâm Lý Học Về Tiền - Morgan Housel (NXB Phụ Nữ),125000,250000,50,4.7,50,295,8322,Nhà Sách Tiki,NXB Phụ Nữ,210,Mỹ Phẩm Xách Tay Authentic,False,False,True,available,2024-04-17 00:00:00
100483,TIKI-1883-000483,Bộ hộp cơm thủy tinh chịu nhiệt Lock&Lock Có túi giữ nhiệt cao cấp,97500,130000,25,3.2,123,896,1883,Nhà Cửa - Đời Sống,Lock&Lock,112,Nhà Sách FAHASA Official,True,False,True,available,2024-10-20 00:00:00
100484,TIKI-1520-000484,Nước tẩy trang dịu nhẹ cho da nhạy cảm La Roche-Posay Micellar Water 400ml,1050000,1050000,0,4.9,15,111,1520,Làm Đẹp - Sức Khỏe,La Roche-Posay,115,Coolmate Flagship Store,True,True,True,available,2024-07-10 00:00:00
100485,TIKI-1882-000485,Máy xay sinh tố cầm tay đa năng Sunhouse Lưỡi dao inox 304,2850000,3800000,25,4.7,185,1407,1882,Điện Gia Dụng,Sunhouse,105,Samsung Official Store,True,False,True,available,2024-08-16 00:00:00
100486,TIKI-8322-000486,Sách - Nhà Giả Kim - Paulo Coelho (First News),216000,360000,40,4.8,52,362,8322,Nhà Sách Tiki,First News,115,Coolmate Flagship Store,True,False,True,available,2024-02-21 00:00:00
100487,TIKI-1815-000487,Cáp sạc đa năng Logitech bọc dù siêu bền truyền dữ liệu tốc độ cao,3120000,5200000,40,4.9,49,181,1815,Thiết Bị Số - Phụ Kiện Số,Logitech,204,Phụ Kiện Công Nghệ Số 1,False,True,True,available,2024-11-01 00:00:00
100488,TIKI-1789-000488,Máy tính bảng Apple Tab Wifi + Cellular 128GB,20315000,23900000,15,4.8,30,142,1789,Điện Thoại - Máy Tính Bảng,Apple,220,Thời Trang Bụi Phố,False,True,True,available,2024-06-13 00:00:00
100489,TIKI-1882-000489,Robot hút bụi lau nhà thông minh Tefal Laser LiDAR Tự động đổ rác,650000,1300000,50,4.8,17,101,1882,Điện Gia Dụng,Tefal,102,Apple Flagship Store,True,True,True,available,2024-10-09 00:00:00
100490,TIKI-915-000490,Áo sơ mi nam công sở dài tay cao cấp Aristino,294500,310000,5,4.8,272,1613,915,Thời Trang Nam,Aristino,108,Anker Official Mall,True,True,True,available,2024-01-27 00:00:00
100491,TIKI-915-000491,Áo thun nam Cotton Compact chống nhăn co giãn Coolmate,147000,210000,30,4.8,151,1134,915,Thời Trang Nam,Coolmate,1,Tiki Trading,True,False,True,available,2024-11-19 00:00:00
100492,TIKI-1520-000492,Nước tẩy trang dịu nhẹ cho da nhạy cảm Innisfree Micellar Water 400ml,636000,1060000,40,4.9,312,2165,1520,Làm Đẹp - Sức Khỏe,Innisfree,108,Anker Official Mall,True,True,True,available,2024-10-18 00:00:00
100493,TIKI-1883-000493,Bộ lau nhà tự vắt thông minh xoay 360 độ Điện Quang,318500,490000,35,4.8,358,1484,1883,Nhà Cửa - Đời Sống,Điện Quang,204,Phụ Kiện Công Nghệ Số 1,False,True,True,low_stock,2024-11-12 00:00:00
100494,TIKI-8322-000494,Sách - Kỹ Năng Quản Lý Thời Gian Cho Người Bận Rộn (NXB Kim Đồng),169000,260000,35,4.8,13,52,8322,Nhà Sách Tiki,NXB Kim Đồng,115,Coolmate Flagship Store,True,True,True,available,2024-09-03 00:00:00
100495,TIKI-1882-000495,Máy xay sinh tố cầm tay đa năng Kangaroo Lưỡi dao inox 304,13300000,14000000,5,4.8,155,617,1882,Điện Gia Dụng,Kangaroo,105,Samsung Official Store,True,False,True,available,2024-10-12 00:00:00
100496,TIKI-1882-000496,Nồi cơm điện cao tần Cosori Lòng nồi chống dính cao cấp,3550000,7100000,50,4.9,25,141,1882,Điện Gia Dụng,Cosori,201,Điện Máy Gia Dụng Xanh,False,True,True,available,2024-02-04 00:00:00
100497,TIKI-915-000497,Quần dài Kaki dáng Slimfit co giãn tôn dáng Owen,318000,530000,40,4.7,27,175,915,Thời Trang Nam,Owen,201,Điện Máy Gia Dụng Xanh,False,False,True,available,2024-12-31 00:00:00
100498,TIKI-1789-000498,Điện thoại gập Vivo Flip thế hệ mới,8385000,12900000,35,4.9,379,1445,1789,Điện Thoại - Máy Tính Bảng,Vivo,210,Mỹ Phẩm Xách Tay Authentic,False,False,True,available,2024-02-26 00:00:00
100499,TIKI-1883-000499,Kệ để đồ đa năng thông minh tiết kiệm diện tích Tupperware,178500,210000,15,4.5,266,2012,1883,Nhà Cửa - Đời Sống,Tupperware,1,Tiki Trading,True,True,True,available,2024-11-22 00:00:00
100500,TIKI-915-000500,Quần dài Kaki dáng Slimfit co giãn tôn dáng An Phước,295000,590000,50,4.8,31,203,915,Thời Trang Nam,An Phước,112,Nhà Sách FAHASA Official,True,True,True,available,2024-06-12 00:00:00
100501,TIKI-915-000501,Quần dài Kaki dáng Slimfit co giãn tôn dáng Routine,105000,210000,50,4.9,520,2765,915,Thời Trang Nam,Routine,115,Coolmate Flagship Store,True,True,True,available,2024-03-07 00:00:00
100502,TIKI-1520-000502,Kem chống nắng kiểm soát dầu La Roche-Posay SPF 50+ PA++++ 50ml,900000,1200000,25,4.9,44,160,1520,Làm Đẹp - Sức Khỏe,La Roche-Posay,210,Mỹ Phẩm Xách Tay Authentic,False,False,True,available,2024-08-10 00:00:00
100503,TIKI-915-000503,Quần dài Kaki dáng Slimfit co giãn tôn dáng Routine,390000,650000,40,4.9,27,111,915,Thời Trang Nam,Routine,201,Điện Máy Gia Dụng Xanh,False,True,True,available,2024-10-12 00:00:00
100504,TIKI-1882-000504,Robot hút bụi lau nhà thông minh Sharp Laser LiDAR Tự động đổ rác,4400000,4400000,0,4.9,6,40,1882,Điện Gia Dụng,Sharp,105,Samsung Official Store,True,False,True,available,2024-09-07 00:00:00
100505,TIKI-1815-000505,Củ sạc nhanh Anker GaN 65W Cổng Type-C PD Quick Charge,3050000,6100000,50,4.2,122,676,1815,Thiết Bị Số - Phụ Kiện Số,Anker,201,Điện Máy Gia Dụng Xanh,False,False,True,available,2024-08-06 00:00:00
100506,TIKI-8322-000506,Sách - Nhà Giả Kim - Paulo Coelho (Alpha Books),30000,60000,50,4.8,162,1086,8322,Nhà Sách Tiki,Alpha Books,201,Điện Máy Gia Dụng Xanh,False,True,True,low_stock,2024-05-18 00:00:00
100507,TIKI-1520-000507,Kem chống nắng kiểm soát dầu Innisfree SPF 50+ PA++++ 50ml,570000,760000,25,4.9,83,548,1520,Làm Đẹp - Sức Khỏe,Innisfree,220,Thời Trang Bụi Phố,False,False,True,available,2024-03-14 00:00:00
100508,TIKI-1883-000508,Bộ lau nhà tự vắt thông minh xoay 360 độ Lock&Lock,380000,760000,50,4.9,81,553,1883,Nhà Cửa - Đời Sống,Lock&Lock,102,Apple Flagship Store,True,True,True,available,2024-12-09 00:00:00
100509,TIKI-1520-000509,Kem dưỡng ẩm tái tạo phục hồi màng bảo vệ da Cocoon 50ml,157500,210000,25,4.8,6,33,1520,Làm Đẹp - Sức Khỏe,Cocoon,220,Thời Trang Bụi Phố,False,False,True,available,2024-08-29 00:00:00
100510,TIKI-8322-000510,Sách - Nguyên Lý Big Data & Học Máy Ứng Dụng (Alpha Books),160000,160000,0,4.7,114,554,8322,Nhà Sách Tiki,Alpha Books,112,Nhà Sách FAHASA Official,True,True,True,available,2024-10-16 00:00:00
100511,TIKI-8322-000511,Sách - Nhà Giả Kim - Paulo Coelho (First News),120000,240000,50,4.9,84,341,8322,Nhà Sách Tiki,First News,1,Tiki Trading,True,True,True,available,2024-02-10 00:00:00
100512,TIKI-1520-000512,Nước tẩy trang dịu nhẹ cho da nhạy cảm Innisfree Micellar Water 400ml,152000,160000,5,4.7,294,2006,1520,Làm Đẹp - Sức Khỏe,Innisfree,112,Nhà Sách FAHASA Official,True,True,True,available,2024-12-04 00:00:00
100513,TIKI-1815-000513,Cáp sạc đa năng JBL bọc dù siêu bền truyền dữ liệu tốc độ cao,1560000,2600000,40,4.5,55,213,1815,Thiết Bị Số - Phụ Kiện Số,JBL,204,Phụ Kiện Công Nghệ Số 1,False,False,True,low_stock,2024-03-16 00:00:00
100514,TIKI-1815-000514,Bàn phím cơ không dây UGREEN RGB Hot-swap,2145000,3300000,35,4.7,26,158,1815,Thiết Bị Số - Phụ Kiện Số,UGREEN,201,Điện Máy Gia Dụng Xanh,False,True,True,available,2024-06-26 00:00:00
100515,TIKI-1883-000515,Bộ hộp cơm thủy tinh chịu nhiệt Duy Tân Có túi giữ nhiệt cao cấp,396500,610000,35,4.8,169,1163,1883,Nhà Cửa - Đời Sống,Duy Tân,204,Phụ Kiện Công Nghệ Số 1,False,True,True,available,2024-09-30 00:00:00
100516,TIKI-915-000516,Quần dài Kaki dáng Slimfit co giãn tôn dáng Canifa,539000,770000,30,4.9,319,1760,915,Thời Trang Nam,Canifa,105,Samsung Official Store,True,True,True,low_stock,2024-12-14 00:00:00
100517,TIKI-915-000517,Áo thun nam Cotton Compact chống nhăn co giãn Coolmate,325000,650000,50,4.2,239,1196,915,Thời Trang Nam,Coolmate,115,Coolmate Flagship Store,True,True,True,available,2024-05-17 00:00:00
100518,TIKI-1520-000518,Sữa rửa mặt tạo bọt sạch sâu se khít lỗ chân lông Vichy,540000,1080000,50,4.7,93,609,1520,Làm Đẹp - Sức Khỏe,Vichy,108,Anker Official Mall,True,True,True,available,2024-04-03 00:00:00
100519,TIKI-915-000519,Áo thun nam Cotton Compact chống nhăn co giãn Coolmate,132000,220000,40,4.9,75,336,915,Thời Trang Nam,Coolmate,201,Điện Máy Gia Dụng Xanh,False,True,True,available,2024-05-26 00:00:00
100520,TIKI-1789-000520,Điện thoại Vivo Pro Max 128GB Chính Hãng VN/A,35360000,41600000,15,3.8,126,842,1789,Điện Thoại - Máy Tính Bảng,Vivo,220,Thời Trang Bụi Phố,False,True,True,low_stock,2024-03-03 00:00:00
100521,TIKI-1815-000521,Cáp sạc đa năng Sandisk bọc dù siêu bền truyền dữ liệu tốc độ cao,2470000,2600000,5,4.7,40,224,1815,Thiết Bị Số - Phụ Kiện Số,Sandisk,220,Thời Trang Bụi Phố,False,False,True,available,2024-02-09 00:00:00
100522,TIKI-1882-000522,Máy lọc không khí Sharp Màng lọc HEPA diệt khuẩn khử mùi,2240000,2800000,20,4.7,62,309,1882,Điện Gia Dụng,Sharp,105,Samsung Official Store,True,True,True,low_stock,2024-02-01 00:00:00
100523,TIKI-1882-000523,Nồi cơm điện cao tần Tefal Lòng nồi chống dính cao cấp,3050000,6100000,50,4.8,129,514,1882,Điện Gia Dụng,Tefal,204,Phụ Kiện Công Nghệ Số 1,False,True,True,available,2024-10-04 00:00:00
100524,TIKI-915-000524,Quần dài Kaki dáng Slimfit co giãn tôn dáng Coolmate,230000,230000,0,4.9,106,490,915,Thời Trang Nam,Coolmate,112,Nhà Sách FAHASA Official,True,True,True,low_stock,2024-08-17 00:00:00
100525,TIKI-1815-000525,Tai nghe không dây Bluetooth Sony Chống ồn chủ động ANC,3330000,3700000,10,4.7,286,1740,1815,Thiết Bị Số - Phụ Kiện Số,Sony,201,Điện Máy Gia Dụng Xanh,False,False,True,low_stock,2024-09-21 00:00:00
100526,TIKI-8322-000526,Sách - Tư Duy Nhanh Và Chậm - Daniel Kahneman (Nhã Nam),340000,400000,15,4.9,374,2685,8322,Nhà Sách Tiki,Nhã Nam,102,Apple Flagship Store,True,True,True,available,2024-09-04 00:00:00
100527,TIKI-1882-000527,Máy lọc không khí Kangaroo Màng lọc HEPA diệt khuẩn khử mùi,2475000,3300000,25,4.8,394,1521,1882,Điện Gia Dụng,Kangaroo,1,Tiki Trading,True,True,True,available,2024-08-24 00:00:00
100528,TIKI-1815-000528,Bàn phím cơ không dây Sony RGB Hot-swap,2870000,4100000,30,4.5,124,634,1815,Thiết Bị Số - Phụ Kiện Số,Sony,108,Anker Official Mall,True,False,True,available,2024-02-14 00:00:00
100529,TIKI-1815-000529,Tai nghe không dây Bluetooth Baseus Chống ồn chủ động ANC,6630000,7800000,15,4.8,12,71,1815,Thiết Bị Số - Phụ Kiện Số,Baseus,1,Tiki Trading,True,True,True,available,2024-06-07 00:00:00
100530,TIKI-1883-000530,Bộ hộp cơm thủy tinh chịu nhiệt Tupperware Có túi giữ nhiệt cao cấp,127500,170000,25,4.7,10,40,1883,Nhà Cửa - Đời Sống,Tupperware,115,Coolmate Flagship Store,True,False,True,available,2024-12-01 00:00:00
100531,TIKI-915-000531,Quần lót nam Boxer sợi Modal kháng khuẩn công nghệ may Seamless Aristino,370500,390000,5,4.9,23,148,915,Thời Trang Nam,Aristino,220,Thời Trang Bụi Phố,False,False,True,available,2024-08-30 00:00:00
100532,TIKI-915-000532,Quần lót nam Boxer sợi Modal kháng khuẩn công nghệ may Seamless Biluxury,128000,160000,20,4.5,17,106,915,Thời Trang Nam,Biluxury,105,Samsung Official Store,True,True,True,available,2024-10-30 00:00:00
100533,TIKI-1789-000533,Điện thoại gập Apple Flip thế hệ mới,18240000,19200000,5,4.5,71,507,1789,Điện Thoại - Máy Tính Bảng,Apple,220,Thời Trang Bụi Phố,False,True,True,available,2024-12-14 00:00:00
100534,TIKI-915-000534,Quần lót nam Boxer sợi Modal kháng khuẩn công nghệ may Seamless Owen,75000,150000,50,4.9,12,56,915,Thời Trang Nam,Owen,108,Anker Official Mall,True,True,True,available,2024-08-01 00:00:00
100535,TIKI-1520-000535,Sữa rửa mặt tạo bọt sạch sâu se khít lỗ chân lông L'Oreal Paris,180000,200000,10,4.9,230,1438,1520,Làm Đẹp - Sức Khỏe,L'Oreal Paris,220,Thời Trang Bụi Phố,False,True,True,low_stock,2024-03-22 00:00:00
100536,TIKI-1789-000536,Điện thoại Apple Pro Max 256GB Chính Hãng VN/A,22050000,44100000,50,4.5,69,492,1789,Điện Thoại - Máy Tính Bảng,Apple,102,Apple Flagship Store,True,False,True,available,2024-09-01 00:00:00
100537,TIKI-1815-000537,Loa Bluetooth di động JBL Âm bass mạnh mẽ chống nước IPX7,2970000,3300000,10,4.7,9,38,1815,Thiết Bị Số - Phụ Kiện Số,JBL,201,Điện Máy Gia Dụng Xanh,False,False,True,low_stock,2024-09-13 00:00:00
100538,TIKI-915-000538,Áo sơ mi nam công sở dài tay cao cấp Aristino,60000,100000,40,4.9,20,117,915,Thời Trang Nam,Aristino,201,Điện Máy Gia Dụng Xanh,False,False,True,available,2024-02-19 00:00:00
100539,TIKI-1883-000539,Bình giữ nhiệt Inox 316 cao cấp Rạng Đông Giữ nhiệt 24 giờ 800ml,450000,450000,0,4.9,196,1290,1883,Nhà Cửa - Đời Sống,Rạng Đông,108,Anker Official Mall,True,True,True,available,2024-08-31 00:00:00
100540,TIKI-915-000540,Áo thun nam Cotton Compact chống nhăn co giãn Coolmate,391000,460000,15,4.8,53,377,915,Thời Trang Nam,Coolmate,115,Coolmate Flagship Store,True,True,True,available,2024-08-21 00:00:00
100541,TIKI-1789-000541,Điện thoại thông minh Vivo Ultra 5G 256GB,19680000,32800000,40,4.9,275,1855,1789,Điện Thoại - Máy Tính Bảng,Vivo,1,Tiki Trading,True,False,True,available,2024-10-31 00:00:00
100542,TIKI-1815-000542,Củ sạc nhanh Marshall GaN 65W Cổng Type-C PD Quick Charge,3740000,4400000,15,4.9,165,1223,1815,Thiết Bị Số - Phụ Kiện Số,Marshall,102,Apple Flagship Store,True,True,True,available,2024-07-12 00:00:00
100543,TIKI-1520-000543,Kem chống nắng kiểm soát dầu Vichy SPF 50+ PA++++ 50ml,210000,420000,50,4.8,63,259,1520,Làm Đẹp - Sức Khỏe,Vichy,105,Samsung Official Store,True,False,True,available,2024-04-10 00:00:00
100544,TIKI-1882-000544,Máy lọc không khí Sunhouse Màng lọc HEPA diệt khuẩn khử mùi,2000000,2500000,20,4.9,233,1296,1882,Điện Gia Dụng,Sunhouse,1,Tiki Trading,True,True,True,available,2024-03-29 00:00:00
100545,TIKI-1882-000545,Máy xay sinh tố cầm tay đa năng Tefal Lưỡi dao inox 304,6460000,6800000,5,4.8,93,686,1882,Điện Gia Dụng,Tefal,220,Thời Trang Bụi Phố,False,False,True,available,2024-04-21 00:00:00
100546,TIKI-8322-000546,Sách - Tâm Lý Học Về Tiền - Morgan Housel (Alpha Books),178500,210000,15,4.8,108,811,8322,Nhà Sách Tiki,Alpha Books,201,Điện Máy Gia Dụng Xanh,False,True,True,low_stock,2024-10-30 00:00:00
100547,TIKI-1789-000547,Điện thoại OPPO Pro Max 128GB Chính Hãng VN/A,33800000,33800000,0,4.8,65,464,1789,Điện Thoại - Máy Tính Bảng,OPPO,204,Phụ Kiện Công Nghệ Số 1,False,True,True,available,2024-12-23 00:00:00
100548,TIKI-1815-000548,Loa Bluetooth di động Anker Âm bass mạnh mẽ chống nước IPX7,4675000,5500000,15,4.9,47,301,1815,Thiết Bị Số - Phụ Kiện Số,Anker,1,Tiki Trading,True,True,True,available,2024-02-17 00:00:00
100549,TIKI-1882-000549,Nồi cơm điện cao tần Tefal Lòng nồi chống dính cao cấp,1040000,1600000,35,4.8,22,146,1882,Điện Gia Dụng,Tefal,220,Thời Trang Bụi Phố,False,True,True,available,2024-04-05 00:00:00
100550,TIKI-915-000550,Áo thun nam Cotton Compact chống nhăn co giãn Biluxury,442500,590000,25,4.8,47,323,915,Thời Trang Nam,Biluxury,102,Apple Flagship Store,True,False,True,available,2024-12-24 00:00:00
100551,TIKI-1883-000551,Bộ hộp cơm thủy tinh chịu nhiệt Inochi Có túi giữ nhiệt cao cấp,102000,170000,40,4.2,139,1041,1883,Nhà Cửa - Đời Sống,Inochi,115,Coolmate Flagship Store,True,True,True,available,2024-02-27 00:00:00
100552,TIKI-1520-000552,Nước tẩy trang dịu nhẹ cho da nhạy cảm La Roche-Posay Micellar Water 400ml,582000,970000,40,4.7,103,719,1520,Làm Đẹp - Sức Khỏe,La Roche-Posay,105,Samsung Official Store,True,True,True,available,2024-03-12 00:00:00
100553,TIKI-1789-000553,Điện thoại gập Realme Flip thế hệ mới,37315000,43900000,15,4.7,176,869,1789,Điện Thoại - Máy Tính Bảng,Realme,220,Thời Trang Bụi Phố,False,False,True,available,2024-05-17 00:00:00
100554,TIKI-1882-000554,Nồi chiên không dầu điện tử Philips Dung tích 6.5L Giảm 85% dầu mỡ,8125000,12500000,35,4.8,217,1218,1882,Điện Gia Dụng,Philips,115,Coolmate Flagship Store,True,False,True,available,2024-09-30 00:00:00
100555,TIKI-1882-000555,Máy xay sinh tố cầm tay đa năng Cosori Lưỡi dao inox 304,3770000,5800000,35,4.9,64,275,1882,Điện Gia Dụng,Cosori,102,Apple Flagship Store,True,True,True,available,2024-02-10 00:00:00
100556,TIKI-1789-000556,Điện thoại thông minh Realme Ultra 5G V2,11040000,18400000,40,3.8,7,37,1789,Điện Thoại - Máy Tính Bảng,Realme,105,Samsung Official Store,True,False,True,low_stock,2024-12-16 00:00:00
100557,TIKI-8322-000557,Sách - Tư Duy Nhanh Và Chậm - Daniel Kahneman (Alpha Books),204000,240000,15,4.9,251,1140,8322,Nhà Sách Tiki,Alpha Books,1,Tiki Trading,True,False,True,available,2024-09-24 00:00:00
100558,TIKI-1520-000558,Nước tẩy trang dịu nhẹ cho da nhạy cảm Innisfree Micellar Water 400ml,600000,1000000,40,4.5,75,365,1520,Làm Đẹp - Sức Khỏe,Innisfree,220,Thời Trang Bụi Phố,False,True,True,available,2024-03-09 00:00:00
100559,TIKI-1882-000559,Nồi cơm điện cao tần Sunhouse Lòng nồi chống dính cao cấp,1980000,2200000,10,4.8,78,331,1882,Điện Gia Dụng,Sunhouse,112,Nhà Sách FAHASA Official,True,False,True,available,2024-03-24 00:00:00
100560,TIKI-1815-000560,Cáp sạc đa năng Baseus bọc dù siêu bền truyền dữ liệu tốc độ cao,1955000,2300000,15,4.9,614,3736,1815,Thiết Bị Số - Phụ Kiện Số,Baseus,105,Samsung Official Store,True,True,True,available,2024-08-14 00:00:00
100561,TIKI-1815-000561,Cáp sạc đa năng Sony bọc dù siêu bền truyền dữ liệu tốc độ cao,1575000,2100000,25,4.8,449,2649,1815,Thiết Bị Số - Phụ Kiện Số,Sony,115,Coolmate Flagship Store,True,True,True,available,2024-03-04 00:00:00
100562,TIKI-8322-000562,Sách - Tư Duy Nhanh Và Chậm - Daniel Kahneman (NXB Kim Đồng),36000,60000,40,3.8,53,353,8322,Nhà Sách Tiki,NXB Kim Đồng,105,Samsung Official Store,True,True,True,low_stock,2024-08-31 00:00:00
100563,TIKI-1883-000563,Bình giữ nhiệt Inox 316 cao cấp Rạng Đông Giữ nhiệt 24 giờ 800ml,495000,660000,25,4.7,162,1223,1883,Nhà Cửa - Đời Sống,Rạng Đông,220,Thời Trang Bụi Phố,False,False,True,available,2024-03-13 00:00:00
100564,TIKI-1882-000564,Nồi cơm điện cao tần Philips Lòng nồi chống dính cao cấp,9300000,12400000,25,4.9,11,70,1882,Điện Gia Dụng,Philips,108,Anker Official Mall,True,False,True,available,2024-10-26 00:00:00
100565,TIKI-1883-000565,Bình giữ nhiệt Inox 316 cao cấp Lock&Lock Giữ nhiệt 24 giờ 800ml,507000,780000,35,4.7,384,3030,1883,Nhà Cửa - Đời Sống,Lock&Lock,102,Apple Flagship Store,True,True,True,available,2024-07-21 00:00:00
100566,TIKI-1520-000566,Kem dưỡng ẩm tái tạo phục hồi màng bảo vệ da Laneige 50ml,585000,650000,10,4.7,71,371,1520,Làm Đẹp - Sức Khỏe,Laneige,115,Coolmate Flagship Store,True,True,True,available,2024-01-08 00:00:00
100567,TIKI-1882-000567,Máy xay sinh tố cầm tay đa năng Cosori Lưỡi dao inox 304,8610000,12300000,30,4.5,45,320,1882,Điện Gia Dụng,Cosori,108,Anker Official Mall,True,False,True,low_stock,2024-08-06 00:00:00
100568,TIKI-1815-000568,Củ sạc nhanh Anker GaN 65W Cổng Type-C PD Quick Charge,3780000,6300000,40,3.2,13,101,1815,Thiết Bị Số - Phụ Kiện Số,Anker,112,Nhà Sách FAHASA Official,True,True,True,available,2024-07-12 00:00:00
100569,TIKI-915-000569,Quần dài Kaki dáng Slimfit co giãn tôn dáng Routine,345000,690000,50,4.7,22,95,915,Thời Trang Nam,Routine,210,Mỹ Phẩm Xách Tay Authentic,False,True,True,available,2024-07-15 00:00:00
100570,TIKI-1789-000570,Máy tính bảng ASUS Tab Wifi + Cellular 2024 Edition,15275000,23500000,35,4.8,79,286,1789,Điện Thoại - Máy Tính Bảng,ASUS,220,Thời Trang Bụi Phố,False,True,True,available,2024-01-03 00:00:00
100571,TIKI-915-000571,Quần dài Kaki dáng Slimfit co giãn tôn dáng Aristino,567000,630000,10,4.8,144,662,915,Thời Trang Nam,Aristino,112,Nhà Sách FAHASA Official,True,True,True,available,2024-03-03 00:00:00
100572,TIKI-1789-000572,Máy tính bảng Vivo Tab Wifi + Cellular Pro,25830000,36900000,30,4.5,123,693,1789,Điện Thoại - Máy Tính Bảng,Vivo,204,Phụ Kiện Công Nghệ Số 1,False,True,True,available,2024-12-22 00:00:00
100573,TIKI-915-000573,Áo thun nam Cotton Compact chống nhăn co giãn Owen,150000,300000,50,4.9,51,380,915,Thời Trang Nam,Owen,112,Nhà Sách FAHASA Official,True,True,True,available,2024-03-11 00:00:00
100574,TIKI-1882-000574,Nồi cơm điện cao tần Kangaroo Lòng nồi chống dính cao cấp,1760000,2200000,20,4.9,127,488,1882,Điện Gia Dụng,Kangaroo,115,Coolmate Flagship Store,True,False,True,available,2024-04-10 00:00:00
100575,TIKI-1789-000575,Điện thoại thông minh Vivo Ultra 5G Pro,19280000,24100000,20,4.9,148,759,1789,Điện Thoại - Máy Tính Bảng,Vivo,115,Coolmate Flagship Store,True,False,True,available,2024-10-01 00:00:00
100576,TIKI-1815-000576,Củ sạc nhanh Sony GaN 65W Cổng Type-C PD Quick Charge,3250000,5000000,35,4.8,309,1308,1815,Thiết Bị Số - Phụ Kiện Số,Sony,112,Nhà Sách FAHASA Official,True,True,True,available,2024-04-22 00:00:00
100577,TIKI-1883-000577,Bộ hộp cơm thủy tinh chịu nhiệt Inochi Có túi giữ nhiệt cao cấp,180500,190000,5,4.5,313,1770,1883,Nhà Cửa - Đời Sống,Inochi,204,Phụ Kiện Công Nghệ Số 1,False,False,True,available,2024-06-09 00:00:00
100578,TIKI-1883-000578,Kệ để đồ đa năng thông minh tiết kiệm diện tích Tupperware,123500,130000,5,4.9,238,985,1883,Nhà Cửa - Đời Sống,Tupperware,112,Nhà Sách FAHASA Official,True,True,True,available,2024-04-27 00:00:00
100579,TIKI-1815-000579,Bàn phím cơ không dây Anker RGB Hot-swap,1200000,1200000,0,4.7,174,642,1815,Thiết Bị Số - Phụ Kiện Số,Anker,102,Apple Flagship Store,True,True,True,available,2024-02-26 00:00:00
100580,TIKI-1520-000580,Kem chống nắng kiểm soát dầu Laneige SPF 50+ PA++++ 50ml,470000,470000,0,4.9,137,944,1520,Làm Đẹp - Sức Khỏe,Laneige,102,Apple Flagship Store,True,False,True,available,2024-03-05 00:00:00
100581,TIKI-1815-000581,Cáp sạc đa năng Baseus bọc dù siêu bền truyền dữ liệu tốc độ cao,1260000,1400000,10,4.5,346,2688,1815,Thiết Bị Số - Phụ Kiện Số,Baseus,1,Tiki Trading,True,True,True,available,2024-06-28 00:00:00
100582,TIKI-1520-000582,Kem dưỡng ẩm tái tạo phục hồi màng bảo vệ da Cocoon 50ml,826500,870000,5,4.9,108,384,1520,Làm Đẹp - Sức Khỏe,Cocoon,210,Mỹ Phẩm Xách Tay Authentic,False,False,True,available,2024-04-22 00:00:00
100583,TIKI-1882-000583,Máy xay sinh tố cầm tay đa năng Tefal Lưỡi dao inox 304,3840000,6400000,40,4.5,82,544,1882,Điện Gia Dụng,Tefal,102,Apple Flagship Store,True,True,True,available,2024-04-05 00:00:00
100584,TIKI-1789-000584,Máy tính bảng Samsung Tab Wifi + Cellular V2,11340000,18900000,40,4.9,19,150,1789,Điện Thoại - Máy Tính Bảng,Samsung,201,Điện Máy Gia Dụng Xanh,False,True,True,available,2024-03-05 00:00:00
100585,TIKI-1815-000585,Chuột không dây công thái học UGREEN Silent Click,7400000,7400000,0,4.9,86,449,1815,Thiết Bị Số - Phụ Kiện Số,UGREEN,112,Nhà Sách FAHASA Official,True,False,True,available,2024-08-22 00:00:00
100586,TIKI-915-000586,Quần dài Kaki dáng Slimfit co giãn tôn dáng Aristino,496000,620000,20,3.2,72,529,915,Thời Trang Nam,Aristino,210,Mỹ Phẩm Xách Tay Authentic,False,False,True,available,2024-09-01 00:00:00
100587,TIKI-1789-000587,Điện thoại gập Realme Flip thế hệ mới,18330000,28200000,35,4.8,140,565,1789,Điện Thoại - Máy Tính Bảng,Realme,102,Apple Flagship Store,True,True,True,available,2024-07-22 00:00:00
100588,TIKI-1789-000588,Điện thoại thông minh Realme Ultra 5G 128GB,13575000,18100000,25,4.9,227,1207,1789,Điện Thoại - Máy Tính Bảng,Realme,115,Coolmate Flagship Store,True,True,True,available,2024-04-30 00:00:00
100589,TIKI-1882-000589,Nồi cơm điện cao tần Panasonic Lòng nồi chống dính cao cấp,7345000,11300000,35,4.8,24,133,1882,Điện Gia Dụng,Panasonic,204,Phụ Kiện Công Nghệ Số 1,False,True,True,available,2024-03-04 00:00:00
100590,TIKI-1815-000590,Tai nghe không dây Bluetooth Baseus Chống ồn chủ động ANC,715000,1100000,35,4.7,434,2266,1815,Thiết Bị Số - Phụ Kiện Số,Baseus,1,Tiki Trading,True,True,True,available,2024-12-14 00:00:00
100591,TIKI-1520-000591,Kem chống nắng kiểm soát dầu Laneige SPF 50+ PA++++ 50ml,594000,990000,40,4.7,193,850,1520,Làm Đẹp - Sức Khỏe,Laneige,102,Apple Flagship Store,True,True,True,available,2024-12-05 00:00:00
100592,TIKI-1882-000592,Máy xay sinh tố cầm tay đa năng Kangaroo Lưỡi dao inox 304,1260000,1800000,30,4.5,20,110,1882,Điện Gia Dụng,Kangaroo,1,Tiki Trading,True,True,True,available,2024-07-12 00:00:00
100593,TIKI-1789-000593,Máy tính bảng Samsung Tab Wifi + Cellular Max,23170000,33100000,30,4.9,155,882,1789,Điện Thoại - Máy Tính Bảng,Samsung,105,Samsung Official Store,True,False,True,available,2024-02-27 00:00:00
100594,TIKI-915-000594,Quần dài Kaki dáng Slimfit co giãn tôn dáng Owen,180000,300000,40,4.9,41,252,915,Thời Trang Nam,Owen,210,Mỹ Phẩm Xách Tay Authentic,False,False,True,available,2024-07-13 00:00:00
100595,TIKI-1883-000595,Kệ để đồ đa năng thông minh tiết kiệm diện tích Lock&Lock,135000,150000,10,4.5,56,382,1883,Nhà Cửa - Đời Sống,Lock&Lock,1,Tiki Trading,True,False,True,available,2024-01-15 00:00:00
100596,TIKI-1789-000596,Máy tính bảng OPPO Tab Wifi + Cellular 512GB,25900000,25900000,0,4.7,39,250,1789,Điện Thoại - Máy Tính Bảng,OPPO,201,Điện Máy Gia Dụng Xanh,False,True,True,low_stock,2024-10-31 00:00:00
100597,TIKI-1789-000597,Máy tính bảng ASUS Tab Wifi + Cellular 128GB,16600000,16600000,0,4.8,9,58,1789,Điện Thoại - Máy Tính Bảng,ASUS,115,Coolmate Flagship Store,True,False,True,available,2024-08-05 00:00:00
100598,TIKI-8322-000598,Sách - Tâm Lý Học Về Tiền - Morgan Housel (Alpha Books),52500,70000,25,4.8,64,388,8322,Nhà Sách Tiki,Alpha Books,204,Phụ Kiện Công Nghệ Số 1,False,True,True,available,2024-09-08 00:00:00
100599,TIKI-1815-000599,Bàn phím cơ không dây Marshall RGB Hot-swap,1200000,2400000,50,4.9,423,1864,1815,Thiết Bị Số - Phụ Kiện Số,Marshall,115,Coolmate Flagship Store,True,True,True,available,2024-11-22 00:00:00
100600,TIKI-1520-000600,Nước tẩy trang dịu nhẹ cho da nhạy cảm L'Oreal Paris Micellar Water 400ml,265000,530000,50,4.8,35,239,1520,Làm Đẹp - Sức Khỏe,L'Oreal Paris,1,Tiki Trading,True,False,True,available,2024-02-18 00:00:00
100601,TIKI-1789-000601,Máy tính bảng Vivo Tab Wifi + Cellular 512GB,22200000,37000000,40,4.8,33,233,1789,Điện Thoại - Máy Tính Bảng,Vivo,102,Apple Flagship Store,True,True,True,available,2024-11-30 00:00:00
100602,TIKI-1882-000602,Máy xay sinh tố cầm tay đa năng Sharp Lưỡi dao inox 304,8120000,11600000,30,4.9,91,593,1882,Điện Gia Dụng,Sharp,108,Anker Official Mall,True,True,True,low_stock,2024-10-08 00:00:00
100603,TIKI-915-000603,Quần lót nam Boxer sợi Modal kháng khuẩn công nghệ may Seamless Biluxury,240500,370000,35,4.9,126,899,915,Thời Trang Nam,Biluxury,204,Phụ Kiện Công Nghệ Số 1,False,False,True,available,2024-08-11 00:00:00
100604,TIKI-1789-000604,Điện thoại thông minh Vivo Ultra 5G 512GB,13175000,15500000,15,4.9,143,693,1789,Điện Thoại - Máy Tính Bảng,Vivo,204,Phụ Kiện Công Nghệ Số 1,False,True,True,available,2024-08-11 00:00:00
100605,TIKI-1883-000605,Bình giữ nhiệt Inox 316 cao cấp Duy Tân Giữ nhiệt 24 giờ 800ml,352000,440000,20,4.7,40,248,1883,Nhà Cửa - Đời Sống,Duy Tân,201,Điện Máy Gia Dụng Xanh,False,True,True,available,2024-07-27 00:00:00
100606,TIKI-1815-000606,Củ sạc nhanh Sony GaN 65W Cổng Type-C PD Quick Charge,4030000,6200000,35,4.8,73,468,1815,Thiết Bị Số - Phụ Kiện Số,Sony,112,Nhà Sách FAHASA Official,True,True,True,available,2024-01-20 00:00:00
100607,TIKI-1815-000607,Chuột không dây công thái học Sony Silent Click,6570000,7300000,10,4.7,10,67,1815,Thiết Bị Số - Phụ Kiện Số,Sony,112,Nhà Sách FAHASA Official,True,True,True,low_stock,2024-01-12 00:00:00
100608,TIKI-1789-000608,Máy tính bảng Xiaomi Tab Wifi + Cellular 2024 Edition,21600000,28800000,25,4.7,265,1400,1789,Điện Thoại - Máy Tính Bảng,Xiaomi,102,Apple Flagship Store,True,True,True,available,2024-03-13 00:00:00
100609,TIKI-915-000609,Áo thun nam Cotton Compact chống nhăn co giãn Owen,616000,770000,20,4.8,16,99,915,Thời Trang Nam,Owen,220,Thời Trang Bụi Phố,False,True,True,available,2024-06-10 00:00:00
100610,TIKI-915-000610,Quần lót nam Boxer sợi Modal kháng khuẩn công nghệ may Seamless Canifa,266000,280000,5,4.9,425,2327,915,Thời Trang Nam,Canifa,108,Anker Official Mall,True,False,True,available,2024-05-11 00:00:00
100611,TIKI-1520-000611,Kem chống nắng kiểm soát dầu Innisfree SPF 50+ PA++++ 50ml,448500,690000,35,4.7,401,2990,1520,Làm Đẹp - Sức Khỏe,Innisfree,210,Mỹ Phẩm Xách Tay Authentic,False,True,True,available,2024-03-16 00:00:00
100612,TIKI-1882-000612,Nồi chiên không dầu điện tử Panasonic Dung tích 6.5L Giảm 85% dầu mỡ,1800000,1800000,0,4.7,191,874,1882,Điện Gia Dụng,Panasonic,220,Thời Trang Bụi Phố,False,True,True,available,2024-10-10 00:00:00
100613,TIKI-915-000613,Áo thun nam Cotton Compact chống nhăn co giãn Routine,462000,660000,30,4.9,393,3015,915,Thời Trang Nam,Routine,108,Anker Official Mall,True,True,True,available,2024-05-11 00:00:00
100614,TIKI-1883-000614,Kệ để đồ đa năng thông minh tiết kiệm diện tích Inochi,495000,660000,25,4.5,179,953,1883,Nhà Cửa - Đời Sống,Inochi,105,Samsung Official Store,True,True,True,low_stock,2024-01-19 00:00:00
100615,TIKI-1883-000615,Bộ lau nhà tự vắt thông minh xoay 360 độ Tupperware,364000,520000,30,4.5,210,1514,1883,Nhà Cửa - Đời Sống,Tupperware,201,Điện Máy Gia Dụng Xanh,False,True,True,available,2024-12-24 00:00:00
100616,TIKI-1882-000616,Máy xay sinh tố cầm tay đa năng Sharp Lưỡi dao inox 304,6045000,9300000,35,4.7,177,1130,1882,Điện Gia Dụng,Sharp,210,Mỹ Phẩm Xách Tay Authentic,False,False,True,available,2024-04-05 00:00:00
100617,TIKI-915-000617,Áo thun nam Cotton Compact chống nhăn co giãn An Phước,367500,490000,25,4.8,19,87,915,Thời Trang Nam,An Phước,108,Anker Official Mall,True,True,True,available,2024-11-29 00:00:00
100618,TIKI-915-000618,Áo sơ mi nam công sở dài tay cao cấp Canifa,216000,270000,20,4.9,112,557,915,Thời Trang Nam,Canifa,204,Phụ Kiện Công Nghệ Số 1,False,True,True,available,2024-05-25 00:00:00
100619,TIKI-1882-000619,Nồi cơm điện cao tần Tefal Lòng nồi chống dính cao cấp,6700000,6700000,0,4.2,312,2000,1882,Điện Gia Dụng,Tefal,220,Thời Trang Bụi Phố,False,True,True,low_stock,2024-11-17 00:00:00
100620,TIKI-8322-000620,Sách - Thiết Kế Cuộc Đời Đáng Sống - Designing Your Life (NXB Kim Đồng),63000,90000,30,4.7,115,479,8322,Nhà Sách Tiki,NXB Kim Đồng,105,Samsung Official Store,True,True,True,low_stock,2024-07-08 00:00:00
100621,TIKI-1789-000621,Điện thoại gập Apple Flip thế hệ mới,27560000,42400000,35,4.9,155,675,1789,Điện Thoại - Máy Tính Bảng,Apple,204,Phụ Kiện Công Nghệ Số 1,False,True,True,available,2024-05-17 00:00:00
100622,TIKI-8322-000622,Sách - Tư Duy Nhanh Và Chậm - Daniel Kahneman (NXB Kim Đồng),152000,190000,20,4.7,30,129,8322,Nhà Sách Tiki,NXB Kim Đồng,108,Anker Official Mall,True,True,True,available,2024-03-16 00:00:00
100623,TIKI-1882-000623,Máy xay sinh tố cầm tay đa năng Sunhouse Lưỡi dao inox 304,5200000,10400000,50,4.7,78,276,1882,Điện Gia Dụng,Sunhouse,108,Anker Official Mall,True,True,True,out_of_stock,2024-03-10 00:00:00
100624,TIKI-8322-000624,Sách - Nhà Giả Kim - Paulo Coelho (NXB Phụ Nữ),165000,330000,50,4.9,17,63,8322,Nhà Sách Tiki,NXB Phụ Nữ,201,Điện Máy Gia Dụng Xanh,False,True,True,available,2024-06-20 00:00:00
100625,TIKI-1882-000625,Nồi chiên không dầu điện tử Philips Dung tích 6.5L Giảm 85% dầu mỡ,8560000,10700000,20,3.8,138,565,1882,Điện Gia Dụng,Philips,210,Mỹ Phẩm Xách Tay Authentic,False,True,True,available,2024-10-14 00:00:00
100626,TIKI-1882-000626,Máy xay sinh tố cầm tay đa năng Tefal Lưỡi dao inox 304,11610000,12900000,10,4.9,153,833,1882,Điện Gia Dụng,Tefal,115,Coolmate Flagship Store,True,True,True,available,2024-05-14 00:00:00
100627,TIKI-1815-000627,Chuột không dây công thái học UGREEN Silent Click,4640000,5800000,20,4.2,41,296,1815,Thiết Bị Số - Phụ Kiện Số,UGREEN,115,Coolmate Flagship Store,True,False,True,available,2024-05-16 00:00:00
100628,TIKI-1815-000628,Cáp sạc đa năng Marshall bọc dù siêu bền truyền dữ liệu tốc độ cao,4810000,7400000,35,4.9,24,108,1815,Thiết Bị Số - Phụ Kiện Số,Marshall,105,Samsung Official Store,True,True,True,available,2024-01-20 00:00:00
100629,TIKI-915-000629,Quần dài Kaki dáng Slimfit co giãn tôn dáng Canifa,97500,150000,35,4.8,153,869,915,Thời Trang Nam,Canifa,204,Phụ Kiện Công Nghệ Số 1,False,True,True,available,2024-09-10 00:00:00
100630,TIKI-1883-000630,Bộ hộp cơm thủy tinh chịu nhiệt Inochi Có túi giữ nhiệt cao cấp,288000,360000,20,4.9,27,156,1883,Nhà Cửa - Đời Sống,Inochi,102,Apple Flagship Store,True,False,True,low_stock,2024-05-20 00:00:00
100631,TIKI-1520-000631,Kem dưỡng ẩm tái tạo phục hồi màng bảo vệ da L'Oreal Paris 50ml,565000,1130000,50,4.9,308,1419,1520,Làm Đẹp - Sức Khỏe,L'Oreal Paris,210,Mỹ Phẩm Xách Tay Authentic,False,False,True,available,2024-09-13 00:00:00
100632,TIKI-1882-000632,Máy lọc không khí Philips Màng lọc HEPA diệt khuẩn khử mùi,8250000,11000000,25,4.8,367,2666,1882,Điện Gia Dụng,Philips,102,Apple Flagship Store,True,True,True,available,2024-03-20 00:00:00
100633,TIKI-1883-000633,Bộ lau nhà tự vắt thông minh xoay 360 độ Điện Quang,75000,100000,25,3.8,133,1034,1883,Nhà Cửa - Đời Sống,Điện Quang,112,Nhà Sách FAHASA Official,True,False,True,out_of_stock,2024-06-16 00:00:00
100634,TIKI-1883-000634,Bình giữ nhiệt Inox 316 cao cấp Rạng Đông Giữ nhiệt 24 giờ 800ml,345000,460000,25,4.7,168,1001,1883,Nhà Cửa - Đời Sống,Rạng Đông,1,Tiki Trading,True,True,True,available,2024-11-05 00:00:00
100635,TIKI-1882-000635,Robot hút bụi lau nhà thông minh Tefal Laser LiDAR Tự động đổ rác,3200000,3200000,0,4.5,26,182,1882,Điện Gia Dụng,Tefal,201,Điện Máy Gia Dụng Xanh,False,False,True,available,2024-05-26 00:00:00
100636,TIKI-915-000636,Áo thun nam Cotton Compact chống nhăn co giãn An Phước,520000,650000,20,4.2,116,593,915,Thời Trang Nam,An Phước,204,Phụ Kiện Công Nghệ Số 1,False,True,True,available,2024-02-20 00:00:00
100637,TIKI-8322-000637,Sách - Tư Duy Nhanh Và Chậm - Daniel Kahneman (Nhã Nam),313500,330000,5,4.7,204,1277,8322,Nhà Sách Tiki,Nhã Nam,112,Nhà Sách FAHASA Official,True,False,True,available,2024-08-11 00:00:00
100638,TIKI-1789-000638,Máy tính bảng Vivo Tab Wifi + Cellular V2,36990000,41100000,10,4.2,94,602,1789,Điện Thoại - Máy Tính Bảng,Vivo,108,Anker Official Mall,True,True,True,available,2024-02-13 00:00:00
100639,TIKI-1789-000639,Điện thoại gập ASUS Flip thế hệ mới,11600000,14500000,20,4.5,93,449,1789,Điện Thoại - Máy Tính Bảng,ASUS,105,Samsung Official Store,True,False,True,available,2024-01-26 00:00:00
100640,TIKI-1789-000640,Điện thoại Vivo Pro Max Pro Chính Hãng VN/A,27645000,29100000,5,4.8,157,1123,1789,Điện Thoại - Máy Tính Bảng,Vivo,201,Điện Máy Gia Dụng Xanh,False,True,True,available,2024-07-01 00:00:00
100641,TIKI-1883-000641,Bộ hộp cơm thủy tinh chịu nhiệt Rạng Đông Có túi giữ nhiệt cao cấp,288000,320000,10,4.5,10,53,1883,Nhà Cửa - Đời Sống,Rạng Đông,204,Phụ Kiện Công Nghệ Số 1,False,True,True,available,2024-12-27 00:00:00
100642,TIKI-915-000642,Quần dài Kaki dáng Slimfit co giãn tôn dáng Canifa,477000,530000,10,4.9,14,110,915,Thời Trang Nam,Canifa,112,Nhà Sách FAHASA Official,True,False,True,available,2024-05-13 00:00:00
100643,TIKI-1520-000643,Kem chống nắng kiểm soát dầu La Roche-Posay SPF 50+ PA++++ 50ml,144000,160000,10,4.7,78,415,1520,Làm Đẹp - Sức Khỏe,La Roche-Posay,102,Apple Flagship Store,True,False,True,available,2024-12-03 00:00:00
100644,TIKI-8322-000644,Sách - Đắc Nhân Tâm - Khổ Lớn Đặc Biệt (Alpha Books),203000,290000,30,4.5,16,65,8322,Nhà Sách Tiki,Alpha Books,220,Thời Trang Bụi Phố,False,True,True,available,2024-04-08 00:00:00
100645,TIKI-915-000645,Áo thun nam Cotton Compact chống nhăn co giãn An Phước,238000,280000,15,4.8,123,867,915,Thời Trang Nam,An Phước,204,Phụ Kiện Công Nghệ Số 1,False,True,True,available,2024-04-08 00:00:00
100646,TIKI-8322-000646,Sách - Tư Duy Nhanh Và Chậm - Daniel Kahneman (NXB Kim Đồng),117000,130000,10,4.2,166,913,8322,Nhà Sách Tiki,NXB Kim Đồng,1,Tiki Trading,True,True,True,available,2024-09-06 00:00:00
100647,TIKI-8322-000647,Sách - Nhà Giả Kim - Paulo Coelho (First News),310000,310000,0,4.8,17,124,8322,Nhà Sách Tiki,First News,112,Nhà Sách FAHASA Official,True,True,True,available,2024-08-10 00:00:00
100648,TIKI-915-000648,Áo sơ mi nam công sở dài tay cao cấp Owen,396500,610000,35,4.8,159,1225,915,Thời Trang Nam,Owen,204,Phụ Kiện Công Nghệ Số 1,False,True,True,available,2024-09-07 00:00:00
100649,TIKI-1520-000649,Sữa rửa mặt tạo bọt sạch sâu se khít lỗ chân lông La Roche-Posay,807500,850000,5,4.9,130,975,1520,Làm Đẹp - Sức Khỏe,La Roche-Posay,115,Coolmate Flagship Store,True,True,True,available,2024-03-01 00:00:00
100650,TIKI-915-000650,Quần dài Kaki dáng Slimfit co giãn tôn dáng Routine,108000,120000,10,4.9,30,151,915,Thời Trang Nam,Routine,201,Điện Máy Gia Dụng Xanh,False,False,True,available,2024-04-29 00:00:00
100651,TIKI-915-000651,Quần dài Kaki dáng Slimfit co giãn tôn dáng Routine,413000,590000,30,4.5,139,945,915,Thời Trang Nam,Routine,112,Nhà Sách FAHASA Official,True,True,True,available,2024-08-30 00:00:00
100652,TIKI-1882-000652,Nồi cơm điện cao tần Lock&Lock Lòng nồi chống dính cao cấp,5490000,6100000,10,4.7,17,91,1882,Điện Gia Dụng,Lock&Lock,105,Samsung Official Store,True,True,True,available,2024-09-10 00:00:00
100653,TIKI-1520-000653,Kem chống nắng kiểm soát dầu La Roche-Posay SPF 50+ PA++++ 50ml,540000,600000,10,4.9,240,1383,1520,Làm Đẹp - Sức Khỏe,La Roche-Posay,112,Nhà Sách FAHASA Official,True,True,True,available,2024-02-03 00:00:00
100654,TIKI-1520-000654,Kem chống nắng kiểm soát dầu L'Oreal Paris SPF 50+ PA++++ 50ml,616000,770000,20,2.5,189,1315,1520,Làm Đẹp - Sức Khỏe,L'Oreal Paris,108,Anker Official Mall,True,True,True,low_stock,2024-10-13 00:00:00
100655,TIKI-1883-000655,Bộ hộp cơm thủy tinh chịu nhiệt Điện Quang Có túi giữ nhiệt cao cấp,429000,660000,35,3.8,174,1372,1883,Nhà Cửa - Đời Sống,Điện Quang,1,Tiki Trading,True,False,True,available,2024-11-09 00:00:00
100656,TIKI-1789-000656,Điện thoại ASUS Pro Max Pro Chính Hãng VN/A,15675000,16500000,5,4.5,295,1240,1789,Điện Thoại - Máy Tính Bảng,ASUS,102,Apple Flagship Store,True,False,True,available,2024-05-30 00:00:00
100657,TIKI-1520-000657,Kem chống nắng kiểm soát dầu Vichy SPF 50+ PA++++ 50ml,513000,570000,10,4.9,32,251,1520,Làm Đẹp - Sức Khỏe,Vichy,115,Coolmate Flagship Store,True,True,True,available,2024-01-05 00:00:00
100658,TIKI-8322-000658,Sách - Thiết Kế Cuộc Đời Đáng Sống - Designing Your Life (Alpha Books),88000,110000,20,4.8,173,886,8322,Nhà Sách Tiki,Alpha Books,105,Samsung Official Store,True,True,True,available,2024-12-07 00:00:00
100659,TIKI-1883-000659,Bộ lau nhà tự vắt thông minh xoay 360 độ Rạng Đông,189000,270000,30,4.8,68,378,1883,Nhà Cửa - Đời Sống,Rạng Đông,108,Anker Official Mall,True,False,True,available,2024-09-22 00:00:00
100660,TIKI-1789-000660,Điện thoại thông minh OPPO Ultra 5G 2024 Edition,26820000,44700000,40,4.2,15,73,1789,Điện Thoại - Máy Tính Bảng,OPPO,1,Tiki Trading,True,True,True,available,2024-03-26 00:00:00
100661,TIKI-1883-000661,Bình giữ nhiệt Inox 316 cao cấp Duy Tân Giữ nhiệt 24 giờ 800ml,608000,760000,20,4.8,265,1763,1883,Nhà Cửa - Đời Sống,Duy Tân,1,Tiki Trading,True,False,True,available,2024-06-05 00:00:00
100662,TIKI-1882-000662,Máy lọc không khí Philips Màng lọc HEPA diệt khuẩn khử mùi,3290000,4700000,30,4.8,32,190,1882,Điện Gia Dụng,Philips,220,Thời Trang Bụi Phố,False,False,True,available,2024-11-13 00:00:00
100663,TIKI-1882-000663,Robot hút bụi lau nhà thông minh Sharp Laser LiDAR Tự động đổ rác,1140000,1900000,40,4.8,159,1086,1882,Điện Gia Dụng,Sharp,102,Apple Flagship Store,True,False,True,out_of_stock,2024-03-06 00:00:00
100664,TIKI-1882-000664,Nồi chiên không dầu điện tử Sunhouse Dung tích 6.5L Giảm 85% dầu mỡ,5340000,8900000,40,4.8,126,454,1882,Điện Gia Dụng,Sunhouse,210,Mỹ Phẩm Xách Tay Authentic,False,False,True,available,2024-10-04 00:00:00
100665,TIKI-1883-000665,Bộ lau nhà tự vắt thông minh xoay 360 độ Lock&Lock,127500,170000,25,4.9,89,361,1883,Nhà Cửa - Đời Sống,Lock&Lock,102,Apple Flagship Store,True,True,True,available,2024-11-30 00:00:00
100666,TIKI-1520-000666,Kem chống nắng kiểm soát dầu The Ordinary SPF 50+ PA++++ 50ml,225000,450000,50,4.8,274,1733,1520,Làm Đẹp - Sức Khỏe,The Ordinary,115,Coolmate Flagship Store,True,False,True,available,2024-10-01 00:00:00
100667,TIKI-1882-000667,Máy xay sinh tố cầm tay đa năng Panasonic Lưỡi dao inox 304,6360000,10600000,40,4.7,18,104,1882,Điện Gia Dụng,Panasonic,105,Samsung Official Store,True,True,True,available,2024-04-09 00:00:00
100668,TIKI-1815-000668,Bàn phím cơ không dây Sandisk RGB Hot-swap,700000,1000000,30,4.5,82,451,1815,Thiết Bị Số - Phụ Kiện Số,Sandisk,102,Apple Flagship Store,True,False,True,available,2024-07-09 00:00:00
100669,TIKI-1520-000669,Kem dưỡng ẩm tái tạo phục hồi màng bảo vệ da Laneige 50ml,240000,480000,50,4.8,71,389,1520,Làm Đẹp - Sức Khỏe,Laneige,201,Điện Máy Gia Dụng Xanh,False,False,True,out_of_stock,2024-09-08 00:00:00
100670,TIKI-1883-000670,Bình giữ nhiệt Inox 316 cao cấp Inochi Giữ nhiệt 24 giờ 800ml,468000,720000,35,4.9,151,1115,1883,Nhà Cửa - Đời Sống,Inochi,105,Samsung Official Store,True,False,True,available,2024-03-02 00:00:00
100671,TIKI-8322-000671,Sách - Kỹ Năng Quản Lý Thời Gian Cho Người Bận Rộn (NXB Trẻ),275500,290000,5,4.7,68,274,8322,Nhà Sách Tiki,NXB Trẻ,210,Mỹ Phẩm Xách Tay Authentic,False,True,True,available,2024-10-20 00:00:00
100672,TIKI-1815-000672,Chuột không dây công thái học Anker Silent Click,3280000,4100000,20,4.8,192,794,1815,Thiết Bị Số - Phụ Kiện Số,Anker,115,Coolmate Flagship Store,True,True,True,available,2024-10-29 00:00:00
100673,TIKI-1882-000673,Robot hút bụi lau nhà thông minh Panasonic Laser LiDAR Tự động đổ rác,950000,1000000,5,4.8,13,48,1882,Điện Gia Dụng,Panasonic,204,Phụ Kiện Công Nghệ Số 1,False,False,True,available,2024-09-04 00:00:00
100674,TIKI-8322-000674,Sách - Nguyên Lý Big Data & Học Máy Ứng Dụng (Alpha Books),126000,140000,10,4.8,79,436,8322,Nhà Sách Tiki,Alpha Books,204,Phụ Kiện Công Nghệ Số 1,False,True,True,low_stock,2024-08-18 00:00:00
100675,TIKI-1882-000675,Máy xay sinh tố cầm tay đa năng Lock&Lock Lưỡi dao inox 304,7980000,11400000,30,4.9,65,385,1882,Điện Gia Dụng,Lock&Lock,220,Thời Trang Bụi Phố,False,True,True,available,2024-12-10 00:00:00
100676,TIKI-915-000676,Quần lót nam Boxer sợi Modal kháng khuẩn công nghệ may Seamless Coolmate,294000,490000,40,4.7,128,497,915,Thời Trang Nam,Coolmate,1,Tiki Trading,True,False,True,available,2024-11-13 00:00:00
100677,TIKI-1789-000677,Điện thoại thông minh Vivo Ultra 5G 2024 Edition,33700000,33700000,0,4.9,335,1443,1789,Điện Thoại - Máy Tính Bảng,Vivo,204,Phụ Kiện Công Nghệ Số 1,False,True,True,available,2024-01-11 00:00:00
100678,TIKI-1815-000678,Tai nghe không dây Bluetooth UGREEN Chống ồn chủ động ANC,6000000,8000000,25,4.8,10,73,1815,Thiết Bị Số - Phụ Kiện Số,UGREEN,210,Mỹ Phẩm Xách Tay Authentic,False,True,True,available,2024-01-13 00:00:00
100679,TIKI-8322-000679,Sách - Nguyên Lý Big Data & Học Máy Ứng Dụng (NXB Trẻ),240000,300000,20,4.9,473,2808,8322,Nhà Sách Tiki,NXB Trẻ,115,Coolmate Flagship Store,True,True,True,available,2024-05-27 00:00:00
100680,TIKI-1883-000680,Bình giữ nhiệt Inox 316 cao cấp Duy Tân Giữ nhiệt 24 giờ 800ml,310000,310000,0,4.7,52,188,1883,Nhà Cửa - Đời Sống,Duy Tân,201,Điện Máy Gia Dụng Xanh,False,True,True,available,2024-01-31 00:00:00
100681,TIKI-1882-000681,Nồi cơm điện cao tần Tefal Lòng nồi chống dính cao cấp,10070000,10600000,5,4.9,37,228,1882,Điện Gia Dụng,Tefal,112,Nhà Sách FAHASA Official,True,True,True,available,2024-05-02 00:00:00
100682,TIKI-1520-000682,Kem chống nắng kiểm soát dầu Vichy SPF 50+ PA++++ 50ml,357500,550000,35,4.8,13,47,1520,Làm Đẹp - Sức Khỏe,Vichy,1,Tiki Trading,True,True,True,low_stock,2024-11-21 00:00:00
100683,TIKI-1789-000683,Điện thoại Xiaomi Pro Max 256GB Chính Hãng VN/A,37170000,41300000,10,4.8,67,259,1789,Điện Thoại - Máy Tính Bảng,Xiaomi,210,Mỹ Phẩm Xách Tay Authentic,False,False,True,available,2024-11-22 00:00:00
100684,TIKI-1815-000684,Loa Bluetooth di động Marshall Âm bass mạnh mẽ chống nước IPX7,4970000,7100000,30,3.8,102,376,1815,Thiết Bị Số - Phụ Kiện Số,Marshall,108,Anker Official Mall,True,False,True,available,2024-08-26 00:00:00
100685,TIKI-1815-000685,Tai nghe không dây Bluetooth Sony Chống ồn chủ động ANC,6320000,7900000,20,4.5,62,315,1815,Thiết Bị Số - Phụ Kiện Số,Sony,112,Nhà Sách FAHASA Official,True,True,True,available,2024-11-20 00:00:00
100686,TIKI-1520-000686,Kem chống nắng kiểm soát dầu Innisfree SPF 50+ PA++++ 50ml,826500,870000,5,4.8,65,263,1520,Làm Đẹp - Sức Khỏe,Innisfree,210,Mỹ Phẩm Xách Tay Authentic,False,False,True,available,2024-03-13 00:00:00
100687,TIKI-1882-000687,Robot hút bụi lau nhà thông minh Sharp Laser LiDAR Tự động đổ rác,6825000,9100000,25,4.7,472,3155,1882,Điện Gia Dụng,Sharp,210,Mỹ Phẩm Xách Tay Authentic,False,True,True,available,2024-05-20 00:00:00
100688,TIKI-1882-000688,Robot hút bụi lau nhà thông minh Kangaroo Laser LiDAR Tự động đổ rác,9400000,9400000,0,4.2,22,168,1882,Điện Gia Dụng,Kangaroo,220,Thời Trang Bụi Phố,False,True,True,available,2024-11-08 00:00:00
100689,TIKI-1789-000689,Điện thoại thông minh Realme Ultra 5G V2,28340000,43600000,35,4.7,97,683,1789,Điện Thoại - Máy Tính Bảng,Realme,210,Mỹ Phẩm Xách Tay Authentic,False,False,True,available,2024-11-29 00:00:00
100690,TIKI-1789-000690,Điện thoại gập ASUS Flip thế hệ mới,18200000,26000000,30,4.5,58,249,1789,Điện Thoại - Máy Tính Bảng,ASUS,102,Apple Flagship Store,True,True,True,available,2024-12-23 00:00:00
100691,TIKI-1882-000691,Nồi cơm điện cao tần Sunhouse Lòng nồi chống dính cao cấp,1200000,1500000,20,4.7,153,667,1882,Điện Gia Dụng,Sunhouse,108,Anker Official Mall,True,False,True,available,2024-11-11 00:00:00
100692,TIKI-915-000692,Quần lót nam Boxer sợi Modal kháng khuẩn công nghệ may Seamless An Phước,112000,140000,20,4.8,151,940,915,Thời Trang Nam,An Phước,115,Coolmate Flagship Store,True,True,True,out_of_stock,2024-01-05 00:00:00
100693,TIKI-915-000693,Áo thun nam Cotton Compact chống nhăn co giãn Canifa,481000,740000,35,4.9,30,204,915,Thời Trang Nam,Canifa,112,Nhà Sách FAHASA Official,True,False,True,available,2024-12-11 00:00:00
100694,TIKI-1815-000694,Loa Bluetooth di động Anker Âm bass mạnh mẽ chống nước IPX7,1520000,1900000,20,4.2,237,1769,1815,Thiết Bị Số - Phụ Kiện Số,Anker,102,Apple Flagship Store,True,True,True,available,2024-05-21 00:00:00
100695,TIKI-1789-000695,Máy tính bảng Realme Tab Wifi + Cellular Max,31200000,31200000,0,4.2,127,983,1789,Điện Thoại - Máy Tính Bảng,Realme,210,Mỹ Phẩm Xách Tay Authentic,False,True,True,available,2024-01-28 00:00:00
100696,TIKI-8322-000696,Sách - Tâm Lý Học Về Tiền - Morgan Housel (Alpha Books),227500,350000,35,4.8,175,1308,8322,Nhà Sách Tiki,Alpha Books,210,Mỹ Phẩm Xách Tay Authentic,False,True,True,available,2024-04-25 00:00:00
100697,TIKI-8322-000697,Sách - Tư Duy Nhanh Và Chậm - Daniel Kahneman (First News),263500,310000,15,4.8,259,1847,8322,Nhà Sách Tiki,First News,1,Tiki Trading,True,False,True,available,2024-04-26 00:00:00
100698,TIKI-1789-000698,Điện thoại thông minh Samsung Ultra 5G 256GB,22705000,23900000,5,4.7,17,96,1789,Điện Thoại - Máy Tính Bảng,Samsung,115,Coolmate Flagship Store,True,False,True,available,2024-01-14 00:00:00
100699,TIKI-1882-000699,Robot hút bụi lau nhà thông minh Panasonic Laser LiDAR Tự động đổ rác,5325000,7100000,25,4.5,211,1231,1882,Điện Gia Dụng,Panasonic,204,Phụ Kiện Công Nghệ Số 1,False,True,True,available,2024-05-02 00:00:00
100700,TIKI-1520-000700,Kem chống nắng kiểm soát dầu Vichy SPF 50+ PA++++ 50ml,845500,890000,5,4.9,12,43,1520,Làm Đẹp - Sức Khỏe,Vichy,204,Phụ Kiện Công Nghệ Số 1,False,False,True,available,2024-06-10 00:00:00
100701,TIKI-1815-000701,Bàn phím cơ không dây Sony RGB Hot-swap,5510000,5800000,5,4.9,11,41,1815,Thiết Bị Số - Phụ Kiện Số,Sony,112,Nhà Sách FAHASA Official,True,True,True,available,2024-07-15 00:00:00
100702,TIKI-1883-000702,Bình giữ nhiệt Inox 316 cao cấp Tupperware Giữ nhiệt 24 giờ 800ml,71500,110000,35,4.8,195,1454,1883,Nhà Cửa - Đời Sống,Tupperware,220,Thời Trang Bụi Phố,False,True,True,available,2024-11-14 00:00:00
100703,TIKI-915-000703,Áo thun nam Cotton Compact chống nhăn co giãn Aristino,260000,520000,50,4.9,18,111,915,Thời Trang Nam,Aristino,210,Mỹ Phẩm Xách Tay Authentic,False,False,True,available,2024-02-05 00:00:00
100704,TIKI-1815-000704,Cáp sạc đa năng Baseus bọc dù siêu bền truyền dữ liệu tốc độ cao,3360000,4800000,30,4.8,121,524,1815,Thiết Bị Số - Phụ Kiện Số,Baseus,112,Nhà Sách FAHASA Official,True,True,True,available,2024-03-12 00:00:00
100705,TIKI-1882-000705,Máy xay sinh tố cầm tay đa năng Sharp Lưỡi dao inox 304,4450000,8900000,50,4.5,184,766,1882,Điện Gia Dụng,Sharp,115,Coolmate Flagship Store,True,False,True,available,2024-06-08 00:00:00
100706,TIKI-1882-000706,Máy xay sinh tố cầm tay đa năng Philips Lưỡi dao inox 304,2040000,2400000,15,4.8,221,1627,1882,Điện Gia Dụng,Philips,105,Samsung Official Store,True,True,True,available,2024-08-05 00:00:00
100707,TIKI-1815-000707,Tai nghe không dây Bluetooth Logitech Chống ồn chủ động ANC,4095000,6300000,35,4.8,53,323,1815,Thiết Bị Số - Phụ Kiện Số,Logitech,108,Anker Official Mall,True,False,True,available,2024-06-21 00:00:00
100708,TIKI-1882-000708,Nồi chiên không dầu điện tử Tefal Dung tích 6.5L Giảm 85% dầu mỡ,11560000,13600000,15,4.2,127,840,1882,Điện Gia Dụng,Tefal,1,Tiki Trading,True,False,True,available,2024-08-27 00:00:00
100709,TIKI-8322-000709,Sách - Nguyên Lý Big Data & Học Máy Ứng Dụng (NXB Phụ Nữ),255000,300000,15,4.8,214,755,8322,Nhà Sách Tiki,NXB Phụ Nữ,115,Coolmate Flagship Store,True,True,True,available,2024-01-07 00:00:00
100710,TIKI-1520-000710,Serum phục hồi làm dịu da cấp ẩm La Roche-Posay Niacinamide 10%,195000,390000,50,4.2,58,457,1520,Làm Đẹp - Sức Khỏe,La Roche-Posay,204,Phụ Kiện Công Nghệ Số 1,False,True,True,available,2024-04-12 00:00:00
100711,TIKI-1815-000711,Cáp sạc đa năng JBL bọc dù siêu bền truyền dữ liệu tốc độ cao,6205000,7300000,15,4.9,7,51,1815,Thiết Bị Số - Phụ Kiện Số,JBL,115,Coolmate Flagship Store,True,True,True,available,2024-02-22 00:00:00
100712,TIKI-1815-000712,Cáp sạc đa năng Sandisk bọc dù siêu bền truyền dữ liệu tốc độ cao,3910000,4600000,15,4.8,37,264,1815,Thiết Bị Số - Phụ Kiện Số,Sandisk,102,Apple Flagship Store,True,True,True,low_stock,2024-12-05 00:00:00
100713,TIKI-1883-000713,Bộ lau nhà tự vắt thông minh xoay 360 độ Rạng Đông,225000,250000,10,4.5,21,91,1883,Nhà Cửa - Đời Sống,Rạng Đông,102,Apple Flagship Store,True,True,True,available,2024-09-30 00:00:00
100714,TIKI-1882-000714,Robot hút bụi lau nhà thông minh Sharp Laser LiDAR Tự động đổ rác,3480000,5800000,40,4.9,24,110,1882,Điện Gia Dụng,Sharp,220,Thời Trang Bụi Phố,False,True,True,low_stock,2024-11-19 00:00:00
100715,TIKI-1883-000715,Bộ lau nhà tự vắt thông minh xoay 360 độ Rạng Đông,350000,700000,50,4.9,90,619,1883,Nhà Cửa - Đời Sống,Rạng Đông,102,Apple Flagship Store,True,False,True,available,2024-11-27 00:00:00
100716,TIKI-1520-000716,Serum phục hồi làm dịu da cấp ẩm Vichy Niacinamide 10%,533000,820000,35,4.7,86,404,1520,Làm Đẹp - Sức Khỏe,Vichy,115,Coolmate Flagship Store,True,False,True,low_stock,2024-07-25 00:00:00
100717,TIKI-1520-000717,Kem chống nắng kiểm soát dầu The Ordinary SPF 50+ PA++++ 50ml,260000,400000,35,4.5,65,317,1520,Làm Đẹp - Sức Khỏe,The Ordinary,108,Anker Official Mall,True,False,True,available,2024-07-13 00:00:00
100718,TIKI-1883-000718,Kệ để đồ đa năng thông minh tiết kiệm diện tích Lock&Lock,256500,270000,5,4.9,92,417,1883,Nhà Cửa - Đời Sống,Lock&Lock,102,Apple Flagship Store,True,True,True,available,2024-01-23 00:00:00
100719,TIKI-1882-000719,Nồi cơm điện cao tần Sharp Lòng nồi chống dính cao cấp,8550000,11400000,25,4.5,50,261,1882,Điện Gia Dụng,Sharp,201,Điện Máy Gia Dụng Xanh,False,True,True,available,2024-04-02 00:00:00
100720,TIKI-915-000720,Áo sơ mi nam công sở dài tay cao cấp Coolmate,444000,740000,40,4.8,14,66,915,Thời Trang Nam,Coolmate,112,Nhà Sách FAHASA Official,True,True,True,available,2024-04-27 00:00:00
100721,TIKI-1882-000721,Máy xay sinh tố cầm tay đa năng Philips Lưỡi dao inox 304,4500000,6000000,25,4.9,169,1175,1882,Điện Gia Dụng,Philips,115,Coolmate Flagship Store,True,True,True,available,2024-05-21 00:00:00
100722,TIKI-1815-000722,Tai nghe không dây Bluetooth JBL Chống ồn chủ động ANC,2925000,3900000,25,4.7,67,356,1815,Thiết Bị Số - Phụ Kiện Số,JBL,112,Nhà Sách FAHASA Official,True,False,True,available,2024-10-24 00:00:00
100723,TIKI-915-000723,Quần lót nam Boxer sợi Modal kháng khuẩn công nghệ may Seamless Owen,331500,390000,15,4.7,33,150,915,Thời Trang Nam,Owen,201,Điện Máy Gia Dụng Xanh,False,False,True,available,2024-10-28 00:00:00
100724,TIKI-915-000724,Quần dài Kaki dáng Slimfit co giãn tôn dáng Aristino,425000,500000,15,4.8,346,1861,915,Thời Trang Nam,Aristino,102,Apple Flagship Store,True,True,True,low_stock,2024-08-13 00:00:00
100725,TIKI-1789-000725,Điện thoại thông minh Xiaomi Ultra 5G Pro,23600000,23600000,0,4.8,134,682,1789,Điện Thoại - Máy Tính Bảng,Xiaomi,105,Samsung Official Store,True,True,True,available,2024-04-26 00:00:00
100726,TIKI-1883-000726,Kệ để đồ đa năng thông minh tiết kiệm diện tích Tupperware,60000,120000,50,4.7,311,1303,1883,Nhà Cửa - Đời Sống,Tupperware,220,Thời Trang Bụi Phố,False,False,True,available,2024-06-19 00:00:00
100727,TIKI-1520-000727,Kem dưỡng ẩm tái tạo phục hồi màng bảo vệ da Laneige 50ml,535500,630000,15,4.2,12,62,1520,Làm Đẹp - Sức Khỏe,Laneige,201,Điện Máy Gia Dụng Xanh,False,True,True,available,2024-09-01 00:00:00
100728,TIKI-8322-000728,Sách - Thiết Kế Cuộc Đời Đáng Sống - Designing Your Life (NXB Phụ Nữ),72000,120000,40,4.9,215,1336,8322,Nhà Sách Tiki,NXB Phụ Nữ,105,Samsung Official Store,True,True,True,available,2024-01-15 00:00:00
100729,TIKI-8322-000729,Sách - Nhà Giả Kim - Paulo Coelho (Alpha Books),370500,390000,5,4.8,60,212,8322,Nhà Sách Tiki,Alpha Books,112,Nhà Sách FAHASA Official,True,True,True,available,2024-06-17 00:00:00
100730,TIKI-1789-000730,Điện thoại gập Samsung Flip thế hệ mới,23715000,27900000,15,4.9,32,174,1789,Điện Thoại - Máy Tính Bảng,Samsung,102,Apple Flagship Store,True,False,True,available,2024-12-30 00:00:00
100731,TIKI-1520-000731,Nước tẩy trang dịu nhẹ cho da nhạy cảm Laneige Micellar Water 400ml,513500,790000,35,4.9,5,20,1520,Làm Đẹp - Sức Khỏe,Laneige,108,Anker Official Mall,True,True,True,available,2024-02-03 00:00:00
100732,TIKI-1815-000732,Loa Bluetooth di động Marshall Âm bass mạnh mẽ chống nước IPX7,3100000,6200000,50,4.9,16,102,1815,Thiết Bị Số - Phụ Kiện Số,Marshall,204,Phụ Kiện Công Nghệ Số 1,False,True,True,available,2024-08-22 00:00:00
100733,TIKI-915-000733,Áo sơ mi nam công sở dài tay cao cấp Aristino,224000,320000,30,4.9,281,1910,915,Thời Trang Nam,Aristino,220,Thời Trang Bụi Phố,False,True,True,low_stock,2024-08-23 00:00:00
100734,TIKI-1815-000734,Bàn phím cơ không dây Anker RGB Hot-swap,2970000,3300000,10,4.9,123,592,1815,Thiết Bị Số - Phụ Kiện Số,Anker,1,Tiki Trading,True,False,True,available,2024-02-05 00:00:00
100735,TIKI-1815-000735,Bàn phím cơ không dây UGREEN RGB Hot-swap,1350000,1800000,25,4.9,18,125,1815,Thiết Bị Số - Phụ Kiện Số,UGREEN,210,Mỹ Phẩm Xách Tay Authentic,False,True,True,available,2024-06-16 00:00:00
100736,TIKI-1882-000736,Máy xay sinh tố cầm tay đa năng Sunhouse Lưỡi dao inox 304,1520000,1600000,5,4.7,140,780,1882,Điện Gia Dụng,Sunhouse,204,Phụ Kiện Công Nghệ Số 1,False,False,True,available,2024-06-25 00:00:00
100737,TIKI-1815-000737,Tai nghe không dây Bluetooth Sandisk Chống ồn chủ động ANC,1530000,1700000,10,4.8,170,965,1815,Thiết Bị Số - Phụ Kiện Số,Sandisk,112,Nhà Sách FAHASA Official,True,True,True,available,2024-02-05 00:00:00
100738,TIKI-1815-000738,Củ sạc nhanh UGREEN GaN 65W Cổng Type-C PD Quick Charge,2070000,2300000,10,4.5,117,502,1815,Thiết Bị Số - Phụ Kiện Số,UGREEN,112,Nhà Sách FAHASA Official,True,False,True,available,2024-03-05 00:00:00
100739,TIKI-1815-000739,Cáp sạc đa năng Anker bọc dù siêu bền truyền dữ liệu tốc độ cao,3330000,3700000,10,4.8,28,188,1815,Thiết Bị Số - Phụ Kiện Số,Anker,1,Tiki Trading,True,False,True,available,2024-12-12 00:00:00
100740,TIKI-915-000740,Áo thun nam Cotton Compact chống nhăn co giãn Coolmate,660000,660000,0,4.8,10,51,915,Thời Trang Nam,Coolmate,112,Nhà Sách FAHASA Official,True,True,True,available,2024-04-14 00:00:00
100741,TIKI-1815-000741,Tai nghe không dây Bluetooth Logitech Chống ồn chủ động ANC,600000,600000,0,4.8,30,195,1815,Thiết Bị Số - Phụ Kiện Số,Logitech,201,Điện Máy Gia Dụng Xanh,False,True,True,available,2024-04-23 00:00:00
100742,TIKI-1883-000742,Bình giữ nhiệt Inox 316 cao cấp Điện Quang Giữ nhiệt 24 giờ 800ml,105000,150000,30,4.8,207,1025,1883,Nhà Cửa - Đời Sống,Điện Quang,105,Samsung Official Store,True,True,True,available,2024-11-17 00:00:00
100743,TIKI-1520-000743,Sữa rửa mặt tạo bọt sạch sâu se khít lỗ chân lông Vichy,399000,420000,5,4.8,27,143,1520,Làm Đẹp - Sức Khỏe,Vichy,108,Anker Official Mall,True,True,True,available,2024-06-11 00:00:00
100744,TIKI-8322-000744,Sách - Tâm Lý Học Về Tiền - Morgan Housel (NXB Kim Đồng),290000,290000,0,4.9,34,165,8322,Nhà Sách Tiki,NXB Kim Đồng,112,Nhà Sách FAHASA Official,True,True,True,out_of_stock,2024-11-03 00:00:00
100745,TIKI-1789-000745,Điện thoại thông minh Realme Ultra 5G 512GB,29025000,38700000,25,3.2,148,969,1789,Điện Thoại - Máy Tính Bảng,Realme,102,Apple Flagship Store,True,True,True,available,2024-12-22 00:00:00
100746,TIKI-915-000746,Áo sơ mi nam công sở dài tay cao cấp Aristino,135000,180000,25,4.9,296,1633,915,Thời Trang Nam,Aristino,204,Phụ Kiện Công Nghệ Số 1,False,False,True,available,2024-09-19 00:00:00
100747,TIKI-1520-000747,Kem chống nắng kiểm soát dầu Laneige SPF 50+ PA++++ 50ml,883500,930000,5,4.8,165,1139,1520,Làm Đẹp - Sức Khỏe,Laneige,1,Tiki Trading,True,True,True,available,2024-11-14 00:00:00
100748,TIKI-1882-000748,Máy lọc không khí Cosori Màng lọc HEPA diệt khuẩn khử mùi,9010000,10600000,15,4.7,37,250,1882,Điện Gia Dụng,Cosori,105,Samsung Official Store,True,False,True,low_stock,2024-08-16 00:00:00
100749,TIKI-1815-000749,Chuột không dây công thái học JBL Silent Click,4830000,6900000,30,4.7,45,162,1815,Thiết Bị Số - Phụ Kiện Số,JBL,1,Tiki Trading,True,True,True,available,2024-06-19 00:00:00
100750,TIKI-1520-000750,Serum phục hồi làm dịu da cấp ẩm La Roche-Posay Niacinamide 10%,644000,920000,30,4.8,29,183,1520,Làm Đẹp - Sức Khỏe,La Roche-Posay,108,Anker Official Mall,True,True,True,available,2024-02-04 00:00:00
100751,TIKI-1815-000751,Cáp sạc đa năng Sony bọc dù siêu bền truyền dữ liệu tốc độ cao,1805000,1900000,5,4.9,100,707,1815,Thiết Bị Số - Phụ Kiện Số,Sony,108,Anker Official Mall,True,True,True,available,2024-04-15 00:00:00
100752,TIKI-8322-000752,Sách - Tư Duy Nhanh Và Chậm - Daniel Kahneman (NXB Phụ Nữ),153000,180000,15,4.8,116,564,8322,Nhà Sách Tiki,NXB Phụ Nữ,105,Samsung Official Store,True,True,True,low_stock,2024-10-23 00:00:00
100753,TIKI-1815-000753,Bàn phím cơ không dây JBL RGB Hot-swap,3710000,5300000,30,4.9,74,427,1815,Thiết Bị Số - Phụ Kiện Số,JBL,115,Coolmate Flagship Store,True,True,True,available,2024-08-10 00:00:00
100754,TIKI-1883-000754,Bộ hộp cơm thủy tinh chịu nhiệt Tupperware Có túi giữ nhiệt cao cấp,608000,640000,5,4.7,310,1915,1883,Nhà Cửa - Đời Sống,Tupperware,201,Điện Máy Gia Dụng Xanh,False,False,True,available,2024-03-20 00:00:00
100755,TIKI-1882-000755,Nồi cơm điện cao tần Sharp Lòng nồi chống dính cao cấp,5740000,8200000,30,4.8,83,414,1882,Điện Gia Dụng,Sharp,204,Phụ Kiện Công Nghệ Số 1,False,True,True,available,2024-08-29 00:00:00
100756,TIKI-1815-000756,Tai nghe không dây Bluetooth Sony Chống ồn chủ động ANC,3250000,5000000,35,4.8,69,364,1815,Thiết Bị Số - Phụ Kiện Số,Sony,210,Mỹ Phẩm Xách Tay Authentic,False,True,True,available,2024-07-11 00:00:00
100757,TIKI-915-000757,Áo thun nam Cotton Compact chống nhăn co giãn Owen,175000,250000,30,4.2,26,180,915,Thời Trang Nam,Owen,1,Tiki Trading,True,False,True,available,2024-05-11 00:00:00
100758,TIKI-915-000758,Áo sơ mi nam công sở dài tay cao cấp Canifa,413000,590000,30,4.7,38,138,915,Thời Trang Nam,Canifa,1,Tiki Trading,True,False,True,available,2024-07-05 00:00:00
100759,TIKI-1789-000759,Điện thoại thông minh Realme Ultra 5G 512GB,28170000,31300000,10,4.9,115,895,1789,Điện Thoại - Máy Tính Bảng,Realme,220,Thời Trang Bụi Phố,False,True,True,available,2024-03-24 00:00:00
100760,TIKI-1789-000760,Điện thoại gập Realme Flip thế hệ mới,7260000,12100000,40,4.2,255,1082,1789,Điện Thoại - Máy Tính Bảng,Realme,220,Thời Trang Bụi Phố,False,True,True,available,2024-08-07 00:00:00
100761,TIKI-1520-000761,Sữa rửa mặt tạo bọt sạch sâu se khít lỗ chân lông Laneige,756000,1080000,30,4.7,314,2327,1520,Làm Đẹp - Sức Khỏe,Laneige,112,Nhà Sách FAHASA Official,True,False,True,available,2024-02-26 00:00:00
100762,TIKI-1883-000762,Bình giữ nhiệt Inox 316 cao cấp Lock&Lock Giữ nhiệt 24 giờ 800ml,480000,600000,20,4.9,27,154,1883,Nhà Cửa - Đời Sống,Lock&Lock,108,Anker Official Mall,True,True,True,available,2024-02-20 00:00:00
100763,TIKI-8322-000763,Sách - Tư Duy Nhanh Và Chậm - Daniel Kahneman (First News),297000,330000,10,4.9,29,119,8322,Nhà Sách Tiki,First News,112,Nhà Sách FAHASA Official,True,True,True,available,2024-09-07 00:00:00
100764,TIKI-1789-000764,Điện thoại thông minh OPPO Ultra 5G 256GB,9900000,11000000,10,4.5,30,237,1789,Điện Thoại - Máy Tính Bảng,OPPO,108,Anker Official Mall,True,True,True,available,2024-07-29 00:00:00
100765,TIKI-1520-000765,Serum phục hồi làm dịu da cấp ẩm La Roche-Posay Niacinamide 10%,175000,250000,30,4.9,12,43,1520,Làm Đẹp - Sức Khỏe,La Roche-Posay,112,Nhà Sách FAHASA Official,True,True,True,available,2024-05-01 00:00:00
100766,TIKI-1883-000766,Bộ hộp cơm thủy tinh chịu nhiệt Duy Tân Có túi giữ nhiệt cao cấp,50000,100000,50,4.7,10,44,1883,Nhà Cửa - Đời Sống,Duy Tân,112,Nhà Sách FAHASA Official,True,True,True,available,2024-01-05 00:00:00
100767,TIKI-1883-000767,Bộ lau nhà tự vắt thông minh xoay 360 độ Lock&Lock,480000,640000,25,4.8,270,2159,1883,Nhà Cửa - Đời Sống,Lock&Lock,115,Coolmate Flagship Store,True,True,True,available,2024-05-03 00:00:00
100768,TIKI-8322-000768,Sách - Tâm Lý Học Về Tiền - Morgan Housel (First News),120000,120000,0,4.8,148,1000,8322,Nhà Sách Tiki,First News,115,Coolmate Flagship Store,True,True,True,available,2024-03-13 00:00:00
100769,TIKI-1883-000769,Kệ để đồ đa năng thông minh tiết kiệm diện tích Rạng Đông,370500,570000,35,4.7,134,755,1883,Nhà Cửa - Đời Sống,Rạng Đông,108,Anker Official Mall,True,False,True,available,2024-07-31 00:00:00
100770,TIKI-915-000770,Áo sơ mi nam công sở dài tay cao cấp Aristino,112500,150000,25,4.7,36,204,915,Thời Trang Nam,Aristino,115,Coolmate Flagship Store,True,True,True,available,2024-11-10 00:00:00
100771,TIKI-8322-000771,Sách - Nguyên Lý Big Data & Học Máy Ứng Dụng (NXB Phụ Nữ),240000,300000,20,4.7,154,1141,8322,Nhà Sách Tiki,NXB Phụ Nữ,102,Apple Flagship Store,True,False,True,available,2024-10-20 00:00:00
100772,TIKI-1815-000772,Tai nghe không dây Bluetooth UGREEN Chống ồn chủ động ANC,5580000,6200000,10,4.5,377,2137,1815,Thiết Bị Số - Phụ Kiện Số,UGREEN,210,Mỹ Phẩm Xách Tay Authentic,False,True,True,available,2024-10-04 00:00:00
100773,TIKI-1815-000773,Tai nghe không dây Bluetooth Anker Chống ồn chủ động ANC,1725000,2300000,25,4.2,179,804,1815,Thiết Bị Số - Phụ Kiện Số,Anker,1,Tiki Trading,True,False,True,available,2024-05-12 00:00:00
100774,TIKI-915-000774,Quần lót nam Boxer sợi Modal kháng khuẩn công nghệ may Seamless Coolmate,157500,210000,25,4.5,327,2272,915,Thời Trang Nam,Coolmate,204,Phụ Kiện Công Nghệ Số 1,False,True,True,available,2024-11-04 00:00:00
100775,TIKI-8322-000775,Sách - Kỹ Năng Quản Lý Thời Gian Cho Người Bận Rộn (NXB Phụ Nữ),280500,330000,15,4.9,19,73,8322,Nhà Sách Tiki,NXB Phụ Nữ,201,Điện Máy Gia Dụng Xanh,False,True,True,available,2024-02-16 00:00:00
100776,TIKI-1815-000776,Loa Bluetooth di động Anker Âm bass mạnh mẽ chống nước IPX7,3010000,4300000,30,4.8,5,18,1815,Thiết Bị Số - Phụ Kiện Số,Anker,105,Samsung Official Store,True,True,True,available,2024-10-02 00:00:00
100777,TIKI-8322-000777,Sách - Nguyên Lý Big Data & Học Máy Ứng Dụng (Alpha Books),195000,390000,50,4.8,18,63,8322,Nhà Sách Tiki,Alpha Books,105,Samsung Official Store,True,True,True,available,2024-08-24 00:00:00
100778,TIKI-1882-000778,Nồi cơm điện cao tần Sunhouse Lòng nồi chống dính cao cấp,2350000,4700000,50,4.9,169,1237,1882,Điện Gia Dụng,Sunhouse,204,Phụ Kiện Công Nghệ Số 1,False,True,True,available,2024-12-26 00:00:00
100779,TIKI-1882-000779,Máy lọc không khí Lock&Lock Màng lọc HEPA diệt khuẩn khử mùi,11220000,13200000,15,4.8,151,784,1882,Điện Gia Dụng,Lock&Lock,220,Thời Trang Bụi Phố,False,True,True,available,2024-06-20 00:00:00
100780,TIKI-1815-000780,Cáp sạc đa năng Logitech bọc dù siêu bền truyền dữ liệu tốc độ cao,1625000,2500000,35,4.7,47,336,1815,Thiết Bị Số - Phụ Kiện Số,Logitech,1,Tiki Trading,True,True,True,available,2024-03-23 00:00:00
100781,TIKI-1882-000781,Nồi cơm điện cao tần Sharp Lòng nồi chống dính cao cấp,10450000,11000000,5,4.8,44,291,1882,Điện Gia Dụng,Sharp,201,Điện Máy Gia Dụng Xanh,False,False,True,low_stock,2024-04-10 00:00:00
100782,TIKI-8322-000782,Sách - Nhà Giả Kim - Paulo Coelho (NXB Trẻ),72000,90000,20,4.8,26,107,8322,Nhà Sách Tiki,NXB Trẻ,220,Thời Trang Bụi Phố,False,True,True,available,2024-12-23 00:00:00
100783,TIKI-1815-000783,Củ sạc nhanh Logitech GaN 65W Cổng Type-C PD Quick Charge,300000,400000,25,4.7,107,701,1815,Thiết Bị Số - Phụ Kiện Số,Logitech,108,Anker Official Mall,True,True,True,low_stock,2024-03-17 00:00:00
100784,TIKI-8322-000784,Sách - Nguyên Lý Big Data & Học Máy Ứng Dụng (NXB Phụ Nữ),90000,120000,25,3.8,28,104,8322,Nhà Sách Tiki,NXB Phụ Nữ,1,Tiki Trading,True,False,True,available,2024-09-21 00:00:00
100785,TIKI-8322-000785,Sách - Kỹ Năng Quản Lý Thời Gian Cho Người Bận Rộn (NXB Kim Đồng),210000,210000,0,4.9,65,316,8322,Nhà Sách Tiki,NXB Kim Đồng,201,Điện Máy Gia Dụng Xanh,False,True,True,available,2024-11-02 00:00:00
100786,TIKI-8322-000786,Sách - Nguyên Lý Big Data & Học Máy Ứng Dụng (NXB Phụ Nữ),245000,350000,30,4.9,132,680,8322,Nhà Sách Tiki,NXB Phụ Nữ,102,Apple Flagship Store,True,True,True,available,2024-03-03 00:00:00
100787,TIKI-8322-000787,Sách - Kỹ Năng Quản Lý Thời Gian Cho Người Bận Rộn (NXB Phụ Nữ),35000,70000,50,4.8,107,506,8322,Nhà Sách Tiki,NXB Phụ Nữ,108,Anker Official Mall,True,False,True,available,2024-02-19 00:00:00
100788,TIKI-8322-000788,Sách - Kỹ Năng Quản Lý Thời Gian Cho Người Bận Rộn (NXB Phụ Nữ),133000,140000,5,4.8,155,1143,8322,Nhà Sách Tiki,NXB Phụ Nữ,112,Nhà Sách FAHASA Official,True,True,True,available,2024-10-03 00:00:00
100789,TIKI-915-000789,Quần dài Kaki dáng Slimfit co giãn tôn dáng Coolmate,500500,770000,35,4.9,222,1315,915,Thời Trang Nam,Coolmate,210,Mỹ Phẩm Xách Tay Authentic,False,True,True,available,2024-11-30 00:00:00
100790,TIKI-1815-000790,Củ sạc nhanh Anker GaN 65W Cổng Type-C PD Quick Charge,2600000,2600000,0,4.8,198,802,1815,Thiết Bị Số - Phụ Kiện Số,Anker,220,Thời Trang Bụi Phố,False,False,True,available,2024-03-07 00:00:00
100791,TIKI-1815-000791,Loa Bluetooth di động Anker Âm bass mạnh mẽ chống nước IPX7,1235000,1300000,5,4.8,59,351,1815,Thiết Bị Số - Phụ Kiện Số,Anker,1,Tiki Trading,True,False,True,available,2024-08-05 00:00:00
100792,TIKI-1882-000792,Máy xay sinh tố cầm tay đa năng Philips Lưỡi dao inox 304,9490000,14600000,35,4.9,85,417,1882,Điện Gia Dụng,Philips,112,Nhà Sách FAHASA Official,True,False,True,available,2024-06-30 00:00:00
100793,TIKI-1815-000793,Cáp sạc đa năng Anker bọc dù siêu bền truyền dữ liệu tốc độ cao,3300000,3300000,0,4.9,47,340,1815,Thiết Bị Số - Phụ Kiện Số,Anker,1,Tiki Trading,True,False,True,available,2024-03-10 00:00:00
100794,TIKI-1520-000794,Nước tẩy trang dịu nhẹ cho da nhạy cảm Innisfree Micellar Water 400ml,655500,690000,5,4.8,41,263,1520,Làm Đẹp - Sức Khỏe,Innisfree,220,Thời Trang Bụi Phố,False,True,True,available,2024-03-25 00:00:00
100795,TIKI-1882-000795,Robot hút bụi lau nhà thông minh Sharp Laser LiDAR Tự động đổ rác,2240000,2800000,20,2.5,148,646,1882,Điện Gia Dụng,Sharp,108,Anker Official Mall,True,False,True,available,2024-07-10 00:00:00
100796,TIKI-1883-000796,Bình giữ nhiệt Inox 316 cao cấp Rạng Đông Giữ nhiệt 24 giờ 800ml,350000,500000,30,4.8,403,1859,1883,Nhà Cửa - Đời Sống,Rạng Đông,105,Samsung Official Store,True,True,True,available,2024-05-19 00:00:00
100797,TIKI-915-000797,Quần dài Kaki dáng Slimfit co giãn tôn dáng Owen,157500,210000,25,4.2,185,769,915,Thời Trang Nam,Owen,115,Coolmate Flagship Store,True,True,True,available,2024-04-26 00:00:00
100798,TIKI-8322-000798,Sách - Tư Duy Nhanh Và Chậm - Daniel Kahneman (NXB Kim Đồng),102000,170000,40,4.7,48,345,8322,Nhà Sách Tiki,NXB Kim Đồng,102,Apple Flagship Store,True,True,True,available,2024-09-08 00:00:00
100799,TIKI-915-000799,Áo sơ mi nam công sở dài tay cao cấp Owen,220000,220000,0,4.9,356,1870,915,Thời Trang Nam,Owen,112,Nhà Sách FAHASA Official,True,False,True,available,2024-06-26 00:00:00
100800,TIKI-1883-000800,Bộ lau nhà tự vắt thông minh xoay 360 độ Rạng Đông,208000,260000,20,4.9,91,382,1883,Nhà Cửa - Đời Sống,Rạng Đông,220,Thời Trang Bụi Phố,False,True,True,available,2024-03-06 00:00:00
100801,TIKI-915-000801,Áo thun nam Cotton Compact chống nhăn co giãn Routine,205000,410000,50,4.8,78,427,915,Thời Trang Nam,Routine,115,Coolmate Flagship Store,True,True,True,available,2024-07-01 00:00:00
100802,TIKI-1882-000802,Máy xay sinh tố cầm tay đa năng Sharp Lưỡi dao inox 304,8360000,8800000,5,4.2,67,328,1882,Điện Gia Dụng,Sharp,108,Anker Official Mall,True,False,True,available,2024-02-17 00:00:00
100803,TIKI-915-000803,Áo thun nam Cotton Compact chống nhăn co giãn An Phước,161500,170000,5,4.7,101,577,915,Thời Trang Nam,An Phước,220,Thời Trang Bụi Phố,False,True,True,available,2024-01-07 00:00:00
100804,TIKI-915-000804,Quần dài Kaki dáng Slimfit co giãn tôn dáng An Phước,741000,780000,5,4.8,119,904,915,Thời Trang Nam,An Phước,210,Mỹ Phẩm Xách Tay Authentic,False,False,True,available,2024-01-05 00:00:00
100805,TIKI-1520-000805,Nước tẩy trang dịu nhẹ cho da nhạy cảm The Ordinary Micellar Water 400ml,510000,1020000,50,4.9,76,323,1520,Làm Đẹp - Sức Khỏe,The Ordinary,210,Mỹ Phẩm Xách Tay Authentic,False,True,True,available,2024-09-26 00:00:00
100806,TIKI-1882-000806,Máy xay sinh tố cầm tay đa năng Tefal Lưỡi dao inox 304,7670000,11800000,35,4.8,61,244,1882,Điện Gia Dụng,Tefal,1,Tiki Trading,True,True,True,available,2024-12-14 00:00:00
100807,TIKI-1883-000807,Kệ để đồ đa năng thông minh tiết kiệm diện tích Duy Tân,376000,470000,20,4.9,165,999,1883,Nhà Cửa - Đời Sống,Duy Tân,204,Phụ Kiện Công Nghệ Số 1,False,True,True,low_stock,2024-04-22 00:00:00
100808,TIKI-915-000808,Áo thun nam Cotton Compact chống nhăn co giãn Owen,720000,720000,0,4.8,119,592,915,Thời Trang Nam,Owen,220,Thời Trang Bụi Phố,False,True,True,available,2024-07-01 00:00:00
100809,TIKI-915-000809,Quần dài Kaki dáng Slimfit co giãn tôn dáng An Phước,154000,220000,30,4.8,15,87,915,Thời Trang Nam,An Phước,1,Tiki Trading,True,True,True,available,2024-03-20 00:00:00
100810,TIKI-8322-000810,Sách - Nhà Giả Kim - Paulo Coelho (NXB Trẻ),130000,200000,35,4.8,47,255,8322,Nhà Sách Tiki,NXB Trẻ,112,Nhà Sách FAHASA Official,True,False,True,available,2024-04-04 00:00:00
100811,TIKI-1789-000811,Điện thoại gập OPPO Flip thế hệ mới,18270000,26100000,30,4.9,263,1759,1789,Điện Thoại - Máy Tính Bảng,OPPO,105,Samsung Official Store,True,True,True,available,2024-02-27 00:00:00
100812,TIKI-1815-000812,Bàn phím cơ không dây Sandisk RGB Hot-swap,630000,700000,10,4.7,360,2814,1815,Thiết Bị Số - Phụ Kiện Số,Sandisk,115,Coolmate Flagship Store,True,True,True,available,2024-05-17 00:00:00
100813,TIKI-1520-000813,Serum phục hồi làm dịu da cấp ẩm Vichy Niacinamide 10%,553000,790000,30,4.9,384,2713,1520,Làm Đẹp - Sức Khỏe,Vichy,201,Điện Máy Gia Dụng Xanh,False,True,True,available,2024-03-06 00:00:00
100814,TIKI-1789-000814,Điện thoại thông minh ASUS Ultra 5G 128GB,14950000,29900000,50,4.7,73,350,1789,Điện Thoại - Máy Tính Bảng,ASUS,115,Coolmate Flagship Store,True,True,True,available,2024-09-06 00:00:00
100815,TIKI-1815-000815,Cáp sạc đa năng Baseus bọc dù siêu bền truyền dữ liệu tốc độ cao,2720000,3400000,20,4.7,244,1945,1815,Thiết Bị Số - Phụ Kiện Số,Baseus,105,Samsung Official Store,True,False,True,available,2024-05-07 00:00:00
100816,TIKI-1815-000816,Cáp sạc đa năng UGREEN bọc dù siêu bền truyền dữ liệu tốc độ cao,3350000,6700000,50,4.9,592,3646,1815,Thiết Bị Số - Phụ Kiện Số,UGREEN,102,Apple Flagship Store,True,True,True,available,2024-11-21 00:00:00
100817,TIKI-1815-000817,Tai nghe không dây Bluetooth Sandisk Chống ồn chủ động ANC,1470000,2100000,30,4.9,31,229,1815,Thiết Bị Số - Phụ Kiện Số,Sandisk,108,Anker Official Mall,True,True,True,available,2024-07-14 00:00:00
100818,TIKI-915-000818,Quần lót nam Boxer sợi Modal kháng khuẩn công nghệ may Seamless Biluxury,416000,640000,35,4.9,71,265,915,Thời Trang Nam,Biluxury,115,Coolmate Flagship Store,True,True,True,available,2024-02-27 00:00:00
100819,TIKI-1882-000819,Robot hút bụi lau nhà thông minh Sharp Laser LiDAR Tự động đổ rác,5600000,5600000,0,4.9,134,662,1882,Điện Gia Dụng,Sharp,1,Tiki Trading,True,True,True,available,2024-05-27 00:00:00
100820,TIKI-1520-000820,Sữa rửa mặt tạo bọt sạch sâu se khít lỗ chân lông La Roche-Posay,577500,770000,25,4.8,19,123,1520,Làm Đẹp - Sức Khỏe,La Roche-Posay,112,Nhà Sách FAHASA Official,True,False,True,available,2024-12-16 00:00:00
100821,TIKI-1815-000821,Chuột không dây công thái học Marshall Silent Click,4680000,7800000,40,4.7,37,175,1815,Thiết Bị Số - Phụ Kiện Số,Marshall,115,Coolmate Flagship Store,True,True,True,available,2024-10-27 00:00:00
100822,TIKI-1789-000822,Điện thoại Samsung Pro Max 128GB Chính Hãng VN/A,35275000,41500000,15,4.9,75,295,1789,Điện Thoại - Máy Tính Bảng,Samsung,220,Thời Trang Bụi Phố,False,False,True,available,2024-10-07 00:00:00
100823,TIKI-915-000823,Quần lót nam Boxer sợi Modal kháng khuẩn công nghệ may Seamless Canifa,135000,150000,10,4.9,100,463,915,Thời Trang Nam,Canifa,105,Samsung Official Store,True,True,True,low_stock,2024-10-14 00:00:00
100824,TIKI-8322-000824,Sách - Kỹ Năng Quản Lý Thời Gian Cho Người Bận Rộn (NXB Phụ Nữ),65000,100000,35,4.8,326,1880,8322,Nhà Sách Tiki,NXB Phụ Nữ,201,Điện Máy Gia Dụng Xanh,False,True,True,available,2024-01-13 00:00:00
100825,TIKI-915-000825,Áo sơ mi nam công sở dài tay cao cấp An Phước,144500,170000,15,4.7,65,427,915,Thời Trang Nam,An Phước,220,Thời Trang Bụi Phố,False,True,True,available,2024-09-20 00:00:00
100826,TIKI-1883-000826,Bộ lau nhà tự vắt thông minh xoay 360 độ Rạng Đông,305000,610000,50,4.9,29,122,1883,Nhà Cửa - Đời Sống,Rạng Đông,201,Điện Máy Gia Dụng Xanh,False,False,True,available,2024-04-22 00:00:00
100827,TIKI-1883-000827,Bộ lau nhà tự vắt thông minh xoay 360 độ Rạng Đông,344000,430000,20,4.5,47,221,1883,Nhà Cửa - Đời Sống,Rạng Đông,210,Mỹ Phẩm Xách Tay Authentic,False,True,True,available,2024-03-02 00:00:00
100828,TIKI-1520-000828,Nước tẩy trang dịu nhẹ cho da nhạy cảm L'Oreal Paris Micellar Water 400ml,450000,500000,10,4.9,192,1227,1520,Làm Đẹp - Sức Khỏe,L'Oreal Paris,105,Samsung Official Store,True,True,True,available,2024-05-08 00:00:00
100829,TIKI-1789-000829,Máy tính bảng Realme Tab Wifi + Cellular Max,20100000,26800000,25,4.9,151,901,1789,Điện Thoại - Máy Tính Bảng,Realme,220,Thời Trang Bụi Phố,False,True,True,low_stock,2024-03-10 00:00:00
100830,TIKI-1882-000830,Nồi chiên không dầu điện tử Kangaroo Dung tích 6.5L Giảm 85% dầu mỡ,8585000,10100000,15,4.7,44,204,1882,Điện Gia Dụng,Kangaroo,1,Tiki Trading,True,False,True,available,2024-01-10 00:00:00
100831,TIKI-1883-000831,Bộ hộp cơm thủy tinh chịu nhiệt Rạng Đông Có túi giữ nhiệt cao cấp,210000,420000,50,4.8,208,934,1883,Nhà Cửa - Đời Sống,Rạng Đông,201,Điện Máy Gia Dụng Xanh,False,True,True,available,2024-05-18 00:00:00
100832,TIKI-1883-000832,Bình giữ nhiệt Inox 316 cao cấp Tupperware Giữ nhiệt 24 giờ 800ml,487500,650000,25,4.9,83,475,1883,Nhà Cửa - Đời Sống,Tupperware,108,Anker Official Mall,True,True,True,available,2024-08-24 00:00:00
100833,TIKI-1815-000833,Loa Bluetooth di động Logitech Âm bass mạnh mẽ chống nước IPX7,3900000,3900000,0,4.8,264,1895,1815,Thiết Bị Số - Phụ Kiện Số,Logitech,105,Samsung Official Store,True,False,True,available,2024-12-18 00:00:00
100834,TIKI-1815-000834,Bàn phím cơ không dây Anker RGB Hot-swap,5130000,5400000,5,4.7,22,151,1815,Thiết Bị Số - Phụ Kiện Số,Anker,204,Phụ Kiện Công Nghệ Số 1,False,False,True,available,2024-01-08 00:00:00
100835,TIKI-8322-000835,Sách - Tâm Lý Học Về Tiền - Morgan Housel (NXB Trẻ),72000,80000,10,4.9,15,62,8322,Nhà Sách Tiki,NXB Trẻ,1,Tiki Trading,True,False,True,available,2024-11-18 00:00:00
100836,TIKI-1789-000836,Điện thoại ASUS Pro Max Pro Chính Hãng VN/A,41990000,44200000,5,4.9,83,500,1789,Điện Thoại - Máy Tính Bảng,ASUS,115,Coolmate Flagship Store,True,True,True,available,2024-08-16 00:00:00
100837,TIKI-8322-000837,Sách - Nhà Giả Kim - Paulo Coelho (NXB Kim Đồng),138000,230000,40,4.9,214,848,8322,Nhà Sách Tiki,NXB Kim Đồng,210,Mỹ Phẩm Xách Tay Authentic,False,True,True,available,2024-06-01 00:00:00
100838,TIKI-1883-000838,Bình giữ nhiệt Inox 316 cao cấp Tupperware Giữ nhiệt 24 giờ 800ml,110500,130000,15,4.8,24,154,1883,Nhà Cửa - Đời Sống,Tupperware,108,Anker Official Mall,True,False,True,available,2024-04-26 00:00:00
100839,TIKI-915-000839,Áo thun nam Cotton Compact chống nhăn co giãn Aristino,204000,240000,15,4.9,379,1935,915,Thời Trang Nam,Aristino,105,Samsung Official Store,True,True,True,available,2024-11-12 00:00:00
100840,TIKI-1789-000840,Điện thoại thông minh Apple Ultra 5G 256GB,26325000,35100000,25,4.8,141,588,1789,Điện Thoại - Máy Tính Bảng,Apple,201,Điện Máy Gia Dụng Xanh,False,False,True,available,2024-12-08 00:00:00
100841,TIKI-1883-000841,Kệ để đồ đa năng thông minh tiết kiệm diện tích Lock&Lock,547500,730000,25,4.2,204,1366,1883,Nhà Cửa - Đời Sống,Lock&Lock,112,Nhà Sách FAHASA Official,True,True,True,low_stock,2024-02-10 00:00:00
100842,TIKI-1815-000842,Chuột không dây công thái học Baseus Silent Click,3900000,6000000,35,4.5,19,103,1815,Thiết Bị Số - Phụ Kiện Số,Baseus,201,Điện Máy Gia Dụng Xanh,False,True,True,available,2024-05-23 00:00:00
100843,TIKI-1815-000843,Bàn phím cơ không dây Baseus RGB Hot-swap,4620000,6600000,30,4.8,437,2712,1815,Thiết Bị Số - Phụ Kiện Số,Baseus,115,Coolmate Flagship Store,True,True,True,available,2024-11-22 00:00:00
100844,TIKI-915-000844,Quần dài Kaki dáng Slimfit co giãn tôn dáng An Phước,438000,730000,40,4.8,96,690,915,Thời Trang Nam,An Phước,210,Mỹ Phẩm Xách Tay Authentic,False,True,True,available,2024-07-16 00:00:00
100845,TIKI-8322-000845,Sách - Đắc Nhân Tâm - Khổ Lớn Đặc Biệt (First News),93500,110000,15,4.8,32,234,8322,Nhà Sách Tiki,First News,108,Anker Official Mall,True,False,True,available,2024-07-05 00:00:00
100846,TIKI-1815-000846,Tai nghe không dây Bluetooth Anker Chống ồn chủ động ANC,1600000,2000000,20,4.8,221,1321,1815,Thiết Bị Số - Phụ Kiện Số,Anker,115,Coolmate Flagship Store,True,True,True,available,2024-08-04 00:00:00
100847,TIKI-1815-000847,Cáp sạc đa năng Sony bọc dù siêu bền truyền dữ liệu tốc độ cao,1470000,2100000,30,4.7,147,795,1815,Thiết Bị Số - Phụ Kiện Số,Sony,102,Apple Flagship Store,True,False,True,available,2024-01-29 00:00:00
100848,TIKI-1520-000848,Sữa rửa mặt tạo bọt sạch sâu se khít lỗ chân lông La Roche-Posay,350000,350000,0,4.9,23,105,1520,Làm Đẹp - Sức Khỏe,La Roche-Posay,220,Thời Trang Bụi Phố,False,False,True,available,2024-01-08 00:00:00
100849,TIKI-8322-000849,Sách - Nguyên Lý Big Data & Học Máy Ứng Dụng (NXB Kim Đồng),84000,140000,40,4.7,47,251,8322,Nhà Sách Tiki,NXB Kim Đồng,204,Phụ Kiện Công Nghệ Số 1,False,True,True,available,2024-06-22 00:00:00
100850,TIKI-915-000850,Áo sơ mi nam công sở dài tay cao cấp Coolmate,170000,170000,0,4.7,27,113,915,Thời Trang Nam,Coolmate,105,Samsung Official Store,True,True,True,available,2024-07-22 00:00:00
100851,TIKI-8322-000851,Sách - Kỹ Năng Quản Lý Thời Gian Cho Người Bận Rộn (First News),304000,380000,20,4.7,71,298,8322,Nhà Sách Tiki,First News,112,Nhà Sách FAHASA Official,True,False,True,available,2024-02-18 00:00:00
100852,TIKI-1815-000852,Bàn phím cơ không dây Logitech RGB Hot-swap,2170000,3100000,30,4.9,169,1016,1815,Thiết Bị Số - Phụ Kiện Số,Logitech,1,Tiki Trading,True,False,True,available,2024-02-10 00:00:00
100853,TIKI-1882-000853,Nồi cơm điện cao tần Sharp Lòng nồi chống dính cao cấp,7350000,10500000,30,4.9,18,69,1882,Điện Gia Dụng,Sharp,1,Tiki Trading,True,True,True,available,2024-11-05 00:00:00
100854,TIKI-1882-000854,Máy xay sinh tố cầm tay đa năng Tefal Lưỡi dao inox 304,3200000,6400000,50,4.9,293,1273,1882,Điện Gia Dụng,Tefal,102,Apple Flagship Store,True,False,True,low_stock,2024-04-14 00:00:00
100855,TIKI-1815-000855,Tai nghe không dây Bluetooth JBL Chống ồn chủ động ANC,400000,800000,50,3.2,84,312,1815,Thiết Bị Số - Phụ Kiện Số,JBL,220,Thời Trang Bụi Phố,False,True,True,available,2024-02-18 00:00:00
100856,TIKI-1882-000856,Nồi cơm điện cao tần Panasonic Lòng nồi chống dính cao cấp,6300000,9000000,30,4.7,442,2944,1882,Điện Gia Dụng,Panasonic,108,Anker Official Mall,True,True,True,available,2024-02-20 00:00:00
100857,TIKI-915-000857,Áo thun nam Cotton Compact chống nhăn co giãn Owen,65000,130000,50,4.7,82,607,915,Thời Trang Nam,Owen,105,Samsung Official Store,True,True,True,available,2024-01-21 00:00:00
100858,TIKI-915-000858,Áo thun nam Cotton Compact chống nhăn co giãn Canifa,331500,390000,15,4.5,132,918,915,Thời Trang Nam,Canifa,102,Apple Flagship Store,True,False,True,available,2024-03-24 00:00:00
100859,TIKI-915-000859,Áo sơ mi nam công sở dài tay cao cấp Owen,424000,530000,20,4.8,237,1289,915,Thời Trang Nam,Owen,105,Samsung Official Store,True,False,True,available,2024-12-31 00:00:00
100860,TIKI-1815-000860,Củ sạc nhanh Anker GaN 65W Cổng Type-C PD Quick Charge,1500000,1500000,0,4.9,250,1490,1815,Thiết Bị Số - Phụ Kiện Số,Anker,204,Phụ Kiện Công Nghệ Số 1,False,True,True,available,2024-02-15 00:00:00
100861,TIKI-1882-000861,Máy lọc không khí Tefal Màng lọc HEPA diệt khuẩn khử mùi,4050000,8100000,50,4.8,16,68,1882,Điện Gia Dụng,Tefal,102,Apple Flagship Store,True,True,True,out_of_stock,2024-08-24 00:00:00
100862,TIKI-1882-000862,Robot hút bụi lau nhà thông minh Cosori Laser LiDAR Tự động đổ rác,13400000,13400000,0,4.8,45,240,1882,Điện Gia Dụng,Cosori,220,Thời Trang Bụi Phố,False,False,True,available,2024-11-14 00:00:00
100863,TIKI-1882-000863,Máy lọc không khí Kangaroo Màng lọc HEPA diệt khuẩn khử mùi,9035000,13900000,35,4.9,255,1675,1882,Điện Gia Dụng,Kangaroo,201,Điện Máy Gia Dụng Xanh,False,False,True,available,2024-11-14 00:00:00
100864,TIKI-1883-000864,Bộ hộp cơm thủy tinh chịu nhiệt Inochi Có túi giữ nhiệt cao cấp,329000,470000,30,4.9,66,252,1883,Nhà Cửa - Đời Sống,Inochi,102,Apple Flagship Store,True,True,True,available,2024-07-18 00:00:00
100865,TIKI-1882-000865,Nồi cơm điện cao tần Cosori Lòng nồi chống dính cao cấp,12255000,12900000,5,4.9,162,1235,1882,Điện Gia Dụng,Cosori,210,Mỹ Phẩm Xách Tay Authentic,False,True,True,available,2024-07-23 00:00:00
100866,TIKI-1882-000866,Máy lọc không khí Lock&Lock Màng lọc HEPA diệt khuẩn khử mùi,11390000,13400000,15,4.7,82,389,1882,Điện Gia Dụng,Lock&Lock,220,Thời Trang Bụi Phố,False,False,True,available,2024-01-21 00:00:00
100867,TIKI-8322-000867,Sách - Kỹ Năng Quản Lý Thời Gian Cho Người Bận Rộn (NXB Kim Đồng),40000,80000,50,4.7,12,85,8322,Nhà Sách Tiki,NXB Kim Đồng,115,Coolmate Flagship Store,True,True,True,available,2024-08-09 00:00:00
100868,TIKI-1815-000868,Cáp sạc đa năng Sony bọc dù siêu bền truyền dữ liệu tốc độ cao,3150000,3500000,10,4.9,13,69,1815,Thiết Bị Số - Phụ Kiện Số,Sony,112,Nhà Sách FAHASA Official,True,False,True,available,2024-06-02 00:00:00
100869,TIKI-8322-000869,Sách - Nhà Giả Kim - Paulo Coelho (First News),170000,170000,0,4.9,283,1426,8322,Nhà Sách Tiki,First News,112,Nhà Sách FAHASA Official,True,True,True,available,2024-06-02 00:00:00
100870,TIKI-8322-000870,Sách - Tư Duy Nhanh Và Chậm - Daniel Kahneman (Nhã Nam),247500,330000,25,4.2,106,763,8322,Nhà Sách Tiki,Nhã Nam,105,Samsung Official Store,True,False,True,available,2024-10-15 00:00:00
100871,TIKI-915-000871,Quần lót nam Boxer sợi Modal kháng khuẩn công nghệ may Seamless Biluxury,99000,110000,10,4.5,330,1896,915,Thời Trang Nam,Biluxury,115,Coolmate Flagship Store,True,True,True,available,2024-06-12 00:00:00
100872,TIKI-915-000872,Áo sơ mi nam công sở dài tay cao cấp Canifa,603000,670000,10,4.7,127,775,915,Thời Trang Nam,Canifa,1,Tiki Trading,True,True,True,available,2024-01-20 00:00:00
100873,TIKI-1815-000873,Cáp sạc đa năng Sandisk bọc dù siêu bền truyền dữ liệu tốc độ cao,5530000,7900000,30,4.9,33,143,1815,Thiết Bị Số - Phụ Kiện Số,Sandisk,105,Samsung Official Store,True,False,True,low_stock,2024-12-14 00:00:00
100874,TIKI-1882-000874,Nồi chiên không dầu điện tử Kangaroo Dung tích 6.5L Giảm 85% dầu mỡ,13110000,13800000,5,4.7,130,721,1882,Điện Gia Dụng,Kangaroo,112,Nhà Sách FAHASA Official,True,True,True,available,2024-07-30 00:00:00
100875,TIKI-1520-000875,Kem dưỡng ẩm tái tạo phục hồi màng bảo vệ da Vichy 50ml,261000,290000,10,4.8,61,365,1520,Làm Đẹp - Sức Khỏe,Vichy,115,Coolmate Flagship Store,True,False,True,available,2024-03-25 00:00:00
100876,TIKI-1882-000876,Máy lọc không khí Sharp Màng lọc HEPA diệt khuẩn khử mùi,3325000,3500000,5,4.5,18,115,1882,Điện Gia Dụng,Sharp,220,Thời Trang Bụi Phố,False,True,True,available,2024-11-12 00:00:00
100877,TIKI-915-000877,Áo thun nam Cotton Compact chống nhăn co giãn Aristino,370000,740000,50,4.5,137,1004,915,Thời Trang Nam,Aristino,204,Phụ Kiện Công Nghệ Số 1,False,True,True,available,2024-04-19 00:00:00
100878,TIKI-1520-000878,Kem chống nắng kiểm soát dầu Vichy SPF 50+ PA++++ 50ml,225000,300000,25,3.8,299,1602,1520,Làm Đẹp - Sức Khỏe,Vichy,204,Phụ Kiện Công Nghệ Số 1,False,False,True,available,2024-11-27 00:00:00
100879,TIKI-8322-000879,Sách - Thiết Kế Cuộc Đời Đáng Sống - Designing Your Life (NXB Trẻ),304000,380000,20,4.9,133,649,8322,Nhà Sách Tiki,NXB Trẻ,108,Anker Official Mall,True,False,True,available,2024-08-01 00:00:00
100880,TIKI-8322-000880,Sách - Tâm Lý Học Về Tiền - Morgan Housel (NXB Trẻ),174000,290000,40,4.5,114,570,8322,Nhà Sách Tiki,NXB Trẻ,105,Samsung Official Store,True,True,True,available,2024-10-20 00:00:00
100881,TIKI-8322-000881,Sách - Đắc Nhân Tâm - Khổ Lớn Đặc Biệt (NXB Kim Đồng),45000,90000,50,4.8,341,1792,8322,Nhà Sách Tiki,NXB Kim Đồng,201,Điện Máy Gia Dụng Xanh,False,True,True,low_stock,2024-03-30 00:00:00
100882,TIKI-1520-000882,Sữa rửa mặt tạo bọt sạch sâu se khít lỗ chân lông L'Oreal Paris,945000,1050000,10,4.8,124,871,1520,Làm Đẹp - Sức Khỏe,L'Oreal Paris,102,Apple Flagship Store,True,True,True,available,2024-11-18 00:00:00
100883,TIKI-1815-000883,Củ sạc nhanh Marshall GaN 65W Cổng Type-C PD Quick Charge,420000,600000,30,4.9,181,758,1815,Thiết Bị Số - Phụ Kiện Số,Marshall,102,Apple Flagship Store,True,False,True,available,2024-11-13 00:00:00
100884,TIKI-1789-000884,Điện thoại gập Vivo Flip thế hệ mới,23400000,31200000,25,4.9,131,589,1789,Điện Thoại - Máy Tính Bảng,Vivo,105,Samsung Official Store,True,False,True,available,2024-04-10 00:00:00
100885,TIKI-915-000885,Quần dài Kaki dáng Slimfit co giãn tôn dáng Aristino,128000,160000,20,4.9,23,82,915,Thời Trang Nam,Aristino,112,Nhà Sách FAHASA Official,True,True,True,available,2024-10-24 00:00:00
100886,TIKI-1520-000886,Kem chống nắng kiểm soát dầu La Roche-Posay SPF 50+ PA++++ 50ml,432000,480000,10,4.9,86,440,1520,Làm Đẹp - Sức Khỏe,La Roche-Posay,112,Nhà Sách FAHASA Official,True,True,True,available,2024-04-17 00:00:00
100887,TIKI-1883-000887,Bộ lau nhà tự vắt thông minh xoay 360 độ Duy Tân,161500,190000,15,4.7,61,299,1883,Nhà Cửa - Đời Sống,Duy Tân,204,Phụ Kiện Công Nghệ Số 1,False,True,True,available,2024-08-19 00:00:00
100888,TIKI-1789-000888,Điện thoại Samsung Pro Max 128GB Chính Hãng VN/A,16705000,25700000,35,2.5,114,401,1789,Điện Thoại - Máy Tính Bảng,Samsung,115,Coolmate Flagship Store,True,False,True,available,2024-09-25 00:00:00
100889,TIKI-1789-000889,Điện thoại Samsung Pro Max Pro Chính Hãng VN/A,20700000,34500000,40,4.7,34,174,1789,Điện Thoại - Máy Tính Bảng,Samsung,1,Tiki Trading,True,True,True,available,2024-04-22 00:00:00
100890,TIKI-1815-000890,Cáp sạc đa năng Anker bọc dù siêu bền truyền dữ liệu tốc độ cao,2960000,3700000,20,4.8,372,1885,1815,Thiết Bị Số - Phụ Kiện Số,Anker,105,Samsung Official Store,True,False,True,available,2024-10-10 00:00:00
100891,TIKI-915-000891,Quần dài Kaki dáng Slimfit co giãn tôn dáng Aristino,518500,610000,15,4.9,31,226,915,Thời Trang Nam,Aristino,210,Mỹ Phẩm Xách Tay Authentic,False,True,True,available,2024-05-24 00:00:00
100892,TIKI-1883-000892,Kệ để đồ đa năng thông minh tiết kiệm diện tích Rạng Đông,504000,720000,30,4.5,71,487,1883,Nhà Cửa - Đời Sống,Rạng Đông,108,Anker Official Mall,True,False,True,available,2024-06-13 00:00:00
100893,TIKI-8322-000893,Sách - Nhà Giả Kim - Paulo Coelho (Nhã Nam),275500,290000,5,4.8,269,2101,8322,Nhà Sách Tiki,Nhã Nam,115,Coolmate Flagship Store,True,False,True,available,2024-05-10 00:00:00
100894,TIKI-1520-000894,Kem dưỡng ẩm tái tạo phục hồi màng bảo vệ da Cocoon 50ml,171000,180000,5,4.9,51,360,1520,Làm Đẹp - Sức Khỏe,Cocoon,201,Điện Máy Gia Dụng Xanh,False,True,True,available,2024-07-03 00:00:00
100895,TIKI-915-000895,Áo sơ mi nam công sở dài tay cao cấp Routine,250000,250000,0,4.8,6,29,915,Thời Trang Nam,Routine,115,Coolmate Flagship Store,True,False,True,available,2024-08-27 00:00:00
100896,TIKI-1815-000896,Bàn phím cơ không dây Anker RGB Hot-swap,1800000,3000000,40,4.9,103,692,1815,Thiết Bị Số - Phụ Kiện Số,Anker,220,Thời Trang Bụi Phố,False,True,True,available,2024-12-10 00:00:00
100897,TIKI-915-000897,Quần dài Kaki dáng Slimfit co giãn tôn dáng Canifa,297500,350000,15,4.9,86,319,915,Thời Trang Nam,Canifa,115,Coolmate Flagship Store,True,True,True,available,2024-05-21 00:00:00
100898,TIKI-8322-000898,Sách - Đắc Nhân Tâm - Khổ Lớn Đặc Biệt (NXB Kim Đồng),255000,300000,15,4.8,45,287,8322,Nhà Sách Tiki,NXB Kim Đồng,220,Thời Trang Bụi Phố,False,True,True,low_stock,2024-10-22 00:00:00
100899,TIKI-1882-000899,Nồi cơm điện cao tần Tefal Lòng nồi chống dính cao cấp,14500000,14500000,0,4.8,6,33,1882,Điện Gia Dụng,Tefal,210,Mỹ Phẩm Xách Tay Authentic,False,False,True,available,2024-08-01 00:00:00
100900,TIKI-1882-000900,Nồi cơm điện cao tần Kangaroo Lòng nồi chống dính cao cấp,5850000,9000000,35,4.7,64,424,1882,Điện Gia Dụng,Kangaroo,210,Mỹ Phẩm Xách Tay Authentic,False,True,True,available,2024-08-21 00:00:00
100901,TIKI-1789-000901,Máy tính bảng ASUS Tab Wifi + Cellular Pro,7990000,9400000,15,4.9,6,23,1789,Điện Thoại - Máy Tính Bảng,ASUS,102,Apple Flagship Store,True,False,True,available,2024-06-15 00:00:00
100902,TIKI-1815-000902,Tai nghe không dây Bluetooth Baseus Chống ồn chủ động ANC,7100000,7100000,0,4.2,248,1157,1815,Thiết Bị Số - Phụ Kiện Số,Baseus,115,Coolmate Flagship Store,True,True,True,available,2024-01-24 00:00:00
100903,TIKI-1882-000903,Máy lọc không khí Lock&Lock Màng lọc HEPA diệt khuẩn khử mùi,8560000,10700000,20,4.7,315,1929,1882,Điện Gia Dụng,Lock&Lock,220,Thời Trang Bụi Phố,False,True,True,available,2024-03-03 00:00:00
100904,TIKI-1815-000904,Cáp sạc đa năng Sandisk bọc dù siêu bền truyền dữ liệu tốc độ cao,4140000,6900000,40,4.9,82,467,1815,Thiết Bị Số - Phụ Kiện Số,Sandisk,102,Apple Flagship Store,True,True,True,available,2024-05-24 00:00:00
100905,TIKI-8322-000905,Sách - Tâm Lý Học Về Tiền - Morgan Housel (NXB Kim Đồng),82500,110000,25,4.8,252,1629,8322,Nhà Sách Tiki,NXB Kim Đồng,112,Nhà Sách FAHASA Official,True,False,True,available,2024-04-16 00:00:00
100906,TIKI-8322-000906,Sách - Nhà Giả Kim - Paulo Coelho (NXB Trẻ),245000,350000,30,4.9,18,79,8322,Nhà Sách Tiki,NXB Trẻ,108,Anker Official Mall,True,False,True,available,2024-10-30 00:00:00
100907,TIKI-1882-000907,Nồi cơm điện cao tần Panasonic Lòng nồi chống dính cao cấp,13205000,13900000,5,4.2,34,174,1882,Điện Gia Dụng,Panasonic,105,Samsung Official Store,True,False,True,available,2024-08-20 00:00:00
100908,TIKI-1883-000908,Bình giữ nhiệt Inox 316 cao cấp Tupperware Giữ nhiệt 24 giờ 800ml,576000,640000,10,4.7,368,2243,1883,Nhà Cửa - Đời Sống,Tupperware,112,Nhà Sách FAHASA Official,True,True,True,available,2024-02-23 00:00:00
100909,TIKI-1789-000909,Điện thoại Realme Pro Max 256GB Chính Hãng VN/A,28350000,31500000,10,4.9,82,482,1789,Điện Thoại - Máy Tính Bảng,Realme,1,Tiki Trading,True,True,True,available,2024-06-30 00:00:00
100910,TIKI-1520-000910,Nước tẩy trang dịu nhẹ cho da nhạy cảm La Roche-Posay Micellar Water 400ml,238000,340000,30,4.8,90,336,1520,Làm Đẹp - Sức Khỏe,La Roche-Posay,108,Anker Official Mall,True,True,True,available,2024-05-20 00:00:00
100911,TIKI-915-000911,Quần dài Kaki dáng Slimfit co giãn tôn dáng Canifa,238000,340000,30,4.9,43,268,915,Thời Trang Nam,Canifa,112,Nhà Sách FAHASA Official,True,True,True,available,2024-09-23 00:00:00
100912,TIKI-1789-000912,Điện thoại thông minh Realme Ultra 5G 128GB,13800000,13800000,0,4.5,107,489,1789,Điện Thoại - Máy Tính Bảng,Realme,108,Anker Official Mall,True,True,True,available,2024-09-30 00:00:00
100913,TIKI-1520-000913,Sữa rửa mặt tạo bọt sạch sâu se khít lỗ chân lông The Ordinary,229500,270000,15,4.7,258,1214,1520,Làm Đẹp - Sức Khỏe,The Ordinary,201,Điện Máy Gia Dụng Xanh,False,True,True,available,2024-04-16 00:00:00
100914,TIKI-1882-000914,Máy xay sinh tố cầm tay đa năng Panasonic Lưỡi dao inox 304,3060000,3400000,10,4.8,149,841,1882,Điện Gia Dụng,Panasonic,1,Tiki Trading,True,False,True,available,2024-06-06 00:00:00
100915,TIKI-1882-000915,Robot hút bụi lau nhà thông minh Lock&Lock Laser LiDAR Tự động đổ rác,11340000,12600000,10,3.8,136,737,1882,Điện Gia Dụng,Lock&Lock,115,Coolmate Flagship Store,True,True,True,out_of_stock,2024-01-12 00:00:00
100916,TIKI-1789-000916,Điện thoại Samsung Pro Max Pro Chính Hãng VN/A,16100000,32200000,50,4.9,252,1417,1789,Điện Thoại - Máy Tính Bảng,Samsung,115,Coolmate Flagship Store,True,True,True,available,2024-01-25 00:00:00
100917,TIKI-1882-000917,Máy xay sinh tố cầm tay đa năng Sunhouse Lưỡi dao inox 304,4465000,4700000,5,4.9,200,1002,1882,Điện Gia Dụng,Sunhouse,105,Samsung Official Store,True,False,True,available,2024-09-09 00:00:00
100918,TIKI-1520-000918,Sữa rửa mặt tạo bọt sạch sâu se khít lỗ chân lông Innisfree,730000,730000,0,4.5,47,235,1520,Làm Đẹp - Sức Khỏe,Innisfree,115,Coolmate Flagship Store,True,False,True,low_stock,2024-09-23 00:00:00
100919,TIKI-1883-000919,Bộ lau nhà tự vắt thông minh xoay 360 độ Rạng Đông,760000,760000,0,4.9,68,305,1883,Nhà Cửa - Đời Sống,Rạng Đông,112,Nhà Sách FAHASA Official,True,True,True,available,2024-03-14 00:00:00
100920,TIKI-1815-000920,Chuột không dây công thái học Sandisk Silent Click,1890000,2700000,30,4.7,408,3038,1815,Thiết Bị Số - Phụ Kiện Số,Sandisk,102,Apple Flagship Store,True,False,True,low_stock,2024-12-14 00:00:00
100921,TIKI-8322-000921,Sách - Nhà Giả Kim - Paulo Coelho (First News),189000,270000,30,4.8,353,1674,8322,Nhà Sách Tiki,First News,115,Coolmate Flagship Store,True,True,True,available,2024-04-08 00:00:00
100922,TIKI-915-000922,Áo thun nam Cotton Compact chống nhăn co giãn Routine,432000,540000,20,4.9,6,46,915,Thời Trang Nam,Routine,204,Phụ Kiện Công Nghệ Số 1,False,True,True,available,2024-03-17 00:00:00
100923,TIKI-1520-000923,Kem dưỡng ẩm tái tạo phục hồi màng bảo vệ da Innisfree 50ml,344500,530000,35,4.9,198,706,1520,Làm Đẹp - Sức Khỏe,Innisfree,105,Samsung Official Store,True,True,True,available,2024-01-22 00:00:00
100924,TIKI-1520-000924,Kem chống nắng kiểm soát dầu La Roche-Posay SPF 50+ PA++++ 50ml,105000,150000,30,4.8,220,819,1520,Làm Đẹp - Sức Khỏe,La Roche-Posay,112,Nhà Sách FAHASA Official,True,True,True,low_stock,2024-03-12 00:00:00
100925,TIKI-1883-000925,Bình giữ nhiệt Inox 316 cao cấp Rạng Đông Giữ nhiệt 24 giờ 800ml,238000,280000,15,4.8,305,1466,1883,Nhà Cửa - Đời Sống,Rạng Đông,112,Nhà Sách FAHASA Official,True,True,True,low_stock,2024-01-18 00:00:00
100926,TIKI-1815-000926,Bàn phím cơ không dây Sandisk RGB Hot-swap,2880000,3600000,20,4.8,27,147,1815,Thiết Bị Số - Phụ Kiện Số,Sandisk,102,Apple Flagship Store,True,False,True,available,2024-06-15 00:00:00
100927,TIKI-1883-000927,Kệ để đồ đa năng thông minh tiết kiệm diện tích Inochi,680000,800000,15,4.8,15,90,1883,Nhà Cửa - Đời Sống,Inochi,201,Điện Máy Gia Dụng Xanh,False,True,True,available,2024-11-18 00:00:00
100928,TIKI-8322-000928,Sách - Tâm Lý Học Về Tiền - Morgan Housel (Nhã Nam),255000,340000,25,4.8,143,730,8322,Nhà Sách Tiki,Nhã Nam,210,Mỹ Phẩm Xách Tay Authentic,False,True,True,available,2024-07-01 00:00:00
100929,TIKI-8322-000929,Sách - Tâm Lý Học Về Tiền - Morgan Housel (Nhã Nam),304000,320000,5,4.7,119,578,8322,Nhà Sách Tiki,Nhã Nam,1,Tiki Trading,True,False,True,available,2024-05-05 00:00:00
100930,TIKI-1815-000930,Tai nghe không dây Bluetooth JBL Chống ồn chủ động ANC,1330000,1900000,30,4.7,79,547,1815,Thiết Bị Số - Phụ Kiện Số,JBL,201,Điện Máy Gia Dụng Xanh,False,True,True,available,2024-09-23 00:00:00
100931,TIKI-1789-000931,Máy tính bảng Apple Tab Wifi + Cellular 2024 Edition,12500000,25000000,50,4.9,46,260,1789,Điện Thoại - Máy Tính Bảng,Apple,102,Apple Flagship Store,True,True,True,available,2024-06-19 00:00:00
100932,TIKI-1520-000932,Kem dưỡng ẩm tái tạo phục hồi màng bảo vệ da The Ordinary 50ml,884000,1040000,15,4.8,104,816,1520,Làm Đẹp - Sức Khỏe,The Ordinary,1,Tiki Trading,True,True,True,low_stock,2024-03-11 00:00:00
100933,TIKI-915-000933,Quần lót nam Boxer sợi Modal kháng khuẩn công nghệ may Seamless Aristino,65000,100000,35,4.7,31,117,915,Thời Trang Nam,Aristino,112,Nhà Sách FAHASA Official,True,False,True,low_stock,2024-03-20 00:00:00
100934,TIKI-1520-000934,Serum phục hồi làm dịu da cấp ẩm La Roche-Posay Niacinamide 10%,750000,750000,0,4.5,75,281,1520,Làm Đẹp - Sức Khỏe,La Roche-Posay,102,Apple Flagship Store,True,True,True,available,2024-03-04 00:00:00
100935,TIKI-1815-000935,Loa Bluetooth di động Logitech Âm bass mạnh mẽ chống nước IPX7,2950000,5900000,50,4.9,23,82,1815,Thiết Bị Số - Phụ Kiện Số,Logitech,220,Thời Trang Bụi Phố,False,False,True,available,2024-03-14 00:00:00
100936,TIKI-1815-000936,Bàn phím cơ không dây Logitech RGB Hot-swap,3800000,4000000,5,3.8,86,559,1815,Thiết Bị Số - Phụ Kiện Số,Logitech,112,Nhà Sách FAHASA Official,True,True,True,available,2024-07-20 00:00:00
100937,TIKI-1789-000937,Điện thoại gập OPPO Flip thế hệ mới,15500000,15500000,0,4.9,20,105,1789,Điện Thoại - Máy Tính Bảng,OPPO,201,Điện Máy Gia Dụng Xanh,False,True,True,available,2024-10-25 00:00:00
100938,TIKI-915-000938,Quần dài Kaki dáng Slimfit co giãn tôn dáng Biluxury,175500,270000,35,4.5,78,276,915,Thời Trang Nam,Biluxury,115,Coolmate Flagship Store,True,True,True,available,2024-03-23 00:00:00
100939,TIKI-1883-000939,Bình giữ nhiệt Inox 316 cao cấp Rạng Đông Giữ nhiệt 24 giờ 800ml,354000,590000,40,4.9,133,676,1883,Nhà Cửa - Đời Sống,Rạng Đông,210,Mỹ Phẩm Xách Tay Authentic,False,True,True,available,2024-10-16 00:00:00
100940,TIKI-1883-000940,Kệ để đồ đa năng thông minh tiết kiệm diện tích Inochi,570000,600000,5,4.2,129,670,1883,Nhà Cửa - Đời Sống,Inochi,112,Nhà Sách FAHASA Official,True,False,True,available,2024-08-30 00:00:00
100941,TIKI-1520-000941,Kem dưỡng ẩm tái tạo phục hồi màng bảo vệ da The Ordinary 50ml,432000,480000,10,4.7,111,678,1520,Làm Đẹp - Sức Khỏe,The Ordinary,210,Mỹ Phẩm Xách Tay Authentic,False,False,True,available,2024-10-27 00:00:00
100942,TIKI-1789-000942,Điện thoại Apple Pro Max 2024 Edition Chính Hãng VN/A,18810000,19800000,5,4.7,88,577,1789,Điện Thoại - Máy Tính Bảng,Apple,105,Samsung Official Store,True,True,True,out_of_stock,2024-06-15 00:00:00
100943,TIKI-1883-000943,Bình giữ nhiệt Inox 316 cao cấp Điện Quang Giữ nhiệt 24 giờ 800ml,413000,590000,30,4.2,12,55,1883,Nhà Cửa - Đời Sống,Điện Quang,105,Samsung Official Store,True,False,True,available,2024-01-21 00:00:00
100944,TIKI-1883-000944,Bộ hộp cơm thủy tinh chịu nhiệt Lock&Lock Có túi giữ nhiệt cao cấp,149500,230000,35,4.8,544,3308,1883,Nhà Cửa - Đời Sống,Lock&Lock,115,Coolmate Flagship Store,True,True,True,available,2024-04-13 00:00:00
100945,TIKI-8322-000945,Sách - Thiết Kế Cuộc Đời Đáng Sống - Designing Your Life (NXB Phụ Nữ),112000,160000,30,4.5,203,886,8322,Nhà Sách Tiki,NXB Phụ Nữ,108,Anker Official Mall,True,True,True,available,2024-10-26 00:00:00
100946,TIKI-915-000946,Quần lót nam Boxer sợi Modal kháng khuẩn công nghệ may Seamless Coolmate,75000,100000,25,4.7,105,775,915,Thời Trang Nam,Coolmate,105,Samsung Official Store,True,True,True,available,2024-06-24 00:00:00
100947,TIKI-915-000947,Quần dài Kaki dáng Slimfit co giãn tôn dáng Biluxury,420000,700000,40,4.8,120,721,915,Thời Trang Nam,Biluxury,108,Anker Official Mall,True,True,True,available,2024-03-12 00:00:00
100948,TIKI-915-000948,Áo thun nam Cotton Compact chống nhăn co giãn Canifa,156000,260000,40,4.9,20,90,915,Thời Trang Nam,Canifa,102,Apple Flagship Store,True,False,True,available,2024-11-04 00:00:00
100949,TIKI-1815-000949,Chuột không dây công thái học JBL Silent Click,990000,1100000,10,3.8,14,85,1815,Thiết Bị Số - Phụ Kiện Số,JBL,115,Coolmate Flagship Store,True,False,True,available,2024-09-23 00:00:00
100950,TIKI-8322-000950,Sách - Tâm Lý Học Về Tiền - Morgan Housel (First News),288000,360000,20,4.7,8,43,8322,Nhà Sách Tiki,First News,102,Apple Flagship Store,True,True,True,low_stock,2024-04-13 00:00:00
100951,TIKI-1789-000951,Điện thoại thông minh Samsung Ultra 5G Pro,41900000,41900000,0,4.9,14,108,1789,Điện Thoại - Máy Tính Bảng,Samsung,115,Coolmate Flagship Store,True,False,True,available,2024-11-09 00:00:00
100952,TIKI-1883-000952,Kệ để đồ đa năng thông minh tiết kiệm diện tích Duy Tân,120000,200000,40,4.8,21,141,1883,Nhà Cửa - Đời Sống,Duy Tân,201,Điện Máy Gia Dụng Xanh,False,True,True,available,2024-02-24 00:00:00
100953,TIKI-1815-000953,Bàn phím cơ không dây Marshall RGB Hot-swap,3200000,3200000,0,4.2,8,56,1815,Thiết Bị Số - Phụ Kiện Số,Marshall,112,Nhà Sách FAHASA Official,True,False,True,available,2024-04-11 00:00:00
100954,TIKI-8322-000954,Sách - Kỹ Năng Quản Lý Thời Gian Cho Người Bận Rộn (NXB Phụ Nữ),360000,360000,0,4.8,61,247,8322,Nhà Sách Tiki,NXB Phụ Nữ,1,Tiki Trading,True,True,True,available,2024-12-26 00:00:00
100955,TIKI-1789-000955,Điện thoại OPPO Pro Max Pro Chính Hãng VN/A,22100000,26000000,15,4.8,305,1394,1789,Điện Thoại - Máy Tính Bảng,OPPO,115,Coolmate Flagship Store,True,False,True,available,2024-02-18 00:00:00
100956,TIKI-8322-000956,Sách - Nguyên Lý Big Data & Học Máy Ứng Dụng (NXB Phụ Nữ),80000,80000,0,4.5,39,146,8322,Nhà Sách Tiki,NXB Phụ Nữ,210,Mỹ Phẩm Xách Tay Authentic,False,True,True,available,2024-01-31 00:00:00
100957,TIKI-1882-000957,Máy lọc không khí Philips Màng lọc HEPA diệt khuẩn khử mùi,5760000,7200000,20,4.9,65,419,1882,Điện Gia Dụng,Philips,220,Thời Trang Bụi Phố,False,True,True,available,2024-12-03 00:00:00
100958,TIKI-1520-000958,Sữa rửa mặt tạo bọt sạch sâu se khít lỗ chân lông L'Oreal Paris,279500,430000,35,4.7,345,2418,1520,Làm Đẹp - Sức Khỏe,L'Oreal Paris,115,Coolmate Flagship Store,True,False,True,available,2024-05-30 00:00:00
100959,TIKI-1882-000959,Máy xay sinh tố cầm tay đa năng Kangaroo Lưỡi dao inox 304,1725000,2300000,25,4.2,151,951,1882,Điện Gia Dụng,Kangaroo,102,Apple Flagship Store,True,True,True,available,2024-05-24 00:00:00
100960,TIKI-1815-000960,Chuột không dây công thái học Logitech Silent Click,2755000,2900000,5,4.8,208,860,1815,Thiết Bị Số - Phụ Kiện Số,Logitech,210,Mỹ Phẩm Xách Tay Authentic,False,False,True,available,2024-05-01 00:00:00
100961,TIKI-1883-000961,Bộ hộp cơm thủy tinh chịu nhiệt Tupperware Có túi giữ nhiệt cao cấp,112000,140000,20,4.9,63,455,1883,Nhà Cửa - Đời Sống,Tupperware,204,Phụ Kiện Công Nghệ Số 1,False,True,True,available,2024-02-14 00:00:00
100962,TIKI-1520-000962,Sữa rửa mặt tạo bọt sạch sâu se khít lỗ chân lông Vichy,416000,640000,35,4.9,32,138,1520,Làm Đẹp - Sức Khỏe,Vichy,201,Điện Máy Gia Dụng Xanh,False,False,True,available,2024-08-09 00:00:00
100963,TIKI-1882-000963,Máy xay sinh tố cầm tay đa năng Philips Lưỡi dao inox 304,800000,1600000,50,4.7,54,390,1882,Điện Gia Dụng,Philips,115,Coolmate Flagship Store,True,False,True,available,2024-05-15 00:00:00
100964,TIKI-1789-000964,Điện thoại gập Xiaomi Flip thế hệ mới,10355000,10900000,5,4.8,370,2847,1789,Điện Thoại - Máy Tính Bảng,Xiaomi,201,Điện Máy Gia Dụng Xanh,False,False,True,available,2024-05-28 00:00:00
100965,TIKI-1520-000965,Kem dưỡng ẩm tái tạo phục hồi màng bảo vệ da The Ordinary 50ml,432000,480000,10,3.8,80,637,1520,Làm Đẹp - Sức Khỏe,The Ordinary,210,Mỹ Phẩm Xách Tay Authentic,False,True,True,low_stock,2024-05-02 00:00:00
100966,TIKI-1882-000966,Nồi chiên không dầu điện tử Panasonic Dung tích 6.5L Giảm 85% dầu mỡ,6375000,8500000,25,4.8,9,42,1882,Điện Gia Dụng,Panasonic,210,Mỹ Phẩm Xách Tay Authentic,False,False,True,available,2024-05-18 00:00:00
100967,TIKI-915-000967,Áo thun nam Cotton Compact chống nhăn co giãn Aristino,408000,510000,20,4.5,75,268,915,Thời Trang Nam,Aristino,112,Nhà Sách FAHASA Official,True,True,True,available,2024-01-06 00:00:00
100968,TIKI-1882-000968,Máy xay sinh tố cầm tay đa năng Cosori Lưỡi dao inox 304,1200000,2400000,50,4.2,43,268,1882,Điện Gia Dụng,Cosori,201,Điện Máy Gia Dụng Xanh,False,True,True,available,2024-06-10 00:00:00
100969,TIKI-1882-000969,Máy lọc không khí Panasonic Màng lọc HEPA diệt khuẩn khử mùi,3570000,4200000,15,4.7,24,150,1882,Điện Gia Dụng,Panasonic,204,Phụ Kiện Công Nghệ Số 1,False,True,True,available,2024-01-27 00:00:00
100970,TIKI-1789-000970,Điện thoại gập Samsung Flip thế hệ mới,6060000,10100000,40,4.7,12,80,1789,Điện Thoại - Máy Tính Bảng,Samsung,115,Coolmate Flagship Store,True,True,True,available,2024-05-13 00:00:00
100971,TIKI-1883-000971,Bộ hộp cơm thủy tinh chịu nhiệt Lock&Lock Có túi giữ nhiệt cao cấp,513000,540000,5,4.9,75,434,1883,Nhà Cửa - Đời Sống,Lock&Lock,108,Anker Official Mall,True,True,True,available,2024-05-02 00:00:00
100972,TIKI-1882-000972,Nồi chiên không dầu điện tử Sharp Dung tích 6.5L Giảm 85% dầu mỡ,7380000,8200000,10,4.9,117,599,1882,Điện Gia Dụng,Sharp,201,Điện Máy Gia Dụng Xanh,False,False,True,available,2024-07-28 00:00:00
100973,TIKI-1882-000973,Robot hút bụi lau nhà thông minh Philips Laser LiDAR Tự động đổ rác,7560000,8400000,10,4.2,8,49,1882,Điện Gia Dụng,Philips,1,Tiki Trading,True,False,True,available,2024-06-10 00:00:00
100974,TIKI-915-000974,Áo sơ mi nam công sở dài tay cao cấp Owen,126000,140000,10,4.8,740,2851,915,Thời Trang Nam,Owen,201,Điện Máy Gia Dụng Xanh,False,True,True,available,2024-02-10 00:00:00
100975,TIKI-1520-000975,Kem dưỡng ẩm tái tạo phục hồi màng bảo vệ da The Ordinary 50ml,788500,830000,5,4.5,95,354,1520,Làm Đẹp - Sức Khỏe,The Ordinary,201,Điện Máy Gia Dụng Xanh,False,False,True,available,2024-08-30 00:00:00
100976,TIKI-8322-000976,Sách - Thiết Kế Cuộc Đời Đáng Sống - Designing Your Life (Alpha Books),204000,240000,15,4.8,197,1556,8322,Nhà Sách Tiki,Alpha Books,220,Thời Trang Bụi Phố,False,True,True,available,2024-04-29 00:00:00
100977,TIKI-1789-000977,Điện thoại thông minh Realme Ultra 5G V2,25175000,26500000,5,4.8,89,677,1789,Điện Thoại - Máy Tính Bảng,Realme,201,Điện Máy Gia Dụng Xanh,False,True,True,available,2024-12-01 00:00:00
100978,TIKI-8322-000978,Sách - Nhà Giả Kim - Paulo Coelho (Nhã Nam),340000,400000,15,4.7,67,410,8322,Nhà Sách Tiki,Nhã Nam,105,Samsung Official Store,True,False,True,available,2024-03-12 00:00:00
100979,TIKI-1882-000979,Máy lọc không khí Kangaroo Màng lọc HEPA diệt khuẩn khử mùi,7980000,11400000,30,4.8,24,137,1882,Điện Gia Dụng,Kangaroo,102,Apple Flagship Store,True,True,True,low_stock,2024-04-12 00:00:00
100980,TIKI-1789-000980,Điện thoại Samsung Pro Max V2 Chính Hãng VN/A,23595000,36300000,35,4.7,21,76,1789,Điện Thoại - Máy Tính Bảng,Samsung,112,Nhà Sách FAHASA Official,True,True,True,available,2024-08-09 00:00:00
100981,TIKI-1789-000981,Điện thoại gập Samsung Flip thế hệ mới,10150000,14500000,30,4.7,38,183,1789,Điện Thoại - Máy Tính Bảng,Samsung,115,Coolmate Flagship Store,True,True,True,available,2024-06-22 00:00:00
100982,TIKI-1520-000982,Kem chống nắng kiểm soát dầu La Roche-Posay SPF 50+ PA++++ 50ml,504000,720000,30,4.7,166,906,1520,Làm Đẹp - Sức Khỏe,La Roche-Posay,115,Coolmate Flagship Store,True,False,True,available,2024-09-02 00:00:00
100983,TIKI-1815-000983,Củ sạc nhanh Anker GaN 65W Cổng Type-C PD Quick Charge,5850000,7800000,25,4.7,77,380,1815,Thiết Bị Số - Phụ Kiện Số,Anker,220,Thời Trang Bụi Phố,False,False,True,available,2024-04-01 00:00:00
100984,TIKI-1882-000984,Robot hút bụi lau nhà thông minh Lock&Lock Laser LiDAR Tự động đổ rác,9700000,9700000,0,4.8,278,1698,1882,Điện Gia Dụng,Lock&Lock,204,Phụ Kiện Công Nghệ Số 1,False,True,True,available,2024-08-07 00:00:00
100985,TIKI-1882-000985,Robot hút bụi lau nhà thông minh Tefal Laser LiDAR Tự động đổ rác,7200000,12000000,40,4.9,259,1272,1882,Điện Gia Dụng,Tefal,108,Anker Official Mall,True,True,True,available,2024-06-27 00:00:00
100986,TIKI-1882-000986,Nồi cơm điện cao tần Panasonic Lòng nồi chống dính cao cấp,4240000,5300000,20,4.2,41,255,1882,Điện Gia Dụng,Panasonic,108,Anker Official Mall,True,True,True,available,2024-02-25 00:00:00
100987,TIKI-1815-000987,Củ sạc nhanh Anker GaN 65W Cổng Type-C PD Quick Charge,2400000,2400000,0,4.8,9,67,1815,Thiết Bị Số - Phụ Kiện Số,Anker,210,Mỹ Phẩm Xách Tay Authentic,False,True,True,available,2024-10-03 00:00:00
100988,TIKI-1883-000988,Kệ để đồ đa năng thông minh tiết kiệm diện tích Duy Tân,416000,640000,35,4.8,218,1052,1883,Nhà Cửa - Đời Sống,Duy Tân,112,Nhà Sách FAHASA Official,True,False,True,available,2024-02-27 00:00:00
100989,TIKI-1883-000989,Bộ lau nhà tự vắt thông minh xoay 360 độ Duy Tân,408500,430000,5,4.5,601,4082,1883,Nhà Cửa - Đời Sống,Duy Tân,204,Phụ Kiện Công Nghệ Số 1,False,True,True,available,2024-03-01 00:00:00
100990,TIKI-915-000990,Quần lót nam Boxer sợi Modal kháng khuẩn công nghệ may Seamless Aristino,459000,510000,10,4.8,43,272,915,Thời Trang Nam,Aristino,102,Apple Flagship Store,True,False,True,available,2024-09-20 00:00:00
100991,TIKI-915-000991,Áo sơ mi nam công sở dài tay cao cấp Biluxury,132000,220000,40,4.8,225,1456,915,Thời Trang Nam,Biluxury,201,Điện Máy Gia Dụng Xanh,False,True,True,low_stock,2024-11-17 00:00:00
100992,TIKI-915-000992,Quần lót nam Boxer sợi Modal kháng khuẩn công nghệ may Seamless Coolmate,493000,580000,15,4.7,41,171,915,Thời Trang Nam,Coolmate,220,Thời Trang Bụi Phố,False,False,True,available,2024-04-06 00:00:00
100993,TIKI-1815-000993,Cáp sạc đa năng Logitech bọc dù siêu bền truyền dữ liệu tốc độ cao,3000000,3000000,0,4.8,85,531,1815,Thiết Bị Số - Phụ Kiện Số,Logitech,210,Mỹ Phẩm Xách Tay Authentic,False,True,True,available,2024-12-30 00:00:00
100994,TIKI-915-000994,Quần dài Kaki dáng Slimfit co giãn tôn dáng Routine,300000,400000,25,4.8,133,573,915,Thời Trang Nam,Routine,220,Thời Trang Bụi Phố,False,True,True,low_stock,2024-06-03 00:00:00
100995,TIKI-915-000995,Quần dài Kaki dáng Slimfit co giãn tôn dáng Canifa,330000,550000,40,4.8,17,68,915,Thời Trang Nam,Canifa,201,Điện Máy Gia Dụng Xanh,False,True,True,low_stock,2024-05-28 00:00:00
100996,TIKI-1882-000996,Nồi cơm điện cao tần Sunhouse Lòng nồi chống dính cao cấp,9600000,12800000,25,4.7,56,296,1882,Điện Gia Dụng,Sunhouse,105,Samsung Official Store,True,True,True,available,2024-03-07 00:00:00
100997,TIKI-1883-000997,Bộ lau nhà tự vắt thông minh xoay 360 độ Tupperware,104000,130000,20,4.9,34,249,1883,Nhà Cửa - Đời Sống,Tupperware,108,Anker Official Mall,True,True,True,available,2024-07-29 00:00:00
100998,TIKI-1882-000998,Máy lọc không khí Panasonic Màng lọc HEPA diệt khuẩn khử mùi,8610000,12300000,30,4.8,297,1398,1882,Điện Gia Dụng,Panasonic,201,Điện Máy Gia Dụng Xanh,False,True,True,available,2024-04-23 00:00:00
100999,TIKI-1789-000999,Điện thoại gập Xiaomi Flip thế hệ mới,33570000,37300000,10,4.8,186,743,1789,Điện Thoại - Máy Tính Bảng,Xiaomi,108,Anker Official Mall,True,False,True,available,2024-11-11 00:00:00
101000,TIKI-1520-001000,Kem chống nắng kiểm soát dầu Laneige SPF 50+ PA++++ 50ml,819000,1170000,30,4.9,151,1148,1520,Làm Đẹp - Sức Khỏe,Laneige,1,Tiki Trading,True,True,True,available,2024-10-11 00:00:00
101001,TIKI-1520-001001,Nước tẩy trang dịu nhẹ cho da nhạy cảm L'Oreal Paris Micellar Water 400ml,210000,350000,40,4.8,156,749,1520,Làm Đẹp - Sức Khỏe,L'Oreal Paris,108,Anker Official Mall,True,True,True,available,2024-03-24 00:00:00
101002,TIKI-1815-001002,Tai nghe không dây Bluetooth Logitech Chống ồn chủ động ANC,6650000,7000000,5,4.8,193,712,1815,Thiết Bị Số - Phụ Kiện Số,Logitech,1,Tiki Trading,True,True,True,available,2024-05-25 00:00:00
101003,TIKI-915-001003,Quần lót nam Boxer sợi Modal kháng khuẩn công nghệ may Seamless Aristino,175000,250000,30,4.7,21,143,915,Thời Trang Nam,Aristino,112,Nhà Sách FAHASA Official,True,True,True,available,2024-05-19 00:00:00
101004,TIKI-1520-001004,Sữa rửa mặt tạo bọt sạch sâu se khít lỗ chân lông The Ordinary,660000,1100000,40,4.7,24,163,1520,Làm Đẹp - Sức Khỏe,The Ordinary,1,Tiki Trading,True,True,True,available,2024-07-20 00:00:00
101005,TIKI-1883-001005,Kệ để đồ đa năng thông minh tiết kiệm diện tích Lock&Lock,96000,120000,20,4.9,32,150,1883,Nhà Cửa - Đời Sống,Lock&Lock,210,Mỹ Phẩm Xách Tay Authentic,False,False,True,available,2024-12-02 00:00:00
101006,TIKI-1882-001006,Nồi chiên không dầu điện tử Sharp Dung tích 6.5L Giảm 85% dầu mỡ,5265000,8100000,35,4.9,150,866,1882,Điện Gia Dụng,Sharp,201,Điện Máy Gia Dụng Xanh,False,True,True,out_of_stock,2024-07-15 00:00:00
101007,TIKI-915-001007,Áo sơ mi nam công sở dài tay cao cấp Canifa,149500,230000,35,4.9,448,2369,915,Thời Trang Nam,Canifa,210,Mỹ Phẩm Xách Tay Authentic,False,True,True,available,2024-04-29 00:00:00
101008,TIKI-1520-001008,Nước tẩy trang dịu nhẹ cho da nhạy cảm La Roche-Posay Micellar Water 400ml,1121000,1180000,5,4.9,27,199,1520,Làm Đẹp - Sức Khỏe,La Roche-Posay,105,Samsung Official Store,True,False,True,available,2024-09-08 00:00:00
101009,TIKI-1815-001009,Loa Bluetooth di động Sandisk Âm bass mạnh mẽ chống nước IPX7,3450000,6900000,50,4.7,12,68,1815,Thiết Bị Số - Phụ Kiện Số,Sandisk,204,Phụ Kiện Công Nghệ Số 1,False,True,True,available,2024-07-30 00:00:00
101010,TIKI-1883-001010,Bộ hộp cơm thủy tinh chịu nhiệt Inochi Có túi giữ nhiệt cao cấp,620000,620000,0,4.9,33,199,1883,Nhà Cửa - Đời Sống,Inochi,220,Thời Trang Bụi Phố,False,False,True,available,2024-09-08 00:00:00
101011,TIKI-915-001011,Áo sơ mi nam công sở dài tay cao cấp An Phước,450000,750000,40,4.5,596,2304,915,Thời Trang Nam,An Phước,204,Phụ Kiện Công Nghệ Số 1,False,True,True,available,2024-02-24 00:00:00
101012,TIKI-8322-001012,Sách - Nguyên Lý Big Data & Học Máy Ứng Dụng (NXB Kim Đồng),370500,390000,5,4.9,74,582,8322,Nhà Sách Tiki,NXB Kim Đồng,105,Samsung Official Store,True,True,True,available,2024-01-21 00:00:00
101013,TIKI-915-001013,Quần dài Kaki dáng Slimfit co giãn tôn dáng Aristino,441000,630000,30,4.9,20,159,915,Thời Trang Nam,Aristino,210,Mỹ Phẩm Xách Tay Authentic,False,True,True,available,2024-12-13 00:00:00
101014,TIKI-1520-001014,Kem dưỡng ẩm tái tạo phục hồi màng bảo vệ da Innisfree 50ml,264000,330000,20,4.8,32,200,1520,Làm Đẹp - Sức Khỏe,Innisfree,105,Samsung Official Store,True,False,True,available,2024-07-10 00:00:00
101015,TIKI-8322-001015,Sách - Nhà Giả Kim - Paulo Coelho (Nhã Nam),96000,160000,40,4.7,82,404,8322,Nhà Sách Tiki,Nhã Nam,105,Samsung Official Store,True,True,True,available,2024-04-02 00:00:00
101016,TIKI-1789-001016,Điện thoại thông minh Xiaomi Ultra 5G 256GB,23075000,35500000,35,4.8,12,67,1789,Điện Thoại - Máy Tính Bảng,Xiaomi,102,Apple Flagship Store,True,True,True,available,2024-03-22 00:00:00
101017,TIKI-1520-001017,Nước tẩy trang dịu nhẹ cho da nhạy cảm L'Oreal Paris Micellar Water 400ml,312000,390000,20,4.9,295,1598,1520,Làm Đẹp - Sức Khỏe,L'Oreal Paris,1,Tiki Trading,True,True,True,available,2024-06-06 00:00:00
101018,TIKI-8322-001018,Sách - Đắc Nhân Tâm - Khổ Lớn Đặc Biệt (Alpha Books),50000,100000,50,4.9,162,771,8322,Nhà Sách Tiki,Alpha Books,108,Anker Official Mall,True,False,True,available,2024-05-15 00:00:00
101019,TIKI-1883-001019,Bộ lau nhà tự vắt thông minh xoay 360 độ Rạng Đông,225000,450000,50,4.7,81,344,1883,Nhà Cửa - Đời Sống,Rạng Đông,220,Thời Trang Bụi Phố,False,True,True,available,2024-04-29 00:00:00
101020,TIKI-1883-001020,Bình giữ nhiệt Inox 316 cao cấp Rạng Đông Giữ nhiệt 24 giờ 800ml,700000,700000,0,4.8,276,1030,1883,Nhà Cửa - Đời Sống,Rạng Đông,105,Samsung Official Store,True,True,True,available,2024-09-19 00:00:00
101021,TIKI-8322-001021,Sách - Thiết Kế Cuộc Đời Đáng Sống - Designing Your Life (Alpha Books),126000,210000,40,4.8,183,1222,8322,Nhà Sách Tiki,Alpha Books,102,Apple Flagship Store,True,True,True,available,2024-07-01 00:00:00
101022,TIKI-1882-001022,Máy xay sinh tố cầm tay đa năng Lock&Lock Lưỡi dao inox 304,4160000,5200000,20,4.7,224,1348,1882,Điện Gia Dụng,Lock&Lock,108,Anker Official Mall,True,False,True,available,2024-09-08 00:00:00
101023,TIKI-915-001023,Quần dài Kaki dáng Slimfit co giãn tôn dáng Coolmate,320000,320000,0,4.5,237,1651,915,Thời Trang Nam,Coolmate,115,Coolmate Flagship Store,True,False,True,available,2024-06-27 00:00:00
101024,TIKI-1520-001024,Serum phục hồi làm dịu da cấp ẩm Laneige Niacinamide 10%,370000,370000,0,4.9,58,253,1520,Làm Đẹp - Sức Khỏe,Laneige,115,Coolmate Flagship Store,True,True,True,available,2024-10-28 00:00:00
101025,TIKI-1882-001025,Máy xay sinh tố cầm tay đa năng Panasonic Lưỡi dao inox 304,7900000,7900000,0,4.7,128,677,1882,Điện Gia Dụng,Panasonic,220,Thời Trang Bụi Phố,False,False,True,available,2024-12-23 00:00:00
101026,TIKI-915-001026,Áo thun nam Cotton Compact chống nhăn co giãn Coolmate,442000,680000,35,4.9,171,1096,915,Thời Trang Nam,Coolmate,204,Phụ Kiện Công Nghệ Số 1,False,True,True,available,2024-10-07 00:00:00
101027,TIKI-1789-001027,Điện thoại thông minh Vivo Ultra 5G Max,13965000,14700000,5,4.8,229,859,1789,Điện Thoại - Máy Tính Bảng,Vivo,105,Samsung Official Store,True,False,True,available,2024-11-23 00:00:00
101028,TIKI-1789-001028,Máy tính bảng ASUS Tab Wifi + Cellular 2024 Edition,20750000,41500000,50,4.7,53,345,1789,Điện Thoại - Máy Tính Bảng,ASUS,108,Anker Official Mall,True,False,True,available,2024-06-12 00:00:00
101029,TIKI-1520-001029,Nước tẩy trang dịu nhẹ cho da nhạy cảm The Ordinary Micellar Water 400ml,700000,1000000,30,4.8,137,517,1520,Làm Đẹp - Sức Khỏe,The Ordinary,1,Tiki Trading,True,False,True,available,2024-04-09 00:00:00
101030,TIKI-1882-001030,Robot hút bụi lau nhà thông minh Lock&Lock Laser LiDAR Tự động đổ rác,4000000,8000000,50,4.9,89,380,1882,Điện Gia Dụng,Lock&Lock,1,Tiki Trading,True,True,True,available,2024-01-03 00:00:00
101031,TIKI-1882-001031,Máy lọc không khí Lock&Lock Màng lọc HEPA diệt khuẩn khử mùi,1600000,3200000,50,4.2,16,122,1882,Điện Gia Dụng,Lock&Lock,220,Thời Trang Bụi Phố,False,False,True,available,2024-04-04 00:00:00
101032,TIKI-1882-001032,Robot hút bụi lau nhà thông minh Philips Laser LiDAR Tự động đổ rác,4875000,6500000,25,4.8,256,1982,1882,Điện Gia Dụng,Philips,1,Tiki Trading,True,False,True,available,2024-06-07 00:00:00
101033,TIKI-1883-001033,Bình giữ nhiệt Inox 316 cao cấp Inochi Giữ nhiệt 24 giờ 800ml,464000,580000,20,4.9,23,113,1883,Nhà Cửa - Đời Sống,Inochi,1,Tiki Trading,True,True,True,available,2024-04-26 00:00:00
101034,TIKI-1815-001034,Chuột không dây công thái học Baseus Silent Click,3420000,3600000,5,4.8,108,547,1815,Thiết Bị Số - Phụ Kiện Số,Baseus,204,Phụ Kiện Công Nghệ Số 1,False,False,True,available,2024-11-25 00:00:00
101035,TIKI-915-001035,Quần lót nam Boxer sợi Modal kháng khuẩn công nghệ may Seamless Biluxury,531000,590000,10,4.8,33,219,915,Thời Trang Nam,Biluxury,220,Thời Trang Bụi Phố,False,False,True,available,2024-06-27 00:00:00
101036,TIKI-1883-001036,Bình giữ nhiệt Inox 316 cao cấp Lock&Lock Giữ nhiệt 24 giờ 800ml,640000,800000,20,4.9,183,853,1883,Nhà Cửa - Đời Sống,Lock&Lock,210,Mỹ Phẩm Xách Tay Authentic,False,True,True,available,2024-08-28 00:00:00
101037,TIKI-1789-001037,Điện thoại thông minh Vivo Ultra 5G V2,15950000,31900000,50,4.8,104,672,1789,Điện Thoại - Máy Tính Bảng,Vivo,105,Samsung Official Store,True,True,True,available,2024-01-19 00:00:00
101038,TIKI-915-001038,Áo thun nam Cotton Compact chống nhăn co giãn Routine,525000,700000,25,4.8,284,1233,915,Thời Trang Nam,Routine,201,Điện Máy Gia Dụng Xanh,False,True,True,available,2024-07-03 00:00:00
101039,TIKI-1520-001039,Kem chống nắng kiểm soát dầu L'Oreal Paris SPF 50+ PA++++ 50ml,365000,730000,50,4.8,73,386,1520,Làm Đẹp - Sức Khỏe,L'Oreal Paris,220,Thời Trang Bụi Phố,False,True,True,available,2024-05-05 00:00:00
101040,TIKI-1520-001040,Sữa rửa mặt tạo bọt sạch sâu se khít lỗ chân lông Innisfree,530000,530000,0,3.8,256,1775,1520,Làm Đẹp - Sức Khỏe,Innisfree,201,Điện Máy Gia Dụng Xanh,False,True,True,available,2024-09-17 00:00:00
101041,TIKI-1883-001041,Bộ lau nhà tự vắt thông minh xoay 360 độ Lock&Lock,180000,300000,40,4.9,47,290,1883,Nhà Cửa - Đời Sống,Lock&Lock,1,Tiki Trading,True,False,True,available,2024-12-24 00:00:00
101042,TIKI-1520-001042,Serum phục hồi làm dịu da cấp ẩm Cocoon Niacinamide 10%,1150000,1150000,0,3.8,49,340,1520,Làm Đẹp - Sức Khỏe,Cocoon,115,Coolmate Flagship Store,True,True,True,available,2024-06-27 00:00:00
101043,TIKI-8322-001043,Sách - Kỹ Năng Quản Lý Thời Gian Cho Người Bận Rộn (NXB Trẻ),136000,170000,20,4.8,29,213,8322,Nhà Sách Tiki,NXB Trẻ,108,Anker Official Mall,True,True,True,available,2024-08-12 00:00:00
101044,TIKI-1815-001044,Tai nghe không dây Bluetooth Marshall Chống ồn chủ động ANC,4465000,4700000,5,4.8,144,956,1815,Thiết Bị Số - Phụ Kiện Số,Marshall,105,Samsung Official Store,True,False,True,available,2024-08-30 00:00:00
101045,TIKI-8322-001045,Sách - Nhà Giả Kim - Paulo Coelho (NXB Phụ Nữ),270000,300000,10,4.8,333,1764,8322,Nhà Sách Tiki,NXB Phụ Nữ,102,Apple Flagship Store,True,True,True,available,2024-06-17 00:00:00
101046,TIKI-915-001046,Quần dài Kaki dáng Slimfit co giãn tôn dáng Aristino,741000,780000,5,4.8,137,1077,915,Thời Trang Nam,Aristino,201,Điện Máy Gia Dụng Xanh,False,True,True,low_stock,2024-01-15 00:00:00
101047,TIKI-1815-001047,Chuột không dây công thái học Logitech Silent Click,6700000,6700000,0,4.7,172,1309,1815,Thiết Bị Số - Phụ Kiện Số,Logitech,115,Coolmate Flagship Store,True,True,True,available,2024-11-27 00:00:00
101048,TIKI-1815-001048,Củ sạc nhanh Sony GaN 65W Cổng Type-C PD Quick Charge,1050000,1400000,25,4.8,28,116,1815,Thiết Bị Số - Phụ Kiện Số,Sony,201,Điện Máy Gia Dụng Xanh,False,True,True,available,2024-06-09 00:00:00
101049,TIKI-8322-001049,Sách - Thiết Kế Cuộc Đời Đáng Sống - Designing Your Life (NXB Trẻ),112000,160000,30,4.7,220,1230,8322,Nhà Sách Tiki,NXB Trẻ,105,Samsung Official Store,True,True,True,available,2024-02-13 00:00:00
101050,TIKI-1789-001050,Điện thoại gập Realme Flip thế hệ mới,12150000,16200000,25,4.9,89,586,1789,Điện Thoại - Máy Tính Bảng,Realme,1,Tiki Trading,True,True,True,available,2024-01-07 00:00:00
101051,TIKI-915-001051,Quần dài Kaki dáng Slimfit co giãn tôn dáng Canifa,336000,480000,30,4.9,125,777,915,Thời Trang Nam,Canifa,1,Tiki Trading,True,False,True,available,2024-08-19 00:00:00
101052,TIKI-8322-001052,Sách - Thiết Kế Cuộc Đời Đáng Sống - Designing Your Life (NXB Phụ Nữ),275500,290000,5,4.7,478,2816,8322,Nhà Sách Tiki,NXB Phụ Nữ,210,Mỹ Phẩm Xách Tay Authentic,False,False,True,available,2024-07-16 00:00:00
101053,TIKI-1789-001053,Máy tính bảng Xiaomi Tab Wifi + Cellular 256GB,25610000,39400000,35,4.8,80,294,1789,Điện Thoại - Máy Tính Bảng,Xiaomi,210,Mỹ Phẩm Xách Tay Authentic,False,True,True,available,2024-09-08 00:00:00
101054,TIKI-1520-001054,Nước tẩy trang dịu nhẹ cho da nhạy cảm The Ordinary Micellar Water 400ml,464000,580000,20,4.7,7,32,1520,Làm Đẹp - Sức Khỏe,The Ordinary,201,Điện Máy Gia Dụng Xanh,False,True,True,available,2024-05-31 00:00:00
101055,TIKI-8322-001055,Sách - Thiết Kế Cuộc Đời Đáng Sống - Designing Your Life (Alpha Books),97500,130000,25,4.7,95,501,8322,Nhà Sách Tiki,Alpha Books,1,Tiki Trading,True,True,True,available,2024-03-31 00:00:00
101056,TIKI-1815-001056,Cáp sạc đa năng Baseus bọc dù siêu bền truyền dữ liệu tốc độ cao,2850000,3800000,25,3.8,145,666,1815,Thiết Bị Số - Phụ Kiện Số,Baseus,201,Điện Máy Gia Dụng Xanh,False,False,True,available,2024-09-26 00:00:00
101057,TIKI-1789-001057,Máy tính bảng Xiaomi Tab Wifi + Cellular 128GB,37145000,39100000,5,4.8,476,1834,1789,Điện Thoại - Máy Tính Bảng,Xiaomi,105,Samsung Official Store,True,False,True,available,2024-11-23 00:00:00
101058,TIKI-8322-001058,Sách - Nhà Giả Kim - Paulo Coelho (NXB Trẻ),77000,110000,30,3.8,194,1177,8322,Nhà Sách Tiki,NXB Trẻ,112,Nhà Sách FAHASA Official,True,False,True,available,2024-06-05 00:00:00
101059,TIKI-1883-001059,Bộ hộp cơm thủy tinh chịu nhiệt Inochi Có túi giữ nhiệt cao cấp,595000,700000,15,4.7,73,500,1883,Nhà Cửa - Đời Sống,Inochi,220,Thời Trang Bụi Phố,False,True,True,available,2024-04-06 00:00:00
101060,TIKI-1789-001060,Điện thoại gập Vivo Flip thế hệ mới,21900000,21900000,0,4.8,7,37,1789,Điện Thoại - Máy Tính Bảng,Vivo,112,Nhà Sách FAHASA Official,True,True,True,available,2024-03-08 00:00:00
101061,TIKI-1520-001061,Nước tẩy trang dịu nhẹ cho da nhạy cảm Cocoon Micellar Water 400ml,430000,430000,0,4.7,34,212,1520,Làm Đẹp - Sức Khỏe,Cocoon,108,Anker Official Mall,True,False,True,available,2024-12-31 00:00:00
101062,TIKI-1520-001062,Kem dưỡng ẩm tái tạo phục hồi màng bảo vệ da Vichy 50ml,416000,640000,35,4.2,6,30,1520,Làm Đẹp - Sức Khỏe,Vichy,210,Mỹ Phẩm Xách Tay Authentic,False,True,True,available,2024-06-27 00:00:00
101063,TIKI-1883-001063,Bộ lau nhà tự vắt thông minh xoay 360 độ Điện Quang,217000,310000,30,4.9,8,58,1883,Nhà Cửa - Đời Sống,Điện Quang,210,Mỹ Phẩm Xách Tay Authentic,False,False,True,available,2024-02-11 00:00:00
101064,TIKI-1882-001064,Robot hút bụi lau nhà thông minh Lock&Lock Laser LiDAR Tự động đổ rác,8320000,10400000,20,4.9,50,326,1882,Điện Gia Dụng,Lock&Lock,210,Mỹ Phẩm Xách Tay Authentic,False,True,True,available,2024-01-17 00:00:00
101065,TIKI-1815-001065,Loa Bluetooth di động Marshall Âm bass mạnh mẽ chống nước IPX7,400000,500000,20,4.8,85,387,1815,Thiết Bị Số - Phụ Kiện Số,Marshall,201,Điện Máy Gia Dụng Xanh,False,True,True,available,2024-10-03 00:00:00
101066,TIKI-1883-001066,Bộ hộp cơm thủy tinh chịu nhiệt Duy Tân Có túi giữ nhiệt cao cấp,351500,370000,5,4.8,28,118,1883,Nhà Cửa - Đời Sống,Duy Tân,108,Anker Official Mall,True,False,True,available,2024-07-25 00:00:00
101067,TIKI-1883-001067,Bộ lau nhà tự vắt thông minh xoay 360 độ Inochi,375000,500000,25,4.7,135,889,1883,Nhà Cửa - Đời Sống,Inochi,112,Nhà Sách FAHASA Official,True,False,True,available,2024-11-21 00:00:00
101068,TIKI-1520-001068,Sữa rửa mặt tạo bọt sạch sâu se khít lỗ chân lông Laneige,507000,780000,35,4.9,315,1325,1520,Làm Đẹp - Sức Khỏe,Laneige,201,Điện Máy Gia Dụng Xanh,False,True,True,available,2024-04-01 00:00:00
101069,TIKI-1520-001069,Nước tẩy trang dịu nhẹ cho da nhạy cảm Cocoon Micellar Water 400ml,882000,980000,10,4.7,17,103,1520,Làm Đẹp - Sức Khỏe,Cocoon,204,Phụ Kiện Công Nghệ Số 1,False,True,True,available,2024-08-03 00:00:00
101070,TIKI-915-001070,Quần lót nam Boxer sợi Modal kháng khuẩn công nghệ may Seamless Coolmate,703000,740000,5,4.8,163,1264,915,Thời Trang Nam,Coolmate,220,Thời Trang Bụi Phố,False,False,True,available,2024-06-16 00:00:00
101071,TIKI-1520-001071,Sữa rửa mặt tạo bọt sạch sâu se khít lỗ chân lông The Ordinary,620000,620000,0,4.7,262,1688,1520,Làm Đẹp - Sức Khỏe,The Ordinary,102,Apple Flagship Store,True,False,True,low_stock,2024-10-10 00:00:00
101072,TIKI-1883-001072,Bộ lau nhà tự vắt thông minh xoay 360 độ Inochi,208000,320000,35,4.2,310,1535,1883,Nhà Cửa - Đời Sống,Inochi,108,Anker Official Mall,True,True,True,low_stock,2024-05-31 00:00:00
101073,TIKI-1815-001073,Bàn phím cơ không dây UGREEN RGB Hot-swap,5015000,5900000,15,4.7,437,2513,1815,Thiết Bị Số - Phụ Kiện Số,UGREEN,220,Thời Trang Bụi Phố,False,False,True,available,2024-02-27 00:00:00
101074,TIKI-1883-001074,Bình giữ nhiệt Inox 316 cao cấp Inochi Giữ nhiệt 24 giờ 800ml,100000,100000,0,4.7,67,391,1883,Nhà Cửa - Đời Sống,Inochi,102,Apple Flagship Store,True,True,True,available,2024-08-29 00:00:00
101075,TIKI-8322-001075,Sách - Kỹ Năng Quản Lý Thời Gian Cho Người Bận Rộn (Alpha Books),400000,400000,0,4.8,216,814,8322,Nhà Sách Tiki,Alpha Books,102,Apple Flagship Store,True,False,True,available,2024-07-23 00:00:00
101076,TIKI-1882-001076,Máy xay sinh tố cầm tay đa năng Sharp Lưỡi dao inox 304,11305000,11900000,5,4.9,230,1589,1882,Điện Gia Dụng,Sharp,204,Phụ Kiện Công Nghệ Số 1,False,True,True,available,2024-10-24 00:00:00
101077,TIKI-1882-001077,Máy lọc không khí Sharp Màng lọc HEPA diệt khuẩn khử mùi,11305000,13300000,15,4.9,53,350,1882,Điện Gia Dụng,Sharp,108,Anker Official Mall,True,False,True,available,2024-08-23 00:00:00
101078,TIKI-1815-001078,Chuột không dây công thái học JBL Silent Click,2925000,4500000,35,4.7,105,648,1815,Thiết Bị Số - Phụ Kiện Số,JBL,204,Phụ Kiện Công Nghệ Số 1,False,True,True,available,2024-03-13 00:00:00
101079,TIKI-1789-001079,Máy tính bảng Samsung Tab Wifi + Cellular Pro,35600000,44500000,20,4.8,155,938,1789,Điện Thoại - Máy Tính Bảng,Samsung,115,Coolmate Flagship Store,True,True,True,available,2024-06-06 00:00:00
101080,TIKI-915-001080,Quần lót nam Boxer sợi Modal kháng khuẩn công nghệ may Seamless Routine,140000,280000,50,4.9,63,401,915,Thời Trang Nam,Routine,105,Samsung Official Store,True,True,True,available,2024-01-16 00:00:00
101081,TIKI-1815-001081,Chuột không dây công thái học Sony Silent Click,4830000,6900000,30,4.8,281,2213,1815,Thiết Bị Số - Phụ Kiện Số,Sony,210,Mỹ Phẩm Xách Tay Authentic,False,True,True,available,2024-11-26 00:00:00
101082,TIKI-1520-001082,Kem dưỡng ẩm tái tạo phục hồi màng bảo vệ da Innisfree 50ml,693000,770000,10,4.5,83,471,1520,Làm Đẹp - Sức Khỏe,Innisfree,201,Điện Máy Gia Dụng Xanh,False,True,True,available,2024-07-14 00:00:00
101083,TIKI-1789-001083,Điện thoại thông minh Xiaomi Ultra 5G 512GB,17460000,19400000,10,4.9,185,1304,1789,Điện Thoại - Máy Tính Bảng,Xiaomi,108,Anker Official Mall,True,True,True,available,2024-11-29 00:00:00
101084,TIKI-8322-001084,Sách - Kỹ Năng Quản Lý Thời Gian Cho Người Bận Rộn (First News),170000,200000,15,4.8,9,56,8322,Nhà Sách Tiki,First News,210,Mỹ Phẩm Xách Tay Authentic,False,False,True,available,2024-06-18 00:00:00
101085,TIKI-1520-001085,Kem dưỡng ẩm tái tạo phục hồi màng bảo vệ da Laneige 50ml,1170000,1170000,0,4.8,93,427,1520,Làm Đẹp - Sức Khỏe,Laneige,102,Apple Flagship Store,True,False,True,low_stock,2024-04-04 00:00:00
101086,TIKI-1883-001086,Bình giữ nhiệt Inox 316 cao cấp Inochi Giữ nhiệt 24 giờ 800ml,320000,320000,0,3.8,42,199,1883,Nhà Cửa - Đời Sống,Inochi,204,Phụ Kiện Công Nghệ Số 1,False,False,True,available,2024-04-08 00:00:00
101087,TIKI-1789-001087,Máy tính bảng Samsung Tab Wifi + Cellular 128GB,16660000,19600000,15,4.8,109,609,1789,Điện Thoại - Máy Tính Bảng,Samsung,108,Anker Official Mall,True,True,True,available,2024-10-02 00:00:00
101088,TIKI-915-001088,Quần lót nam Boxer sợi Modal kháng khuẩn công nghệ may Seamless Coolmate,627000,660000,5,4.8,17,104,915,Thời Trang Nam,Coolmate,102,Apple Flagship Store,True,True,True,available,2024-11-03 00:00:00
101089,TIKI-1789-001089,Điện thoại gập Vivo Flip thế hệ mới,29120000,44800000,35,4.7,30,213,1789,Điện Thoại - Máy Tính Bảng,Vivo,102,Apple Flagship Store,True,True,True,out_of_stock,2024-11-11 00:00:00
101090,TIKI-1882-001090,Máy xay sinh tố cầm tay đa năng Sharp Lưỡi dao inox 304,4125000,5500000,25,4.8,91,708,1882,Điện Gia Dụng,Sharp,204,Phụ Kiện Công Nghệ Số 1,False,True,True,low_stock,2024-06-03 00:00:00
101091,TIKI-1815-001091,Chuột không dây công thái học Marshall Silent Click,5360000,6700000,20,4.7,19,131,1815,Thiết Bị Số - Phụ Kiện Số,Marshall,210,Mỹ Phẩm Xách Tay Authentic,False,True,True,available,2024-04-04 00:00:00
101092,TIKI-1520-001092,Sữa rửa mặt tạo bọt sạch sâu se khít lỗ chân lông Vichy,161000,230000,30,4.7,16,118,1520,Làm Đẹp - Sức Khỏe,Vichy,105,Samsung Official Store,True,False,True,available,2024-06-25 00:00:00
101093,TIKI-1883-001093,Bình giữ nhiệt Inox 316 cao cấp Inochi Giữ nhiệt 24 giờ 800ml,331500,390000,15,4.8,48,333,1883,Nhà Cửa - Đời Sống,Inochi,102,Apple Flagship Store,True,True,True,available,2024-08-30 00:00:00
101094,TIKI-1520-001094,Kem dưỡng ẩm tái tạo phục hồi màng bảo vệ da L'Oreal Paris 50ml,504000,560000,10,4.9,65,277,1520,Làm Đẹp - Sức Khỏe,L'Oreal Paris,105,Samsung Official Store,True,False,True,available,2024-03-22 00:00:00
101095,TIKI-1882-001095,Máy xay sinh tố cầm tay đa năng Cosori Lưỡi dao inox 304,6630000,7800000,15,4.2,81,595,1882,Điện Gia Dụng,Cosori,201,Điện Máy Gia Dụng Xanh,False,True,True,available,2024-06-05 00:00:00
101096,TIKI-1882-001096,Máy lọc không khí Kangaroo Màng lọc HEPA diệt khuẩn khử mùi,5900000,11800000,50,4.8,69,478,1882,Điện Gia Dụng,Kangaroo,112,Nhà Sách FAHASA Official,True,True,True,low_stock,2024-07-26 00:00:00
101097,TIKI-1882-001097,Nồi cơm điện cao tần Tefal Lòng nồi chống dính cao cấp,1190000,1400000,15,4.9,156,752,1882,Điện Gia Dụng,Tefal,112,Nhà Sách FAHASA Official,True,True,True,available,2024-07-11 00:00:00
101098,TIKI-1883-001098,Kệ để đồ đa năng thông minh tiết kiệm diện tích Tupperware,297500,350000,15,4.7,74,350,1883,Nhà Cửa - Đời Sống,Tupperware,210,Mỹ Phẩm Xách Tay Authentic,False,True,True,available,2024-02-09 00:00:00
101099,TIKI-915-001099,Quần dài Kaki dáng Slimfit co giãn tôn dáng Canifa,612000,720000,15,4.9,116,601,915,Thời Trang Nam,Canifa,201,Điện Máy Gia Dụng Xanh,False,True,True,available,2024-02-22 00:00:00
101100,TIKI-1882-001100,Nồi cơm điện cao tần Kangaroo Lòng nồi chống dính cao cấp,11700000,13000000,10,4.5,14,110,1882,Điện Gia Dụng,Kangaroo,102,Apple Flagship Store,True,True,True,low_stock,2024-07-31 00:00:00
101101,TIKI-1520-001101,Kem dưỡng ẩm tái tạo phục hồi màng bảo vệ da Innisfree 50ml,169000,260000,35,4.9,107,741,1520,Làm Đẹp - Sức Khỏe,Innisfree,210,Mỹ Phẩm Xách Tay Authentic,False,False,True,available,2024-05-14 00:00:00
101102,TIKI-1882-001102,Robot hút bụi lau nhà thông minh Philips Laser LiDAR Tự động đổ rác,6750000,9000000,25,4.2,75,561,1882,Điện Gia Dụng,Philips,102,Apple Flagship Store,True,True,True,available,2024-04-05 00:00:00
101103,TIKI-8322-001103,Sách - Thiết Kế Cuộc Đời Đáng Sống - Designing Your Life (Alpha Books),110000,220000,50,4.7,7,28,8322,Nhà Sách Tiki,Alpha Books,112,Nhà Sách FAHASA Official,True,True,True,available,2024-07-30 00:00:00
101104,TIKI-8322-001104,Sách - Nguyên Lý Big Data & Học Máy Ứng Dụng (NXB Trẻ),285000,380000,25,4.9,73,266,8322,Nhà Sách Tiki,NXB Trẻ,1,Tiki Trading,True,True,True,available,2024-09-16 00:00:00
101105,TIKI-8322-001105,Sách - Đắc Nhân Tâm - Khổ Lớn Đặc Biệt (Alpha Books),50000,100000,50,4.9,103,412,8322,Nhà Sách Tiki,Alpha Books,102,Apple Flagship Store,True,False,True,available,2024-03-23 00:00:00
101106,TIKI-1789-001106,Điện thoại gập Vivo Flip thế hệ mới,8190000,11700000,30,4.5,80,600,1789,Điện Thoại - Máy Tính Bảng,Vivo,108,Anker Official Mall,True,False,True,available,2024-03-19 00:00:00
101107,TIKI-1815-001107,Bàn phím cơ không dây Marshall RGB Hot-swap,350000,500000,30,4.8,5,36,1815,Thiết Bị Số - Phụ Kiện Số,Marshall,201,Điện Máy Gia Dụng Xanh,False,True,True,available,2024-01-11 00:00:00
101108,TIKI-8322-001108,Sách - Thiết Kế Cuộc Đời Đáng Sống - Designing Your Life (NXB Kim Đồng),156000,260000,40,4.8,136,947,8322,Nhà Sách Tiki,NXB Kim Đồng,108,Anker Official Mall,True,True,True,low_stock,2024-10-22 00:00:00
101109,TIKI-915-001109,Quần lót nam Boxer sợi Modal kháng khuẩn công nghệ may Seamless Aristino,288000,360000,20,4.9,8,49,915,Thời Trang Nam,Aristino,105,Samsung Official Store,True,True,True,available,2024-01-22 00:00:00
101110,TIKI-1789-001110,Máy tính bảng Xiaomi Tab Wifi + Cellular 256GB,14640000,18300000,20,4.9,570,2592,1789,Điện Thoại - Máy Tính Bảng,Xiaomi,108,Anker Official Mall,True,True,True,available,2024-04-22 00:00:00
101111,TIKI-8322-001111,Sách - Nguyên Lý Big Data & Học Máy Ứng Dụng (NXB Trẻ),289000,340000,15,4.8,76,402,8322,Nhà Sách Tiki,NXB Trẻ,1,Tiki Trading,True,True,True,available,2024-04-16 00:00:00
101112,TIKI-1789-001112,Điện thoại thông minh Apple Ultra 5G Pro,27000000,45000000,40,4.9,174,703,1789,Điện Thoại - Máy Tính Bảng,Apple,220,Thời Trang Bụi Phố,False,False,True,available,2024-09-08 00:00:00
101113,TIKI-915-001113,Quần dài Kaki dáng Slimfit co giãn tôn dáng Routine,126000,210000,40,4.8,40,160,915,Thời Trang Nam,Routine,108,Anker Official Mall,True,True,True,available,2024-08-22 00:00:00
101114,TIKI-1883-001114,Bộ lau nhà tự vắt thông minh xoay 360 độ Tupperware,412500,550000,25,4.2,222,1210,1883,Nhà Cửa - Đời Sống,Tupperware,102,Apple Flagship Store,True,True,True,available,2024-11-30 00:00:00
101115,TIKI-915-001115,Quần dài Kaki dáng Slimfit co giãn tôn dáng Coolmate,337500,450000,25,4.9,230,988,915,Thời Trang Nam,Coolmate,1,Tiki Trading,True,True,True,available,2024-01-06 00:00:00
101116,TIKI-1815-001116,Tai nghe không dây Bluetooth UGREEN Chống ồn chủ động ANC,2320000,2900000,20,4.8,69,290,1815,Thiết Bị Số - Phụ Kiện Số,UGREEN,220,Thời Trang Bụi Phố,False,True,True,low_stock,2024-03-30 00:00:00
101117,TIKI-1815-001117,Chuột không dây công thái học Baseus Silent Click,390000,600000,35,4.9,67,347,1815,Thiết Bị Số - Phụ Kiện Số,Baseus,105,Samsung Official Store,True,False,True,available,2024-05-16 00:00:00
101118,TIKI-1883-001118,Kệ để đồ đa năng thông minh tiết kiệm diện tích Duy Tân,126000,140000,10,4.2,10,51,1883,Nhà Cửa - Đời Sống,Duy Tân,204,Phụ Kiện Công Nghệ Số 1,False,False,True,available,2024-11-03 00:00:00
101119,TIKI-1815-001119,Tai nghe không dây Bluetooth Anker Chống ồn chủ động ANC,980000,1400000,30,3.2,19,107,1815,Thiết Bị Số - Phụ Kiện Số,Anker,108,Anker Official Mall,True,False,True,available,2024-08-01 00:00:00
101120,TIKI-1883-001120,Bộ hộp cơm thủy tinh chịu nhiệt Rạng Đông Có túi giữ nhiệt cao cấp,560000,700000,20,4.9,133,684,1883,Nhà Cửa - Đời Sống,Rạng Đông,204,Phụ Kiện Công Nghệ Số 1,False,False,True,available,2024-11-11 00:00:00
101121,TIKI-8322-001121,Sách - Kỹ Năng Quản Lý Thời Gian Cho Người Bận Rộn (Nhã Nam),162000,180000,10,4.9,21,162,8322,Nhà Sách Tiki,Nhã Nam,220,Thời Trang Bụi Phố,False,False,True,available,2024-04-26 00:00:00
101122,TIKI-1789-001122,Điện thoại gập Realme Flip thế hệ mới,11305000,13300000,15,4.9,29,187,1789,Điện Thoại - Máy Tính Bảng,Realme,220,Thời Trang Bụi Phố,False,False,True,out_of_stock,2024-06-18 00:00:00
101123,TIKI-915-001123,Áo sơ mi nam công sở dài tay cao cấp Owen,357000,510000,30,4.8,23,156,915,Thời Trang Nam,Owen,105,Samsung Official Store,True,False,True,low_stock,2024-01-19 00:00:00
101124,TIKI-8322-001124,Sách - Tâm Lý Học Về Tiền - Morgan Housel (NXB Phụ Nữ),170000,170000,0,4.9,9,63,8322,Nhà Sách Tiki,NXB Phụ Nữ,108,Anker Official Mall,True,True,True,available,2024-03-24 00:00:00
101125,TIKI-1520-001125,Sữa rửa mặt tạo bọt sạch sâu se khít lỗ chân lông Vichy,195000,390000,50,4.8,595,3295,1520,Làm Đẹp - Sức Khỏe,Vichy,115,Coolmate Flagship Store,True,False,True,available,2024-05-15 00:00:00
101126,TIKI-915-001126,Áo sơ mi nam công sở dài tay cao cấp Routine,315000,420000,25,4.5,85,507,915,Thời Trang Nam,Routine,105,Samsung Official Store,True,True,True,available,2024-12-06 00:00:00
101127,TIKI-1882-001127,Nồi chiên không dầu điện tử Panasonic Dung tích 6.5L Giảm 85% dầu mỡ,11900000,11900000,0,3.8,21,94,1882,Điện Gia Dụng,Panasonic,115,Coolmate Flagship Store,True,True,True,available,2024-08-23 00:00:00
101128,TIKI-915-001128,Quần lót nam Boxer sợi Modal kháng khuẩn công nghệ may Seamless Routine,318500,490000,35,4.8,503,1948,915,Thời Trang Nam,Routine,115,Coolmate Flagship Store,True,True,True,available,2024-09-16 00:00:00
101129,TIKI-1520-001129,Serum phục hồi làm dịu da cấp ẩm L'Oreal Paris Niacinamide 10%,1140000,1140000,0,4.9,168,985,1520,Làm Đẹp - Sức Khỏe,L'Oreal Paris,108,Anker Official Mall,True,False,True,low_stock,2024-03-19 00:00:00
101130,TIKI-1520-001130,Kem dưỡng ẩm tái tạo phục hồi màng bảo vệ da La Roche-Posay 50ml,264000,440000,40,4.9,25,164,1520,Làm Đẹp - Sức Khỏe,La Roche-Posay,210,Mỹ Phẩm Xách Tay Authentic,False,False,True,low_stock,2024-11-22 00:00:00
101131,TIKI-1815-001131,Loa Bluetooth di động Baseus Âm bass mạnh mẽ chống nước IPX7,2240000,2800000,20,4.9,422,2238,1815,Thiết Bị Số - Phụ Kiện Số,Baseus,201,Điện Máy Gia Dụng Xanh,False,False,True,out_of_stock,2024-07-19 00:00:00
101132,TIKI-8322-001132,Sách - Thiết Kế Cuộc Đời Đáng Sống - Designing Your Life (Nhã Nam),57000,60000,5,4.9,102,500,8322,Nhà Sách Tiki,Nhã Nam,112,Nhà Sách FAHASA Official,True,False,True,low_stock,2024-11-10 00:00:00
101133,TIKI-1789-001133,Điện thoại gập ASUS Flip thế hệ mới,29340000,32600000,10,4.7,202,1571,1789,Điện Thoại - Máy Tính Bảng,ASUS,105,Samsung Official Store,True,True,True,available,2024-05-05 00:00:00
101134,TIKI-915-001134,Quần dài Kaki dáng Slimfit co giãn tôn dáng Canifa,307500,410000,25,4.9,401,1901,915,Thời Trang Nam,Canifa,108,Anker Official Mall,True,True,True,available,2024-07-25 00:00:00
101135,TIKI-1520-001135,Serum phục hồi làm dịu da cấp ẩm The Ordinary Niacinamide 10%,264000,330000,20,4.7,6,24,1520,Làm Đẹp - Sức Khỏe,The Ordinary,204,Phụ Kiện Công Nghệ Số 1,False,False,True,available,2024-06-09 00:00:00
101136,TIKI-915-001136,Quần dài Kaki dáng Slimfit co giãn tôn dáng Owen,456000,480000,5,4.8,118,494,915,Thời Trang Nam,Owen,204,Phụ Kiện Công Nghệ Số 1,False,True,True,low_stock,2024-06-24 00:00:00
101137,TIKI-1789-001137,Máy tính bảng OPPO Tab Wifi + Cellular 128GB,14900000,29800000,50,4.9,153,1131,1789,Điện Thoại - Máy Tính Bảng,OPPO,204,Phụ Kiện Công Nghệ Số 1,False,True,True,available,2024-09-07 00:00:00
101138,TIKI-1789-001138,Máy tính bảng Apple Tab Wifi + Cellular 256GB,30730000,43900000,30,4.8,126,931,1789,Điện Thoại - Máy Tính Bảng,Apple,204,Phụ Kiện Công Nghệ Số 1,False,False,True,available,2024-05-24 00:00:00
101139,TIKI-1882-001139,Nồi cơm điện cao tần Kangaroo Lòng nồi chống dính cao cấp,9595000,10100000,5,4.9,154,875,1882,Điện Gia Dụng,Kangaroo,112,Nhà Sách FAHASA Official,True,True,True,available,2024-10-27 00:00:00
101140,TIKI-8322-001140,Sách - Thiết Kế Cuộc Đời Đáng Sống - Designing Your Life (NXB Phụ Nữ),150000,300000,50,4.8,316,1650,8322,Nhà Sách Tiki,NXB Phụ Nữ,204,Phụ Kiện Công Nghệ Số 1,False,True,True,available,2024-11-05 00:00:00
101141,TIKI-1883-001141,Bộ hộp cơm thủy tinh chịu nhiệt Điện Quang Có túi giữ nhiệt cao cấp,212500,250000,15,4.8,138,1044,1883,Nhà Cửa - Đời Sống,Điện Quang,102,Apple Flagship Store,True,True,True,available,2024-08-04 00:00:00
101142,TIKI-1789-001142,Điện thoại gập Xiaomi Flip thế hệ mới,22380000,37300000,40,4.9,66,470,1789,Điện Thoại - Máy Tính Bảng,Xiaomi,204,Phụ Kiện Công Nghệ Số 1,False,False,True,low_stock,2024-08-10 00:00:00
101143,TIKI-1815-001143,Tai nghe không dây Bluetooth Baseus Chống ồn chủ động ANC,1200000,1500000,20,4.2,199,1349,1815,Thiết Bị Số - Phụ Kiện Số,Baseus,115,Coolmate Flagship Store,True,True,True,available,2024-05-10 00:00:00
101144,TIKI-1882-001144,Robot hút bụi lau nhà thông minh Kangaroo Laser LiDAR Tự động đổ rác,1650000,2200000,25,4.8,569,2665,1882,Điện Gia Dụng,Kangaroo,204,Phụ Kiện Công Nghệ Số 1,False,True,True,available,2024-03-24 00:00:00
101145,TIKI-1883-001145,Kệ để đồ đa năng thông minh tiết kiệm diện tích Rạng Đông,486000,540000,10,4.5,238,1190,1883,Nhà Cửa - Đời Sống,Rạng Đông,201,Điện Máy Gia Dụng Xanh,False,False,True,available,2024-11-12 00:00:00
101146,TIKI-1883-001146,Kệ để đồ đa năng thông minh tiết kiệm diện tích Inochi,209000,220000,5,4.7,50,286,1883,Nhà Cửa - Đời Sống,Inochi,112,Nhà Sách FAHASA Official,True,True,True,available,2024-04-06 00:00:00
101147,TIKI-1883-001147,Bộ lau nhà tự vắt thông minh xoay 360 độ Điện Quang,495000,660000,25,4.7,389,1926,1883,Nhà Cửa - Đời Sống,Điện Quang,115,Coolmate Flagship Store,True,True,True,available,2024-02-28 00:00:00
101148,TIKI-1520-001148,Kem dưỡng ẩm tái tạo phục hồi màng bảo vệ da The Ordinary 50ml,747000,830000,10,4.8,147,645,1520,Làm Đẹp - Sức Khỏe,The Ordinary,210,Mỹ Phẩm Xách Tay Authentic,False,False,True,available,2024-02-17 00:00:00
101149,TIKI-915-001149,Áo sơ mi nam công sở dài tay cao cấp Canifa,585000,780000,25,4.8,309,1225,915,Thời Trang Nam,Canifa,115,Coolmate Flagship Store,True,False,True,available,2024-05-31 00:00:00
101150,TIKI-1789-001150,Điện thoại thông minh Xiaomi Ultra 5G V2,12300000,20500000,40,4.9,595,2153,1789,Điện Thoại - Máy Tính Bảng,Xiaomi,1,Tiki Trading,True,False,True,out_of_stock,2024-04-25 00:00:00
101151,TIKI-1815-001151,Bàn phím cơ không dây Logitech RGB Hot-swap,2100000,2100000,0,4.9,405,2980,1815,Thiết Bị Số - Phụ Kiện Số,Logitech,108,Anker Official Mall,True,True,True,available,2024-09-05 00:00:00
101152,TIKI-1520-001152,Serum phục hồi làm dịu da cấp ẩm Laneige Niacinamide 10%,405000,810000,50,4.8,107,808,1520,Làm Đẹp - Sức Khỏe,Laneige,105,Samsung Official Store,True,False,True,available,2024-07-18 00:00:00
101153,TIKI-1883-001153,Kệ để đồ đa năng thông minh tiết kiệm diện tích Lock&Lock,476000,560000,15,4.8,58,453,1883,Nhà Cửa - Đời Sống,Lock&Lock,115,Coolmate Flagship Store,True,True,True,low_stock,2024-03-10 00:00:00
101154,TIKI-915-001154,Quần lót nam Boxer sợi Modal kháng khuẩn công nghệ may Seamless An Phước,420000,700000,40,4.8,202,1256,915,Thời Trang Nam,An Phước,210,Mỹ Phẩm Xách Tay Authentic,False,False,True,available,2024-06-28 00:00:00
101155,TIKI-1520-001155,Serum phục hồi làm dịu da cấp ẩm Cocoon Niacinamide 10%,880000,880000,0,4.8,74,455,1520,Làm Đẹp - Sức Khỏe,Cocoon,112,Nhà Sách FAHASA Official,True,True,True,available,2024-02-04 00:00:00
101156,TIKI-8322-001156,Sách - Kỹ Năng Quản Lý Thời Gian Cho Người Bận Rộn (First News),324000,360000,10,4.9,57,444,8322,Nhà Sách Tiki,First News,115,Coolmate Flagship Store,True,False,True,available,2024-05-22 00:00:00
101157,TIKI-915-001157,Quần dài Kaki dáng Slimfit co giãn tôn dáng Coolmate,510000,600000,15,4.7,49,325,915,Thời Trang Nam,Coolmate,105,Samsung Official Store,True,True,True,available,2024-06-05 00:00:00
101158,TIKI-1883-001158,Bộ lau nhà tự vắt thông minh xoay 360 độ Rạng Đông,500000,500000,0,3.8,11,75,1883,Nhà Cửa - Đời Sống,Rạng Đông,210,Mỹ Phẩm Xách Tay Authentic,False,True,True,available,2024-10-28 00:00:00
101159,TIKI-1789-001159,Điện thoại Vivo Pro Max Pro Chính Hãng VN/A,13770000,16200000,15,4.9,115,795,1789,Điện Thoại - Máy Tính Bảng,Vivo,201,Điện Máy Gia Dụng Xanh,False,True,True,available,2024-04-02 00:00:00
101160,TIKI-8322-001160,Sách - Tâm Lý Học Về Tiền - Morgan Housel (NXB Phụ Nữ),84000,120000,30,4.8,362,1898,8322,Nhà Sách Tiki,NXB Phụ Nữ,102,Apple Flagship Store,True,True,True,available,2024-07-28 00:00:00
101161,TIKI-1815-001161,Củ sạc nhanh Marshall GaN 65W Cổng Type-C PD Quick Charge,4320000,4800000,10,4.7,258,1483,1815,Thiết Bị Số - Phụ Kiện Số,Marshall,112,Nhà Sách FAHASA Official,True,True,True,available,2024-04-05 00:00:00
101162,TIKI-1815-001162,Cáp sạc đa năng Marshall bọc dù siêu bền truyền dữ liệu tốc độ cao,2990000,4600000,35,4.7,94,337,1815,Thiết Bị Số - Phụ Kiện Số,Marshall,102,Apple Flagship Store,True,True,True,out_of_stock,2024-11-07 00:00:00
101163,TIKI-1789-001163,Máy tính bảng Realme Tab Wifi + Cellular 128GB,4800000,8000000,40,4.9,52,253,1789,Điện Thoại - Máy Tính Bảng,Realme,105,Samsung Official Store,True,False,True,available,2024-10-18 00:00:00
101164,TIKI-1789-001164,Điện thoại thông minh Samsung Ultra 5G Max,30150000,33500000,10,4.8,451,1775,1789,Điện Thoại - Máy Tính Bảng,Samsung,220,Thời Trang Bụi Phố,False,True,True,available,2024-12-16 00:00:00
101165,TIKI-1520-001165,Sữa rửa mặt tạo bọt sạch sâu se khít lỗ chân lông L'Oreal Paris,711000,790000,10,4.5,75,472,1520,Làm Đẹp - Sức Khỏe,L'Oreal Paris,105,Samsung Official Store,True,True,True,available,2024-10-03 00:00:00
101166,TIKI-1882-001166,Nồi chiên không dầu điện tử Panasonic Dung tích 6.5L Giảm 85% dầu mỡ,12780000,14200000,10,4.2,87,540,1882,Điện Gia Dụng,Panasonic,105,Samsung Official Store,True,True,True,low_stock,2024-11-10 00:00:00
101167,TIKI-915-001167,Quần dài Kaki dáng Slimfit co giãn tôn dáng Owen,144000,240000,40,4.9,38,157,915,Thời Trang Nam,Owen,204,Phụ Kiện Công Nghệ Số 1,False,True,True,available,2024-09-09 00:00:00
101168,TIKI-1789-001168,Điện thoại Xiaomi Pro Max V2 Chính Hãng VN/A,7800000,13000000,40,4.9,132,1003,1789,Điện Thoại - Máy Tính Bảng,Xiaomi,220,Thời Trang Bụi Phố,False,False,True,available,2024-10-16 00:00:00
101169,TIKI-1520-001169,Kem dưỡng ẩm tái tạo phục hồi màng bảo vệ da Vichy 50ml,382500,510000,25,4.9,178,857,1520,Làm Đẹp - Sức Khỏe,Vichy,108,Anker Official Mall,True,True,True,available,2024-11-17 00:00:00
101170,TIKI-8322-001170,Sách - Tư Duy Nhanh Và Chậm - Daniel Kahneman (NXB Trẻ),90000,120000,25,4.8,117,570,8322,Nhà Sách Tiki,NXB Trẻ,204,Phụ Kiện Công Nghệ Số 1,False,False,True,available,2024-05-28 00:00:00
101171,TIKI-1520-001171,Kem chống nắng kiểm soát dầu Cocoon SPF 50+ PA++++ 50ml,270000,540000,50,4.7,106,453,1520,Làm Đẹp - Sức Khỏe,Cocoon,102,Apple Flagship Store,True,False,True,available,2024-06-10 00:00:00
101172,TIKI-1789-001172,Máy tính bảng Apple Tab Wifi + Cellular V2,15600000,26000000,40,4.9,214,1590,1789,Điện Thoại - Máy Tính Bảng,Apple,108,Anker Official Mall,True,False,True,available,2024-09-18 00:00:00
101173,TIKI-1520-001173,Kem chống nắng kiểm soát dầu Innisfree SPF 50+ PA++++ 50ml,657000,730000,10,4.5,154,589,1520,Làm Đẹp - Sức Khỏe,Innisfree,102,Apple Flagship Store,True,True,True,available,2024-04-15 00:00:00
101174,TIKI-915-001174,Áo thun nam Cotton Compact chống nhăn co giãn Owen,342000,360000,5,4.2,5,22,915,Thời Trang Nam,Owen,201,Điện Máy Gia Dụng Xanh,False,True,True,out_of_stock,2024-06-19 00:00:00
101175,TIKI-1883-001175,Kệ để đồ đa năng thông minh tiết kiệm diện tích Inochi,135000,150000,10,4.9,38,247,1883,Nhà Cửa - Đời Sống,Inochi,201,Điện Máy Gia Dụng Xanh,False,False,True,available,2024-08-05 00:00:00
101176,TIKI-1883-001176,Kệ để đồ đa năng thông minh tiết kiệm diện tích Điện Quang,620000,620000,0,4.8,69,327,1883,Nhà Cửa - Đời Sống,Điện Quang,112,Nhà Sách FAHASA Official,True,True,True,available,2024-04-08 00:00:00
101177,TIKI-1789-001177,Điện thoại gập Realme Flip thế hệ mới,12325000,14500000,15,4.9,19,80,1789,Điện Thoại - Máy Tính Bảng,Realme,204,Phụ Kiện Công Nghệ Số 1,False,True,True,available,2024-09-08 00:00:00
101178,TIKI-1882-001178,Máy lọc không khí Tefal Màng lọc HEPA diệt khuẩn khử mùi,4920000,8200000,40,4.9,237,1108,1882,Điện Gia Dụng,Tefal,201,Điện Máy Gia Dụng Xanh,False,True,True,available,2024-03-03 00:00:00
101179,TIKI-1815-001179,Loa Bluetooth di động Anker Âm bass mạnh mẽ chống nước IPX7,2520000,2800000,10,4.8,9,50,1815,Thiết Bị Số - Phụ Kiện Số,Anker,204,Phụ Kiện Công Nghệ Số 1,False,True,True,available,2024-02-28 00:00:00
101180,TIKI-8322-001180,Sách - Tâm Lý Học Về Tiền - Morgan Housel (NXB Kim Đồng),147000,210000,30,4.7,74,306,8322,Nhà Sách Tiki,NXB Kim Đồng,102,Apple Flagship Store,True,True,True,available,2024-11-02 00:00:00
101181,TIKI-1520-001181,Serum phục hồi làm dịu da cấp ẩm Cocoon Niacinamide 10%,802500,1070000,25,4.9,6,25,1520,Làm Đẹp - Sức Khỏe,Cocoon,108,Anker Official Mall,True,True,True,available,2024-05-09 00:00:00
101182,TIKI-1815-001182,Bàn phím cơ không dây Sony RGB Hot-swap,2400000,4000000,40,4.9,29,126,1815,Thiết Bị Số - Phụ Kiện Số,Sony,105,Samsung Official Store,True,False,True,available,2024-12-03 00:00:00
101183,TIKI-1883-001183,Bộ hộp cơm thủy tinh chịu nhiệt Tupperware Có túi giữ nhiệt cao cấp,616000,770000,20,4.8,23,180,1883,Nhà Cửa - Đời Sống,Tupperware,108,Anker Official Mall,True,True,True,available,2024-01-31 00:00:00
101184,TIKI-8322-001184,Sách - Đắc Nhân Tâm - Khổ Lớn Đặc Biệt (First News),120000,160000,25,4.8,23,91,8322,Nhà Sách Tiki,First News,220,Thời Trang Bụi Phố,False,True,True,available,2024-04-30 00:00:00
101185,TIKI-1520-001185,Sữa rửa mặt tạo bọt sạch sâu se khít lỗ chân lông La Roche-Posay,255000,300000,15,4.7,9,53,1520,Làm Đẹp - Sức Khỏe,La Roche-Posay,220,Thời Trang Bụi Phố,False,False,True,available,2024-01-12 00:00:00
101186,TIKI-8322-001186,Sách - Kỹ Năng Quản Lý Thời Gian Cho Người Bận Rộn (First News),195000,300000,35,4.2,37,211,8322,Nhà Sách Tiki,First News,112,Nhà Sách FAHASA Official,True,True,True,out_of_stock,2024-05-09 00:00:00
101187,TIKI-915-001187,Quần dài Kaki dáng Slimfit co giãn tôn dáng Canifa,585000,780000,25,4.9,45,305,915,Thời Trang Nam,Canifa,204,Phụ Kiện Công Nghệ Số 1,False,True,True,low_stock,2024-07-18 00:00:00
101188,TIKI-1882-001188,Nồi cơm điện cao tần Philips Lòng nồi chống dính cao cấp,4600000,4600000,0,4.8,153,908,1882,Điện Gia Dụng,Philips,112,Nhà Sách FAHASA Official,True,True,True,available,2024-04-27 00:00:00
101189,TIKI-915-001189,Quần lót nam Boxer sợi Modal kháng khuẩn công nghệ may Seamless Routine,409500,630000,35,4.7,75,393,915,Thời Trang Nam,Routine,201,Điện Máy Gia Dụng Xanh,False,True,True,available,2024-07-06 00:00:00
101190,TIKI-8322-001190,Sách - Kỹ Năng Quản Lý Thời Gian Cho Người Bận Rộn (NXB Kim Đồng),178500,210000,15,4.7,105,815,8322,Nhà Sách Tiki,NXB Kim Đồng,108,Anker Official Mall,True,False,True,available,2024-12-04 00:00:00
101191,TIKI-8322-001191,Sách - Nguyên Lý Big Data & Học Máy Ứng Dụng (First News),232000,290000,20,4.9,23,91,8322,Nhà Sách Tiki,First News,201,Điện Máy Gia Dụng Xanh,False,True,True,available,2024-11-30 00:00:00
101192,TIKI-1883-001192,Bộ lau nhà tự vắt thông minh xoay 360 độ Rạng Đông,277500,370000,25,4.8,25,130,1883,Nhà Cửa - Đời Sống,Rạng Đông,108,Anker Official Mall,True,True,True,available,2024-09-22 00:00:00
101193,TIKI-8322-001193,Sách - Kỹ Năng Quản Lý Thời Gian Cho Người Bận Rộn (NXB Trẻ),136000,170000,20,3.2,141,981,8322,Nhà Sách Tiki,NXB Trẻ,201,Điện Máy Gia Dụng Xanh,False,True,True,available,2024-11-25 00:00:00
101194,TIKI-1883-001194,Bình giữ nhiệt Inox 316 cao cấp Inochi Giữ nhiệt 24 giờ 800ml,586500,690000,15,4.5,21,161,1883,Nhà Cửa - Đời Sống,Inochi,115,Coolmate Flagship Store,True,False,True,low_stock,2024-06-11 00:00:00
101195,TIKI-1520-001195,Kem chống nắng kiểm soát dầu Laneige SPF 50+ PA++++ 50ml,1092500,1150000,5,4.9,6,44,1520,Làm Đẹp - Sức Khỏe,Laneige,102,Apple Flagship Store,True,True,True,low_stock,2024-01-29 00:00:00
101196,TIKI-1882-001196,Robot hút bụi lau nhà thông minh Kangaroo Laser LiDAR Tự động đổ rác,5120000,6400000,20,4.5,59,447,1882,Điện Gia Dụng,Kangaroo,105,Samsung Official Store,True,True,True,available,2024-10-26 00:00:00
101197,TIKI-915-001197,Áo sơ mi nam công sở dài tay cao cấp An Phước,270000,300000,10,4.9,20,151,915,Thời Trang Nam,An Phước,102,Apple Flagship Store,True,True,True,available,2024-07-29 00:00:00
101198,TIKI-915-001198,Áo sơ mi nam công sở dài tay cao cấp Canifa,216000,240000,10,4.2,17,62,915,Thời Trang Nam,Canifa,108,Anker Official Mall,True,True,True,available,2024-07-15 00:00:00
101199,TIKI-1815-001199,Loa Bluetooth di động Sony Âm bass mạnh mẽ chống nước IPX7,2950000,5900000,50,4.8,76,272,1815,Thiết Bị Số - Phụ Kiện Số,Sony,115,Coolmate Flagship Store,True,False,True,available,2024-09-09 00:00:00
101200,TIKI-1882-001200,Máy lọc không khí Lock&Lock Màng lọc HEPA diệt khuẩn khử mùi,2200000,4400000,50,4.8,65,271,1882,Điện Gia Dụng,Lock&Lock,105,Samsung Official Store,True,True,True,low_stock,2024-12-09 00:00:00
101201,TIKI-1882-001201,Nồi chiên không dầu điện tử Panasonic Dung tích 6.5L Giảm 85% dầu mỡ,13600000,13600000,0,4.7,112,891,1882,Điện Gia Dụng,Panasonic,220,Thời Trang Bụi Phố,False,True,True,available,2024-07-06 00:00:00
101202,TIKI-1882-001202,Nồi cơm điện cao tần Philips Lòng nồi chống dính cao cấp,1955000,2300000,15,4.7,41,327,1882,Điện Gia Dụng,Philips,105,Samsung Official Store,True,True,True,available,2024-06-22 00:00:00
101203,TIKI-1883-001203,Bộ lau nhà tự vắt thông minh xoay 360 độ Điện Quang,312000,520000,40,4.9,251,1925,1883,Nhà Cửa - Đời Sống,Điện Quang,102,Apple Flagship Store,True,False,True,available,2024-01-07 00:00:00
101204,TIKI-1882-001204,Robot hút bụi lau nhà thông minh Sharp Laser LiDAR Tự động đổ rác,10900000,10900000,0,4.7,42,217,1882,Điện Gia Dụng,Sharp,201,Điện Máy Gia Dụng Xanh,False,False,True,low_stock,2024-07-07 00:00:00
101205,TIKI-1883-001205,Bộ lau nhà tự vắt thông minh xoay 360 độ Tupperware,195000,260000,25,4.7,101,575,1883,Nhà Cửa - Đời Sống,Tupperware,115,Coolmate Flagship Store,True,True,True,low_stock,2024-05-17 00:00:00
101206,TIKI-915-001206,Áo sơ mi nam công sở dài tay cao cấp Coolmate,240000,240000,0,4.5,201,800,915,Thời Trang Nam,Coolmate,210,Mỹ Phẩm Xách Tay Authentic,False,True,True,available,2024-02-09 00:00:00
101207,TIKI-1815-001207,Tai nghe không dây Bluetooth Logitech Chống ồn chủ động ANC,400000,400000,0,4.7,55,417,1815,Thiết Bị Số - Phụ Kiện Số,Logitech,102,Apple Flagship Store,True,True,True,available,2024-02-07 00:00:00
101208,TIKI-1883-001208,Kệ để đồ đa năng thông minh tiết kiệm diện tích Tupperware,250000,250000,0,4.7,31,212,1883,Nhà Cửa - Đời Sống,Tupperware,102,Apple Flagship Store,True,True,True,available,2024-02-12 00:00:00
101209,TIKI-1789-001209,Điện thoại gập Apple Flip thế hệ mới,18700000,18700000,0,4.7,63,397,1789,Điện Thoại - Máy Tính Bảng,Apple,108,Anker Official Mall,True,True,True,available,2024-04-09 00:00:00
101210,TIKI-915-001210,Quần lót nam Boxer sợi Modal kháng khuẩn công nghệ may Seamless Canifa,110500,170000,35,4.9,5,21,915,Thời Trang Nam,Canifa,112,Nhà Sách FAHASA Official,True,True,True,available,2024-04-12 00:00:00
101211,TIKI-1520-001211,Serum phục hồi làm dịu da cấp ẩm Laneige Niacinamide 10%,988000,1040000,5,4.9,231,1594,1520,Làm Đẹp - Sức Khỏe,Laneige,102,Apple Flagship Store,True,True,True,available,2024-04-27 00:00:00
101212,TIKI-1883-001212,Kệ để đồ đa năng thông minh tiết kiệm diện tích Rạng Đông,592000,740000,20,4.9,39,197,1883,Nhà Cửa - Đời Sống,Rạng Đông,201,Điện Máy Gia Dụng Xanh,False,False,True,available,2024-05-04 00:00:00
101213,TIKI-915-001213,Áo sơ mi nam công sở dài tay cao cấp Routine,180000,180000,0,4.9,55,373,915,Thời Trang Nam,Routine,105,Samsung Official Store,True,True,True,available,2024-11-14 00:00:00
101214,TIKI-1883-001214,Bộ lau nhà tự vắt thông minh xoay 360 độ Điện Quang,250000,500000,50,4.7,300,1992,1883,Nhà Cửa - Đời Sống,Điện Quang,102,Apple Flagship Store,True,False,True,low_stock,2024-11-07 00:00:00
101215,TIKI-1520-001215,Nước tẩy trang dịu nhẹ cho da nhạy cảm Innisfree Micellar Water 400ml,715000,1100000,35,4.8,47,267,1520,Làm Đẹp - Sức Khỏe,Innisfree,115,Coolmate Flagship Store,True,False,True,available,2024-10-07 00:00:00
101216,TIKI-1520-001216,Kem chống nắng kiểm soát dầu L'Oreal Paris SPF 50+ PA++++ 50ml,435500,670000,35,4.5,52,368,1520,Làm Đẹp - Sức Khỏe,L'Oreal Paris,115,Coolmate Flagship Store,True,True,True,low_stock,2024-07-26 00:00:00
101217,TIKI-8322-001217,Sách - Nhà Giả Kim - Paulo Coelho (Nhã Nam),320000,320000,0,4.5,191,996,8322,Nhà Sách Tiki,Nhã Nam,201,Điện Máy Gia Dụng Xanh,False,True,True,available,2024-11-20 00:00:00
101218,TIKI-1789-001218,Điện thoại thông minh OPPO Ultra 5G 256GB,14790000,17400000,15,4.9,64,267,1789,Điện Thoại - Máy Tính Bảng,OPPO,220,Thời Trang Bụi Phố,False,True,True,available,2024-06-22 00:00:00
101219,TIKI-8322-001219,Sách - Thiết Kế Cuộc Đời Đáng Sống - Designing Your Life (NXB Kim Đồng),195500,230000,15,4.9,117,672,8322,Nhà Sách Tiki,NXB Kim Đồng,210,Mỹ Phẩm Xách Tay Authentic,False,True,True,available,2024-08-11 00:00:00
101220,TIKI-915-001220,Áo sơ mi nam công sở dài tay cao cấp Coolmate,331500,510000,35,4.7,23,134,915,Thời Trang Nam,Coolmate,102,Apple Flagship Store,True,True,True,available,2024-09-11 00:00:00
101221,TIKI-1789-001221,Điện thoại thông minh Xiaomi Ultra 5G 512GB,21500000,43000000,50,4.8,20,81,1789,Điện Thoại - Máy Tính Bảng,Xiaomi,112,Nhà Sách FAHASA Official,True,True,True,available,2024-05-25 00:00:00
101222,TIKI-1883-001222,Bình giữ nhiệt Inox 316 cao cấp Điện Quang Giữ nhiệt 24 giờ 800ml,665000,700000,5,4.9,60,276,1883,Nhà Cửa - Đời Sống,Điện Quang,220,Thời Trang Bụi Phố,False,False,True,available,2024-06-17 00:00:00
101223,TIKI-1883-001223,Bộ lau nhà tự vắt thông minh xoay 360 độ Lock&Lock,265000,530000,50,4.7,148,1118,1883,Nhà Cửa - Đời Sống,Lock&Lock,112,Nhà Sách FAHASA Official,True,False,True,available,2024-06-14 00:00:00
101224,TIKI-1815-001224,Củ sạc nhanh Logitech GaN 65W Cổng Type-C PD Quick Charge,6300000,6300000,0,4.8,260,1359,1815,Thiết Bị Số - Phụ Kiện Số,Logitech,220,Thời Trang Bụi Phố,False,False,True,available,2024-03-17 00:00:00
101225,TIKI-1520-001225,Sữa rửa mặt tạo bọt sạch sâu se khít lỗ chân lông Vichy,149500,230000,35,4.8,30,208,1520,Làm Đẹp - Sức Khỏe,Vichy,112,Nhà Sách FAHASA Official,True,True,True,available,2024-12-31 00:00:00
101226,TIKI-1883-001226,Bộ lau nhà tự vắt thông minh xoay 360 độ Duy Tân,75000,100000,25,4.8,121,729,1883,Nhà Cửa - Đời Sống,Duy Tân,108,Anker Official Mall,True,True,True,available,2024-05-20 00:00:00
101227,TIKI-1882-001227,Robot hút bụi lau nhà thông minh Sunhouse Laser LiDAR Tự động đổ rác,3200000,4000000,20,4.7,164,717,1882,Điện Gia Dụng,Sunhouse,220,Thời Trang Bụi Phố,False,True,True,available,2024-09-16 00:00:00
101228,TIKI-8322-001228,Sách - Kỹ Năng Quản Lý Thời Gian Cho Người Bận Rộn (Nhã Nam),200000,250000,20,4.9,47,170,8322,Nhà Sách Tiki,Nhã Nam,1,Tiki Trading,True,True,True,available,2024-11-26 00:00:00
101229,TIKI-8322-001229,Sách - Tư Duy Nhanh Và Chậm - Daniel Kahneman (NXB Kim Đồng),80000,160000,50,4.8,50,385,8322,Nhà Sách Tiki,NXB Kim Đồng,201,Điện Máy Gia Dụng Xanh,False,True,True,available,2024-08-22 00:00:00
101230,TIKI-1520-001230,Nước tẩy trang dịu nhẹ cho da nhạy cảm Vichy Micellar Water 400ml,232500,310000,25,3.8,20,148,1520,Làm Đẹp - Sức Khỏe,Vichy,220,Thời Trang Bụi Phố,False,True,True,available,2024-10-10 00:00:00
101231,TIKI-1882-001231,Máy xay sinh tố cầm tay đa năng Sharp Lưỡi dao inox 304,6440000,9200000,30,4.9,118,816,1882,Điện Gia Dụng,Sharp,201,Điện Máy Gia Dụng Xanh,False,True,True,available,2024-11-26 00:00:00
101232,TIKI-1883-001232,Bộ hộp cơm thủy tinh chịu nhiệt Rạng Đông Có túi giữ nhiệt cao cấp,169000,260000,35,4.9,13,54,1883,Nhà Cửa - Đời Sống,Rạng Đông,1,Tiki Trading,True,True,True,low_stock,2024-09-25 00:00:00
101233,TIKI-1815-001233,Chuột không dây công thái học Anker Silent Click,910000,1300000,30,4.8,13,68,1815,Thiết Bị Số - Phụ Kiện Số,Anker,115,Coolmate Flagship Store,True,False,True,available,2024-02-02 00:00:00
101234,TIKI-1883-001234,Bình giữ nhiệt Inox 316 cao cấp Tupperware Giữ nhiệt 24 giờ 800ml,234000,360000,35,4.9,177,1311,1883,Nhà Cửa - Đời Sống,Tupperware,102,Apple Flagship Store,True,True,True,available,2024-04-27 00:00:00
101235,TIKI-915-001235,Áo thun nam Cotton Compact chống nhăn co giãn Owen,710000,710000,0,4.9,175,1360,915,Thời Trang Nam,Owen,108,Anker Official Mall,True,False,True,available,2024-03-12 00:00:00
101236,TIKI-8322-001236,Sách - Kỹ Năng Quản Lý Thời Gian Cho Người Bận Rộn (NXB Phụ Nữ),304000,380000,20,4.8,137,909,8322,Nhà Sách Tiki,NXB Phụ Nữ,1,Tiki Trading,True,True,True,available,2024-10-09 00:00:00
101237,TIKI-1520-001237,Serum phục hồi làm dịu da cấp ẩm La Roche-Posay Niacinamide 10%,770000,770000,0,4.8,15,112,1520,Làm Đẹp - Sức Khỏe,La Roche-Posay,220,Thời Trang Bụi Phố,False,True,True,available,2024-09-18 00:00:00
101238,TIKI-1815-001238,Cáp sạc đa năng Sony bọc dù siêu bền truyền dữ liệu tốc độ cao,3120000,3900000,20,4.8,90,379,1815,Thiết Bị Số - Phụ Kiện Số,Sony,220,Thời Trang Bụi Phố,False,False,True,available,2024-04-14 00:00:00
101239,TIKI-1815-001239,Chuột không dây công thái học Marshall Silent Click,2535000,3900000,35,4.9,115,739,1815,Thiết Bị Số - Phụ Kiện Số,Marshall,102,Apple Flagship Store,True,True,True,available,2024-09-20 00:00:00
101240,TIKI-1789-001240,Điện thoại gập Apple Flip thế hệ mới,15725000,18500000,15,4.7,164,794,1789,Điện Thoại - Máy Tính Bảng,Apple,102,Apple Flagship Store,True,False,True,available,2024-12-20 00:00:00
101241,TIKI-1520-001241,Nước tẩy trang dịu nhẹ cho da nhạy cảm Cocoon Micellar Water 400ml,178500,210000,15,4.8,263,1219,1520,Làm Đẹp - Sức Khỏe,Cocoon,204,Phụ Kiện Công Nghệ Số 1,False,True,True,available,2024-09-19 00:00:00
101242,TIKI-1815-001242,Chuột không dây công thái học Baseus Silent Click,3900000,5200000,25,4.8,64,441,1815,Thiết Bị Số - Phụ Kiện Số,Baseus,204,Phụ Kiện Công Nghệ Số 1,False,True,True,available,2024-09-09 00:00:00
101243,TIKI-1882-001243,Nồi chiên không dầu điện tử Sunhouse Dung tích 6.5L Giảm 85% dầu mỡ,1000000,1000000,0,4.7,238,1847,1882,Điện Gia Dụng,Sunhouse,102,Apple Flagship Store,True,True,True,available,2024-01-02 00:00:00
101244,TIKI-915-001244,Quần lót nam Boxer sợi Modal kháng khuẩn công nghệ may Seamless Owen,484500,570000,15,4.7,429,2933,915,Thời Trang Nam,Owen,1,Tiki Trading,True,True,True,available,2024-07-10 00:00:00
101245,TIKI-915-001245,Áo sơ mi nam công sở dài tay cao cấp Coolmate,200000,250000,20,4.9,78,600,915,Thời Trang Nam,Coolmate,1,Tiki Trading,True,True,True,low_stock,2024-04-15 00:00:00
101246,TIKI-915-001246,Áo thun nam Cotton Compact chống nhăn co giãn Biluxury,104500,110000,5,4.9,37,274,915,Thời Trang Nam,Biluxury,105,Samsung Official Store,True,False,True,available,2024-10-24 00:00:00
101247,TIKI-1882-001247,Máy xay sinh tố cầm tay đa năng Philips Lưỡi dao inox 304,4165000,4900000,15,4.9,140,508,1882,Điện Gia Dụng,Philips,102,Apple Flagship Store,True,True,True,available,2024-09-12 00:00:00
101248,TIKI-8322-001248,Sách - Tâm Lý Học Về Tiền - Morgan Housel (NXB Kim Đồng),80000,100000,20,4.7,157,692,8322,Nhà Sách Tiki,NXB Kim Đồng,1,Tiki Trading,True,True,True,available,2024-05-17 00:00:00
101249,TIKI-1883-001249,Bình giữ nhiệt Inox 316 cao cấp Inochi Giữ nhiệt 24 giờ 800ml,100000,100000,0,4.5,221,1206,1883,Nhà Cửa - Đời Sống,Inochi,204,Phụ Kiện Công Nghệ Số 1,False,True,True,available,2024-12-26 00:00:00
101250,TIKI-915-001250,Áo thun nam Cotton Compact chống nhăn co giãn Aristino,105000,210000,50,4.8,211,1255,915,Thời Trang Nam,Aristino,115,Coolmate Flagship Store,True,False,True,low_stock,2024-07-11 00:00:00
101251,TIKI-915-001251,Quần lót nam Boxer sợi Modal kháng khuẩn công nghệ may Seamless Owen,558000,620000,10,4.8,60,475,915,Thời Trang Nam,Owen,115,Coolmate Flagship Store,True,True,True,available,2024-05-30 00:00:00
101252,TIKI-1883-001252,Bộ lau nhà tự vắt thông minh xoay 360 độ Tupperware,105000,210000,50,4.9,22,168,1883,Nhà Cửa - Đời Sống,Tupperware,201,Điện Máy Gia Dụng Xanh,False,True,True,available,2024-11-27 00:00:00
101253,TIKI-1520-001253,Serum phục hồi làm dịu da cấp ẩm Cocoon Niacinamide 10%,711000,790000,10,4.8,98,709,1520,Làm Đẹp - Sức Khỏe,Cocoon,115,Coolmate Flagship Store,True,False,True,available,2024-03-23 00:00:00
101254,TIKI-1883-001254,Bộ lau nhà tự vắt thông minh xoay 360 độ Inochi,144000,240000,40,4.8,92,560,1883,Nhà Cửa - Đời Sống,Inochi,201,Điện Máy Gia Dụng Xanh,False,False,True,available,2024-05-11 00:00:00
101255,TIKI-1815-001255,Cáp sạc đa năng Logitech bọc dù siêu bền truyền dữ liệu tốc độ cao,6175000,6500000,5,4.8,222,1149,1815,Thiết Bị Số - Phụ Kiện Số,Logitech,115,Coolmate Flagship Store,True,False,True,available,2024-07-22 00:00:00
101256,TIKI-8322-001256,Sách - Đắc Nhân Tâm - Khổ Lớn Đặc Biệt (NXB Kim Đồng),102000,120000,15,4.7,77,558,8322,Nhà Sách Tiki,NXB Kim Đồng,201,Điện Máy Gia Dụng Xanh,False,False,True,available,2024-04-07 00:00:00
101257,TIKI-1883-001257,Bộ hộp cơm thủy tinh chịu nhiệt Rạng Đông Có túi giữ nhiệt cao cấp,152000,190000,20,4.9,67,483,1883,Nhà Cửa - Đời Sống,Rạng Đông,105,Samsung Official Store,True,False,True,available,2024-10-05 00:00:00
101258,TIKI-1883-001258,Bộ hộp cơm thủy tinh chịu nhiệt Inochi Có túi giữ nhiệt cao cấp,446500,470000,5,4.9,215,1410,1883,Nhà Cửa - Đời Sống,Inochi,1,Tiki Trading,True,True,True,available,2024-02-05 00:00:00
101259,TIKI-1789-001259,Máy tính bảng OPPO Tab Wifi + Cellular Max,4250000,8500000,50,4.8,63,279,1789,Điện Thoại - Máy Tính Bảng,OPPO,201,Điện Máy Gia Dụng Xanh,False,False,True,available,2024-08-08 00:00:00
101260,TIKI-8322-001260,Sách - Đắc Nhân Tâm - Khổ Lớn Đặc Biệt (NXB Phụ Nữ),370000,370000,0,4.8,56,260,8322,Nhà Sách Tiki,NXB Phụ Nữ,1,Tiki Trading,True,True,True,available,2024-08-31 00:00:00
101261,TIKI-1883-001261,Bộ lau nhà tự vắt thông minh xoay 360 độ Duy Tân,351000,540000,35,2.5,62,485,1883,Nhà Cửa - Đời Sống,Duy Tân,220,Thời Trang Bụi Phố,False,True,True,available,2024-02-15 00:00:00
101262,TIKI-1789-001262,Điện thoại thông minh Apple Ultra 5G Max,21840000,31200000,30,4.7,38,301,1789,Điện Thoại - Máy Tính Bảng,Apple,102,Apple Flagship Store,True,True,True,available,2024-01-19 00:00:00
101263,TIKI-1883-001263,Bộ lau nhà tự vắt thông minh xoay 360 độ Điện Quang,589000,620000,5,4.9,21,155,1883,Nhà Cửa - Đời Sống,Điện Quang,220,Thời Trang Bụi Phố,False,False,True,available,2024-01-16 00:00:00
101264,TIKI-1520-001264,Sữa rửa mặt tạo bọt sạch sâu se khít lỗ chân lông L'Oreal Paris,384000,640000,40,4.7,10,61,1520,Làm Đẹp - Sức Khỏe,L'Oreal Paris,220,Thời Trang Bụi Phố,False,False,True,available,2024-12-24 00:00:00
101265,TIKI-8322-001265,Sách - Nguyên Lý Big Data & Học Máy Ứng Dụng (Alpha Books),120000,240000,50,4.8,18,75,8322,Nhà Sách Tiki,Alpha Books,1,Tiki Trading,True,True,True,available,2024-02-10 00:00:00
101266,TIKI-1815-001266,Bàn phím cơ không dây Sony RGB Hot-swap,5100000,5100000,0,4.8,35,258,1815,Thiết Bị Số - Phụ Kiện Số,Sony,105,Samsung Official Store,True,True,True,available,2024-10-26 00:00:00
101267,TIKI-8322-001267,Sách - Tâm Lý Học Về Tiền - Morgan Housel (NXB Phụ Nữ),126000,140000,10,4.7,356,2147,8322,Nhà Sách Tiki,NXB Phụ Nữ,105,Samsung Official Store,True,True,True,available,2024-08-13 00:00:00
101268,TIKI-915-001268,Áo thun nam Cotton Compact chống nhăn co giãn Canifa,342000,570000,40,4.9,82,389,915,Thời Trang Nam,Canifa,210,Mỹ Phẩm Xách Tay Authentic,False,False,True,available,2024-10-13 00:00:00
101269,TIKI-1789-001269,Máy tính bảng Apple Tab Wifi + Cellular Max,22610000,32300000,30,4.8,38,291,1789,Điện Thoại - Máy Tính Bảng,Apple,115,Coolmate Flagship Store,True,True,True,available,2024-03-12 00:00:00
101270,TIKI-1789-001270,Điện thoại thông minh Vivo Ultra 5G Max,18480000,30800000,40,4.8,41,155,1789,Điện Thoại - Máy Tính Bảng,Vivo,108,Anker Official Mall,True,True,True,available,2024-12-03 00:00:00
101271,TIKI-1789-001271,Điện thoại Vivo Pro Max 256GB Chính Hãng VN/A,12400000,15500000,20,4.9,150,532,1789,Điện Thoại - Máy Tính Bảng,Vivo,108,Anker Official Mall,True,False,True,available,2024-02-01 00:00:00
101272,TIKI-1789-001272,Máy tính bảng Vivo Tab Wifi + Cellular Pro,6720000,8400000,20,4.5,22,168,1789,Điện Thoại - Máy Tính Bảng,Vivo,210,Mỹ Phẩm Xách Tay Authentic,False,True,True,available,2024-09-03 00:00:00
101273,TIKI-8322-001273,Sách - Tư Duy Nhanh Và Chậm - Daniel Kahneman (Nhã Nam),119000,170000,30,4.8,123,905,8322,Nhà Sách Tiki,Nhã Nam,102,Apple Flagship Store,True,True,True,available,2024-02-07 00:00:00
101274,TIKI-1883-001274,Bình giữ nhiệt Inox 316 cao cấp Rạng Đông Giữ nhiệt 24 giờ 800ml,426000,710000,40,3.2,14,59,1883,Nhà Cửa - Đời Sống,Rạng Đông,102,Apple Flagship Store,True,True,True,available,2024-11-17 00:00:00
101275,TIKI-1882-001275,Máy lọc không khí Sunhouse Màng lọc HEPA diệt khuẩn khử mùi,12000000,12000000,0,4.5,187,677,1882,Điện Gia Dụng,Sunhouse,1,Tiki Trading,True,False,True,low_stock,2024-12-10 00:00:00
101276,TIKI-8322-001276,Sách - Đắc Nhân Tâm - Khổ Lớn Đặc Biệt (Nhã Nam),91000,140000,35,4.7,192,1439,8322,Nhà Sách Tiki,Nhã Nam,108,Anker Official Mall,True,False,True,available,2024-11-27 00:00:00
101277,TIKI-1520-001277,Nước tẩy trang dịu nhẹ cho da nhạy cảm Laneige Micellar Water 400ml,350000,700000,50,4.9,13,50,1520,Làm Đẹp - Sức Khỏe,Laneige,102,Apple Flagship Store,True,False,True,available,2024-03-16 00:00:00
101278,TIKI-1882-001278,Máy lọc không khí Sharp Màng lọc HEPA diệt khuẩn khử mùi,5220000,8700000,40,4.7,307,2256,1882,Điện Gia Dụng,Sharp,115,Coolmate Flagship Store,True,False,True,available,2024-08-29 00:00:00
101279,TIKI-1883-001279,Bình giữ nhiệt Inox 316 cao cấp Điện Quang Giữ nhiệt 24 giờ 800ml,136500,210000,35,3.8,96,602,1883,Nhà Cửa - Đời Sống,Điện Quang,115,Coolmate Flagship Store,True,True,True,available,2024-02-03 00:00:00
101280,TIKI-1882-001280,Máy xay sinh tố cầm tay đa năng Panasonic Lưỡi dao inox 304,6750000,9000000,25,4.2,105,532,1882,Điện Gia Dụng,Panasonic,108,Anker Official Mall,True,True,True,available,2024-06-06 00:00:00
101281,TIKI-1520-001281,Sữa rửa mặt tạo bọt sạch sâu se khít lỗ chân lông The Ordinary,637000,910000,30,4.7,30,187,1520,Làm Đẹp - Sức Khỏe,The Ordinary,112,Nhà Sách FAHASA Official,True,False,True,available,2024-03-13 00:00:00
101282,TIKI-915-001282,Áo sơ mi nam công sở dài tay cao cấp Biluxury,600000,800000,25,4.9,79,461,915,Thời Trang Nam,Biluxury,210,Mỹ Phẩm Xách Tay Authentic,False,False,True,available,2024-03-02 00:00:00
101283,TIKI-1882-001283,Robot hút bụi lau nhà thông minh Sunhouse Laser LiDAR Tự động đổ rác,3640000,5600000,35,4.8,64,430,1882,Điện Gia Dụng,Sunhouse,115,Coolmate Flagship Store,True,True,True,available,2024-10-18 00:00:00
101284,TIKI-1815-001284,Loa Bluetooth di động JBL Âm bass mạnh mẽ chống nước IPX7,1260000,1800000,30,4.5,500,1757,1815,Thiết Bị Số - Phụ Kiện Số,JBL,112,Nhà Sách FAHASA Official,True,True,True,low_stock,2024-04-07 00:00:00
101285,TIKI-8322-001285,Sách - Đắc Nhân Tâm - Khổ Lớn Đặc Biệt (First News),190000,380000,50,4.8,42,332,8322,Nhà Sách Tiki,First News,112,Nhà Sách FAHASA Official,True,True,True,available,2024-11-18 00:00:00
101286,TIKI-8322-001286,Sách - Tư Duy Nhanh Và Chậm - Daniel Kahneman (Nhã Nam),126000,140000,10,4.9,176,1403,8322,Nhà Sách Tiki,Nhã Nam,102,Apple Flagship Store,True,True,True,available,2024-01-23 00:00:00
101287,TIKI-1520-001287,Nước tẩy trang dịu nhẹ cho da nhạy cảm Laneige Micellar Water 400ml,770000,1100000,30,4.9,271,1639,1520,Làm Đẹp - Sức Khỏe,Laneige,102,Apple Flagship Store,True,True,True,available,2024-01-07 00:00:00
101288,TIKI-1520-001288,Nước tẩy trang dịu nhẹ cho da nhạy cảm The Ordinary Micellar Water 400ml,382500,450000,15,4.9,116,798,1520,Làm Đẹp - Sức Khỏe,The Ordinary,201,Điện Máy Gia Dụng Xanh,False,True,True,available,2024-10-10 00:00:00
101289,TIKI-1815-001289,Loa Bluetooth di động Sony Âm bass mạnh mẽ chống nước IPX7,2790000,3100000,10,4.5,214,944,1815,Thiết Bị Số - Phụ Kiện Số,Sony,115,Coolmate Flagship Store,True,True,True,low_stock,2024-11-12 00:00:00
101290,TIKI-1789-001290,Máy tính bảng Vivo Tab Wifi + Cellular 2024 Edition,13585000,14300000,5,4.9,67,307,1789,Điện Thoại - Máy Tính Bảng,Vivo,204,Phụ Kiện Công Nghệ Số 1,False,True,True,low_stock,2024-11-09 00:00:00
101291,TIKI-1815-001291,Tai nghe không dây Bluetooth JBL Chống ồn chủ động ANC,2940000,4200000,30,4.8,114,597,1815,Thiết Bị Số - Phụ Kiện Số,JBL,108,Anker Official Mall,True,True,True,available,2024-04-20 00:00:00
101292,TIKI-1789-001292,Điện thoại gập OPPO Flip thế hệ mới,13800000,27600000,50,4.7,7,48,1789,Điện Thoại - Máy Tính Bảng,OPPO,105,Samsung Official Store,True,False,True,available,2024-04-16 00:00:00
101293,TIKI-1883-001293,Kệ để đồ đa năng thông minh tiết kiệm diện tích Rạng Đông,438000,730000,40,4.7,223,1389,1883,Nhà Cửa - Đời Sống,Rạng Đông,1,Tiki Trading,True,True,True,available,2024-07-10 00:00:00
101294,TIKI-1520-001294,Sữa rửa mặt tạo bọt sạch sâu se khít lỗ chân lông Cocoon,348500,410000,15,4.8,67,309,1520,Làm Đẹp - Sức Khỏe,Cocoon,201,Điện Máy Gia Dụng Xanh,False,True,True,available,2024-05-29 00:00:00
101295,TIKI-8322-001295,Sách - Kỹ Năng Quản Lý Thời Gian Cho Người Bận Rộn (NXB Trẻ),65000,100000,35,4.7,7,42,8322,Nhà Sách Tiki,NXB Trẻ,108,Anker Official Mall,True,True,True,available,2024-07-04 00:00:00
101296,TIKI-8322-001296,Sách - Tư Duy Nhanh Và Chậm - Daniel Kahneman (NXB Phụ Nữ),264000,330000,20,4.8,42,319,8322,Nhà Sách Tiki,NXB Phụ Nữ,102,Apple Flagship Store,True,True,True,available,2024-05-14 00:00:00
101297,TIKI-1815-001297,Tai nghe không dây Bluetooth Logitech Chống ồn chủ động ANC,765000,900000,15,4.9,302,1182,1815,Thiết Bị Số - Phụ Kiện Số,Logitech,115,Coolmate Flagship Store,True,False,True,available,2024-12-23 00:00:00
101298,TIKI-1789-001298,Máy tính bảng Vivo Tab Wifi + Cellular V2,20700000,23000000,10,4.5,44,335,1789,Điện Thoại - Máy Tính Bảng,Vivo,105,Samsung Official Store,True,True,True,available,2024-04-28 00:00:00
101299,TIKI-1520-001299,Serum phục hồi làm dịu da cấp ẩm La Roche-Posay Niacinamide 10%,940000,940000,0,4.8,188,1395,1520,Làm Đẹp - Sức Khỏe,La Roche-Posay,102,Apple Flagship Store,True,True,True,available,2024-04-01 00:00:00
101300,TIKI-8322-001300,Sách - Nhà Giả Kim - Paulo Coelho (NXB Kim Đồng),95000,100000,5,4.7,42,295,8322,Nhà Sách Tiki,NXB Kim Đồng,108,Anker Official Mall,True,True,True,available,2024-10-01 00:00:00
101301,TIKI-1520-001301,Nước tẩy trang dịu nhẹ cho da nhạy cảm Cocoon Micellar Water 400ml,204000,340000,40,4.2,38,134,1520,Làm Đẹp - Sức Khỏe,Cocoon,105,Samsung Official Store,True,True,True,available,2024-03-29 00:00:00
101302,TIKI-1789-001302,Điện thoại Vivo Pro Max V2 Chính Hãng VN/A,16500000,16500000,0,4.8,229,1050,1789,Điện Thoại - Máy Tính Bảng,Vivo,105,Samsung Official Store,True,True,True,available,2024-11-08 00:00:00
101303,TIKI-1882-001303,Robot hút bụi lau nhà thông minh Cosori Laser LiDAR Tự động đổ rác,3230000,3800000,15,4.9,116,428,1882,Điện Gia Dụng,Cosori,105,Samsung Official Store,True,True,True,available,2024-07-13 00:00:00
101304,TIKI-8322-001304,Sách - Nguyên Lý Big Data & Học Máy Ứng Dụng (First News),280000,400000,30,4.5,80,513,8322,Nhà Sách Tiki,First News,201,Điện Máy Gia Dụng Xanh,False,True,True,available,2024-09-24 00:00:00
101305,TIKI-1520-001305,Sữa rửa mặt tạo bọt sạch sâu se khít lỗ chân lông The Ordinary,574000,820000,30,4.9,239,972,1520,Làm Đẹp - Sức Khỏe,The Ordinary,112,Nhà Sách FAHASA Official,True,True,True,available,2024-01-20 00:00:00
101306,TIKI-1882-001306,Nồi chiên không dầu điện tử Panasonic Dung tích 6.5L Giảm 85% dầu mỡ,7490000,10700000,30,4.9,7,39,1882,Điện Gia Dụng,Panasonic,201,Điện Máy Gia Dụng Xanh,False,True,True,available,2024-01-10 00:00:00
101307,TIKI-915-001307,Quần lót nam Boxer sợi Modal kháng khuẩn công nghệ may Seamless Aristino,216000,270000,20,4.8,23,173,915,Thời Trang Nam,Aristino,220,Thời Trang Bụi Phố,False,True,True,available,2024-08-13 00:00:00
101308,TIKI-8322-001308,Sách - Tư Duy Nhanh Và Chậm - Daniel Kahneman (NXB Phụ Nữ),315000,350000,10,4.8,11,85,8322,Nhà Sách Tiki,NXB Phụ Nữ,108,Anker Official Mall,True,True,True,available,2024-11-24 00:00:00
101309,TIKI-1789-001309,Điện thoại gập Xiaomi Flip thế hệ mới,5950000,11900000,50,4.9,211,1262,1789,Điện Thoại - Máy Tính Bảng,Xiaomi,201,Điện Máy Gia Dụng Xanh,False,True,True,available,2024-01-22 00:00:00
101310,TIKI-1882-001310,Máy lọc không khí Sunhouse Màng lọc HEPA diệt khuẩn khử mùi,1140000,1200000,5,4.9,154,725,1882,Điện Gia Dụng,Sunhouse,105,Samsung Official Store,True,False,True,available,2024-01-14 00:00:00
101311,TIKI-1520-001311,Kem chống nắng kiểm soát dầu Innisfree SPF 50+ PA++++ 50ml,285000,570000,50,4.8,121,578,1520,Làm Đẹp - Sức Khỏe,Innisfree,201,Điện Máy Gia Dụng Xanh,False,False,True,available,2024-01-28 00:00:00
101312,TIKI-8322-001312,Sách - Tư Duy Nhanh Và Chậm - Daniel Kahneman (Nhã Nam),48000,80000,40,4.7,105,399,8322,Nhà Sách Tiki,Nhã Nam,210,Mỹ Phẩm Xách Tay Authentic,False,True,True,available,2024-03-20 00:00:00
101313,TIKI-915-001313,Áo sơ mi nam công sở dài tay cao cấp Canifa,332500,350000,5,4.7,43,193,915,Thời Trang Nam,Canifa,105,Samsung Official Store,True,True,True,available,2024-01-24 00:00:00
101314,TIKI-1815-001314,Bàn phím cơ không dây Logitech RGB Hot-swap,5040000,5600000,10,4.8,105,835,1815,Thiết Bị Số - Phụ Kiện Số,Logitech,108,Anker Official Mall,True,True,True,out_of_stock,2024-04-18 00:00:00
101315,TIKI-1815-001315,Chuột không dây công thái học Sony Silent Click,935000,1100000,15,4.8,481,3685,1815,Thiết Bị Số - Phụ Kiện Số,Sony,204,Phụ Kiện Công Nghệ Số 1,False,True,True,available,2024-09-10 00:00:00
101316,TIKI-8322-001316,Sách - Đắc Nhân Tâm - Khổ Lớn Đặc Biệt (Alpha Books),288000,360000,20,4.8,100,755,8322,Nhà Sách Tiki,Alpha Books,115,Coolmate Flagship Store,True,False,True,available,2024-06-19 00:00:00
101317,TIKI-1520-001317,Kem dưỡng ẩm tái tạo phục hồi màng bảo vệ da L'Oreal Paris 50ml,590000,1180000,50,4.7,38,272,1520,Làm Đẹp - Sức Khỏe,L'Oreal Paris,112,Nhà Sách FAHASA Official,True,True,True,available,2024-08-11 00:00:00
101318,TIKI-1520-001318,Sữa rửa mặt tạo bọt sạch sâu se khít lỗ chân lông Innisfree,105000,210000,50,4.8,243,966,1520,Làm Đẹp - Sức Khỏe,Innisfree,201,Điện Máy Gia Dụng Xanh,False,False,True,available,2024-03-17 00:00:00
101319,TIKI-1883-001319,Bình giữ nhiệt Inox 316 cao cấp Inochi Giữ nhiệt 24 giờ 800ml,132000,220000,40,4.8,68,360,1883,Nhà Cửa - Đời Sống,Inochi,105,Samsung Official Store,True,True,True,available,2024-10-18 00:00:00
101320,TIKI-1815-001320,Loa Bluetooth di động Baseus Âm bass mạnh mẽ chống nước IPX7,4300000,4300000,0,4.8,207,867,1815,Thiết Bị Số - Phụ Kiện Số,Baseus,102,Apple Flagship Store,True,True,True,available,2024-08-31 00:00:00
101321,TIKI-1882-001321,Máy lọc không khí Lock&Lock Màng lọc HEPA diệt khuẩn khử mùi,9450000,13500000,30,4.8,67,490,1882,Điện Gia Dụng,Lock&Lock,204,Phụ Kiện Công Nghệ Số 1,False,True,True,available,2024-05-27 00:00:00
101322,TIKI-1815-001322,Củ sạc nhanh Marshall GaN 65W Cổng Type-C PD Quick Charge,5460000,7800000,30,4.5,17,65,1815,Thiết Bị Số - Phụ Kiện Số,Marshall,115,Coolmate Flagship Store,True,True,True,available,2024-01-06 00:00:00
101323,TIKI-8322-001323,Sách - Nguyên Lý Big Data & Học Máy Ứng Dụng (NXB Trẻ),90000,90000,0,4.8,8,38,8322,Nhà Sách Tiki,NXB Trẻ,105,Samsung Official Store,True,False,True,available,2024-07-07 00:00:00
101324,TIKI-1883-001324,Kệ để đồ đa năng thông minh tiết kiệm diện tích Điện Quang,210000,210000,0,4.9,49,193,1883,Nhà Cửa - Đời Sống,Điện Quang,220,Thời Trang Bụi Phố,False,True,True,out_of_stock,2024-10-26 00:00:00
101325,TIKI-1520-001325,Serum phục hồi làm dịu da cấp ẩm La Roche-Posay Niacinamide 10%,422500,650000,35,4.9,112,702,1520,Làm Đẹp - Sức Khỏe,La Roche-Posay,105,Samsung Official Store,True,True,True,available,2024-09-27 00:00:00
101326,TIKI-1882-001326,Nồi chiên không dầu điện tử Tefal Dung tích 6.5L Giảm 85% dầu mỡ,6840000,7600000,10,4.7,149,585,1882,Điện Gia Dụng,Tefal,220,Thời Trang Bụi Phố,False,True,True,available,2024-11-07 00:00:00
101327,TIKI-1789-001327,Máy tính bảng OPPO Tab Wifi + Cellular Max,28275000,43500000,35,4.5,58,335,1789,Điện Thoại - Máy Tính Bảng,OPPO,105,Samsung Official Store,True,False,True,available,2024-05-31 00:00:00
101328,TIKI-8322-001328,Sách - Nguyên Lý Big Data & Học Máy Ứng Dụng (Nhã Nam),221000,260000,15,4.9,24,100,8322,Nhà Sách Tiki,Nhã Nam,112,Nhà Sách FAHASA Official,True,True,True,available,2024-02-11 00:00:00
101329,TIKI-1789-001329,Điện thoại Samsung Pro Max V2 Chính Hãng VN/A,14820000,15600000,5,4.9,53,261,1789,Điện Thoại - Máy Tính Bảng,Samsung,105,Samsung Official Store,True,False,True,available,2024-05-03 00:00:00
101330,TIKI-8322-001330,Sách - Kỹ Năng Quản Lý Thời Gian Cho Người Bận Rộn (NXB Trẻ),212500,250000,15,4.5,133,683,8322,Nhà Sách Tiki,NXB Trẻ,210,Mỹ Phẩm Xách Tay Authentic,False,True,True,available,2024-07-20 00:00:00
101331,TIKI-1789-001331,Máy tính bảng Apple Tab Wifi + Cellular V2,21710000,33400000,35,4.7,65,434,1789,Điện Thoại - Máy Tính Bảng,Apple,105,Samsung Official Store,True,True,True,available,2024-06-15 00:00:00
101332,TIKI-1882-001332,Máy lọc không khí Sharp Màng lọc HEPA diệt khuẩn khử mùi,5700000,5700000,0,4.5,26,120,1882,Điện Gia Dụng,Sharp,220,Thời Trang Bụi Phố,False,True,True,low_stock,2024-02-18 00:00:00
101333,TIKI-1882-001333,Nồi chiên không dầu điện tử Tefal Dung tích 6.5L Giảm 85% dầu mỡ,7050000,14100000,50,4.8,44,194,1882,Điện Gia Dụng,Tefal,108,Anker Official Mall,True,True,True,available,2024-04-03 00:00:00
101334,TIKI-1789-001334,Máy tính bảng Realme Tab Wifi + Cellular Max,29550000,39400000,25,4.8,18,125,1789,Điện Thoại - Máy Tính Bảng,Realme,115,Coolmate Flagship Store,True,True,True,available,2024-09-14 00:00:00
101335,TIKI-1882-001335,Máy xay sinh tố cầm tay đa năng Panasonic Lưỡi dao inox 304,4200000,6000000,30,4.7,162,595,1882,Điện Gia Dụng,Panasonic,210,Mỹ Phẩm Xách Tay Authentic,False,False,True,available,2024-10-30 00:00:00
101336,TIKI-1883-001336,Bộ hộp cơm thủy tinh chịu nhiệt Tupperware Có túi giữ nhiệt cao cấp,84000,120000,30,4.8,407,1539,1883,Nhà Cửa - Đời Sống,Tupperware,115,Coolmate Flagship Store,True,True,True,low_stock,2024-08-02 00:00:00
101337,TIKI-1520-001337,Serum phục hồi làm dịu da cấp ẩm Laneige Niacinamide 10%,279500,430000,35,4.9,271,1987,1520,Làm Đẹp - Sức Khỏe,Laneige,220,Thời Trang Bụi Phố,False,False,True,low_stock,2024-04-28 00:00:00
101338,TIKI-1882-001338,Máy lọc không khí Sharp Màng lọc HEPA diệt khuẩn khử mùi,6800000,6800000,0,4.9,211,965,1882,Điện Gia Dụng,Sharp,210,Mỹ Phẩm Xách Tay Authentic,False,True,True,available,2024-01-03 00:00:00
101339,TIKI-1789-001339,Máy tính bảng ASUS Tab Wifi + Cellular Pro,29300000,29300000,0,4.8,370,2618,1789,Điện Thoại - Máy Tính Bảng,ASUS,210,Mỹ Phẩm Xách Tay Authentic,False,True,True,available,2024-11-24 00:00:00
101340,TIKI-915-001340,Quần dài Kaki dáng Slimfit co giãn tôn dáng Coolmate,468000,780000,40,4.9,19,86,915,Thời Trang Nam,Coolmate,108,Anker Official Mall,True,False,True,available,2024-07-19 00:00:00
101341,TIKI-1815-001341,Tai nghe không dây Bluetooth Logitech Chống ồn chủ động ANC,975000,1300000,25,4.7,356,1279,1815,Thiết Bị Số - Phụ Kiện Số,Logitech,201,Điện Máy Gia Dụng Xanh,False,False,True,available,2024-03-08 00:00:00
101342,TIKI-1815-001342,Cáp sạc đa năng JBL bọc dù siêu bền truyền dữ liệu tốc độ cao,1610000,2300000,30,4.9,26,102,1815,Thiết Bị Số - Phụ Kiện Số,JBL,201,Điện Máy Gia Dụng Xanh,False,True,True,out_of_stock,2024-05-28 00:00:00
101343,TIKI-915-001343,Áo thun nam Cotton Compact chống nhăn co giãn Owen,250000,250000,0,3.8,13,90,915,Thời Trang Nam,Owen,105,Samsung Official Store,True,True,True,available,2024-05-19 00:00:00
101344,TIKI-8322-001344,Sách - Tâm Lý Học Về Tiền - Morgan Housel (Alpha Books),210000,350000,40,4.9,137,651,8322,Nhà Sách Tiki,Alpha Books,210,Mỹ Phẩm Xách Tay Authentic,False,True,True,available,2024-02-13 00:00:00
101345,TIKI-1882-001345,Nồi cơm điện cao tần Tefal Lòng nồi chống dính cao cấp,11920000,14900000,20,4.7,295,1856,1882,Điện Gia Dụng,Tefal,108,Anker Official Mall,True,True,True,available,2024-02-15 00:00:00
101346,TIKI-1882-001346,Máy xay sinh tố cầm tay đa năng Tefal Lưỡi dao inox 304,3835000,5900000,35,2.5,174,884,1882,Điện Gia Dụng,Tefal,210,Mỹ Phẩm Xách Tay Authentic,False,True,True,available,2024-06-24 00:00:00
101347,TIKI-8322-001347,Sách - Nguyên Lý Big Data & Học Máy Ứng Dụng (NXB Trẻ),171000,190000,10,4.9,126,879,8322,Nhà Sách Tiki,NXB Trẻ,201,Điện Máy Gia Dụng Xanh,False,True,True,out_of_stock,2024-12-24 00:00:00
101348,TIKI-915-001348,Quần dài Kaki dáng Slimfit co giãn tôn dáng An Phước,442500,590000,25,4.7,31,114,915,Thời Trang Nam,An Phước,204,Phụ Kiện Công Nghệ Số 1,False,True,True,available,2024-08-20 00:00:00
101349,TIKI-1882-001349,Máy lọc không khí Philips Màng lọc HEPA diệt khuẩn khử mùi,11600000,11600000,0,3.8,242,939,1882,Điện Gia Dụng,Philips,115,Coolmate Flagship Store,True,False,True,available,2024-02-20 00:00:00
101350,TIKI-1883-001350,Bình giữ nhiệt Inox 316 cao cấp Duy Tân Giữ nhiệt 24 giờ 800ml,480000,800000,40,4.7,54,340,1883,Nhà Cửa - Đời Sống,Duy Tân,204,Phụ Kiện Công Nghệ Số 1,False,False,True,available,2024-01-18 00:00:00
101351,TIKI-1882-001351,Máy lọc không khí Sharp Màng lọc HEPA diệt khuẩn khử mùi,1920000,2400000,20,4.7,777,5152,1882,Điện Gia Dụng,Sharp,102,Apple Flagship Store,True,True,True,available,2024-07-14 00:00:00
101352,TIKI-1883-001352,Bộ hộp cơm thủy tinh chịu nhiệt Tupperware Có túi giữ nhiệt cao cấp,123500,190000,35,4.8,47,169,1883,Nhà Cửa - Đời Sống,Tupperware,115,Coolmate Flagship Store,True,True,True,available,2024-05-26 00:00:00
101353,TIKI-1789-001353,Điện thoại thông minh ASUS Ultra 5G Pro,36670000,38600000,5,4.8,16,75,1789,Điện Thoại - Máy Tính Bảng,ASUS,220,Thời Trang Bụi Phố,False,True,True,low_stock,2024-06-20 00:00:00
101354,TIKI-1815-001354,Loa Bluetooth di động Logitech Âm bass mạnh mẽ chống nước IPX7,3200000,3200000,0,4.9,226,1350,1815,Thiết Bị Số - Phụ Kiện Số,Logitech,102,Apple Flagship Store,True,True,True,available,2024-10-05 00:00:00
101355,TIKI-1520-001355,Kem dưỡng ẩm tái tạo phục hồi màng bảo vệ da Laneige 50ml,792000,990000,20,4.9,67,515,1520,Làm Đẹp - Sức Khỏe,Laneige,210,Mỹ Phẩm Xách Tay Authentic,False,True,True,available,2024-06-09 00:00:00
101356,TIKI-1882-001356,Nồi chiên không dầu điện tử Panasonic Dung tích 6.5L Giảm 85% dầu mỡ,1700000,3400000,50,4.9,271,1000,1882,Điện Gia Dụng,Panasonic,102,Apple Flagship Store,True,True,True,available,2024-07-04 00:00:00
101357,TIKI-1882-001357,Máy xay sinh tố cầm tay đa năng Tefal Lưỡi dao inox 304,2250000,3000000,25,4.9,130,787,1882,Điện Gia Dụng,Tefal,108,Anker Official Mall,True,False,True,available,2024-02-24 00:00:00
101358,TIKI-8322-001358,Sách - Kỹ Năng Quản Lý Thời Gian Cho Người Bận Rộn (NXB Kim Đồng),96000,160000,40,4.9,67,439,8322,Nhà Sách Tiki,NXB Kim Đồng,105,Samsung Official Store,True,False,True,available,2024-05-20 00:00:00
101359,TIKI-1883-001359,Bộ lau nhà tự vắt thông minh xoay 360 độ Inochi,119000,170000,30,4.9,136,593,1883,Nhà Cửa - Đời Sống,Inochi,108,Anker Official Mall,True,True,True,available,2024-09-28 00:00:00
101360,TIKI-8322-001360,Sách - Tư Duy Nhanh Và Chậm - Daniel Kahneman (First News),195500,230000,15,4.7,269,1797,8322,Nhà Sách Tiki,First News,112,Nhà Sách FAHASA Official,True,False,True,available,2024-05-11 00:00:00
101361,TIKI-1789-001361,Điện thoại gập Apple Flip thế hệ mới,18810000,20900000,10,4.8,207,1264,1789,Điện Thoại - Máy Tính Bảng,Apple,108,Anker Official Mall,True,True,True,available,2024-12-10 00:00:00
101362,TIKI-1789-001362,Điện thoại thông minh Samsung Ultra 5G Max,8120000,11600000,30,4.9,34,265,1789,Điện Thoại - Máy Tính Bảng,Samsung,1,Tiki Trading,True,True,True,available,2024-10-22 00:00:00
101363,TIKI-915-001363,Áo thun nam Cotton Compact chống nhăn co giãn Coolmate,450500,530000,15,4.8,24,153,915,Thời Trang Nam,Coolmate,102,Apple Flagship Store,True,True,True,available,2024-03-05 00:00:00
101364,TIKI-8322-001364,Sách - Kỹ Năng Quản Lý Thời Gian Cho Người Bận Rộn (Nhã Nam),289000,340000,15,4.5,23,120,8322,Nhà Sách Tiki,Nhã Nam,112,Nhà Sách FAHASA Official,True,False,True,low_stock,2024-04-07 00:00:00
101365,TIKI-915-001365,Quần dài Kaki dáng Slimfit co giãn tôn dáng An Phước,650000,650000,0,4.9,73,307,915,Thời Trang Nam,An Phước,112,Nhà Sách FAHASA Official,True,False,True,available,2024-02-01 00:00:00
101366,TIKI-1882-001366,Nồi cơm điện cao tần Sunhouse Lòng nồi chống dính cao cấp,3680000,4600000,20,4.9,71,252,1882,Điện Gia Dụng,Sunhouse,112,Nhà Sách FAHASA Official,True,True,True,available,2024-09-29 00:00:00
101367,TIKI-1882-001367,Robot hút bụi lau nhà thông minh Panasonic Laser LiDAR Tự động đổ rác,5200000,8000000,35,3.8,42,237,1882,Điện Gia Dụng,Panasonic,108,Anker Official Mall,True,True,True,available,2024-08-13 00:00:00
101368,TIKI-1815-001368,Bàn phím cơ không dây UGREEN RGB Hot-swap,6120000,6800000,10,4.9,158,924,1815,Thiết Bị Số - Phụ Kiện Số,UGREEN,210,Mỹ Phẩm Xách Tay Authentic,False,True,True,available,2024-12-20 00:00:00
101369,TIKI-915-001369,Áo sơ mi nam công sở dài tay cao cấp Owen,114000,120000,5,4.8,264,1210,915,Thời Trang Nam,Owen,201,Điện Máy Gia Dụng Xanh,False,True,True,available,2024-05-25 00:00:00
101370,TIKI-1883-001370,Bình giữ nhiệt Inox 316 cao cấp Điện Quang Giữ nhiệt 24 giờ 800ml,770000,770000,0,4.9,7,48,1883,Nhà Cửa - Đời Sống,Điện Quang,204,Phụ Kiện Công Nghệ Số 1,False,True,True,available,2024-10-11 00:00:00
101371,TIKI-1789-001371,Điện thoại thông minh OPPO Ultra 5G 256GB,16520000,23600000,30,4.9,200,1227,1789,Điện Thoại - Máy Tính Bảng,OPPO,102,Apple Flagship Store,True,True,True,available,2024-11-18 00:00:00
101372,TIKI-1520-001372,Kem dưỡng ẩm tái tạo phục hồi màng bảo vệ da Laneige 50ml,409500,630000,35,4.7,270,1339,1520,Làm Đẹp - Sức Khỏe,Laneige,102,Apple Flagship Store,True,True,True,available,2024-06-22 00:00:00
101373,TIKI-1815-001373,Bàn phím cơ không dây Marshall RGB Hot-swap,7400000,7400000,0,4.7,18,135,1815,Thiết Bị Số - Phụ Kiện Số,Marshall,201,Điện Máy Gia Dụng Xanh,False,True,True,low_stock,2024-04-29 00:00:00
101374,TIKI-1815-001374,Bàn phím cơ không dây UGREEN RGB Hot-swap,960000,1600000,40,4.8,22,150,1815,Thiết Bị Số - Phụ Kiện Số,UGREEN,102,Apple Flagship Store,True,True,True,available,2024-04-22 00:00:00
101375,TIKI-1882-001375,Máy xay sinh tố cầm tay đa năng Philips Lưỡi dao inox 304,4050000,8100000,50,4.5,273,1070,1882,Điện Gia Dụng,Philips,102,Apple Flagship Store,True,False,True,available,2024-05-02 00:00:00
101376,TIKI-1883-001376,Bình giữ nhiệt Inox 316 cao cấp Lock&Lock Giữ nhiệt 24 giờ 800ml,270000,450000,40,4.9,174,1179,1883,Nhà Cửa - Đời Sống,Lock&Lock,204,Phụ Kiện Công Nghệ Số 1,False,True,True,available,2024-09-08 00:00:00
101377,TIKI-1882-001377,Nồi chiên không dầu điện tử Lock&Lock Dung tích 6.5L Giảm 85% dầu mỡ,3400000,6800000,50,4.9,71,359,1882,Điện Gia Dụng,Lock&Lock,220,Thời Trang Bụi Phố,False,True,True,available,2024-07-02 00:00:00
101378,TIKI-1815-001378,Cáp sạc đa năng Sony bọc dù siêu bền truyền dữ liệu tốc độ cao,400000,500000,20,4.9,212,965,1815,Thiết Bị Số - Phụ Kiện Số,Sony,220,Thời Trang Bụi Phố,False,False,True,available,2024-01-25 00:00:00
101379,TIKI-1883-001379,Bình giữ nhiệt Inox 316 cao cấp Inochi Giữ nhiệt 24 giờ 800ml,680000,680000,0,4.7,35,143,1883,Nhà Cửa - Đời Sống,Inochi,112,Nhà Sách FAHASA Official,True,False,True,low_stock,2024-03-02 00:00:00
101380,TIKI-1815-001380,Cáp sạc đa năng Marshall bọc dù siêu bền truyền dữ liệu tốc độ cao,5220000,5800000,10,4.7,220,927,1815,Thiết Bị Số - Phụ Kiện Số,Marshall,112,Nhà Sách FAHASA Official,True,True,True,available,2024-07-13 00:00:00
101381,TIKI-1789-001381,Điện thoại thông minh Vivo Ultra 5G Max,12825000,13500000,5,4.7,33,138,1789,Điện Thoại - Máy Tính Bảng,Vivo,201,Điện Máy Gia Dụng Xanh,False,True,True,available,2024-02-26 00:00:00
101382,TIKI-1883-001382,Kệ để đồ đa năng thông minh tiết kiệm diện tích Inochi,385000,770000,50,4.5,303,2402,1883,Nhà Cửa - Đời Sống,Inochi,210,Mỹ Phẩm Xách Tay Authentic,False,True,True,available,2024-08-20 00:00:00
101383,TIKI-1520-001383,Kem dưỡng ẩm tái tạo phục hồi màng bảo vệ da Laneige 50ml,621000,690000,10,4.7,195,927,1520,Làm Đẹp - Sức Khỏe,Laneige,204,Phụ Kiện Công Nghệ Số 1,False,False,True,available,2024-05-14 00:00:00
101384,TIKI-915-001384,Áo thun nam Cotton Compact chống nhăn co giãn Aristino,329000,470000,30,4.7,80,312,915,Thời Trang Nam,Aristino,201,Điện Máy Gia Dụng Xanh,False,True,True,available,2024-10-25 00:00:00
101385,TIKI-1815-001385,Củ sạc nhanh Sony GaN 65W Cổng Type-C PD Quick Charge,1020000,1700000,40,4.8,293,1791,1815,Thiết Bị Số - Phụ Kiện Số,Sony,210,Mỹ Phẩm Xách Tay Authentic,False,True,True,available,2024-03-11 00:00:00
101386,TIKI-1520-001386,Serum phục hồi làm dịu da cấp ẩm L'Oreal Paris Niacinamide 10%,400000,800000,50,4.8,14,82,1520,Làm Đẹp - Sức Khỏe,L'Oreal Paris,1,Tiki Trading,True,True,True,available,2024-02-13 00:00:00
101387,TIKI-1789-001387,Máy tính bảng Xiaomi Tab Wifi + Cellular 512GB,13410000,14900000,10,4.9,85,617,1789,Điện Thoại - Máy Tính Bảng,Xiaomi,210,Mỹ Phẩm Xách Tay Authentic,False,True,True,available,2024-03-13 00:00:00
101388,TIKI-1789-001388,Điện thoại thông minh Vivo Ultra 5G Pro,8120000,11600000,30,4.7,99,675,1789,Điện Thoại - Máy Tính Bảng,Vivo,204,Phụ Kiện Công Nghệ Số 1,False,True,True,available,2024-06-14 00:00:00
101389,TIKI-1882-001389,Nồi chiên không dầu điện tử Kangaroo Dung tích 6.5L Giảm 85% dầu mỡ,1600000,1600000,0,4.5,159,616,1882,Điện Gia Dụng,Kangaroo,1,Tiki Trading,True,False,True,available,2024-03-26 00:00:00
101390,TIKI-1520-001390,Kem chống nắng kiểm soát dầu La Roche-Posay SPF 50+ PA++++ 50ml,722000,760000,5,4.8,274,1757,1520,Làm Đẹp - Sức Khỏe,La Roche-Posay,108,Anker Official Mall,True,False,True,available,2024-01-31 00:00:00
101391,TIKI-1520-001391,Serum phục hồi làm dịu da cấp ẩm La Roche-Posay Niacinamide 10%,598500,630000,5,4.7,89,427,1520,Làm Đẹp - Sức Khỏe,La Roche-Posay,115,Coolmate Flagship Store,True,True,True,available,2024-05-30 00:00:00
101392,TIKI-1520-001392,Serum phục hồi làm dịu da cấp ẩm Cocoon Niacinamide 10%,546000,840000,35,4.9,93,646,1520,Làm Đẹp - Sức Khỏe,Cocoon,220,Thời Trang Bụi Phố,False,True,True,available,2024-03-19 00:00:00
101393,TIKI-1882-001393,Máy lọc không khí Philips Màng lọc HEPA diệt khuẩn khử mùi,1200000,2000000,40,4.8,8,49,1882,Điện Gia Dụng,Philips,204,Phụ Kiện Công Nghệ Số 1,False,False,True,available,2024-01-03 00:00:00
101394,TIKI-1815-001394,Chuột không dây công thái học Sandisk Silent Click,1050000,1400000,25,4.7,43,179,1815,Thiết Bị Số - Phụ Kiện Số,Sandisk,115,Coolmate Flagship Store,True,False,True,available,2024-07-13 00:00:00
101395,TIKI-8322-001395,Sách - Nguyên Lý Big Data & Học Máy Ứng Dụng (NXB Kim Đồng),150000,200000,25,4.8,11,53,8322,Nhà Sách Tiki,NXB Kim Đồng,210,Mỹ Phẩm Xách Tay Authentic,False,False,True,available,2024-03-29 00:00:00
101396,TIKI-1789-001396,Điện thoại Vivo Pro Max Max Chính Hãng VN/A,7490000,10700000,30,4.9,68,499,1789,Điện Thoại - Máy Tính Bảng,Vivo,204,Phụ Kiện Công Nghệ Số 1,False,True,True,available,2024-10-13 00:00:00
101397,TIKI-1883-001397,Bình giữ nhiệt Inox 316 cao cấp Duy Tân Giữ nhiệt 24 giờ 800ml,136000,170000,20,4.5,320,2365,1883,Nhà Cửa - Đời Sống,Duy Tân,102,Apple Flagship Store,True,False,True,available,2024-05-10 00:00:00
101398,TIKI-1520-001398,Kem chống nắng kiểm soát dầu Laneige SPF 50+ PA++++ 50ml,873000,970000,10,4.8,82,611,1520,Làm Đẹp - Sức Khỏe,Laneige,112,Nhà Sách FAHASA Official,True,False,True,available,2024-05-08 00:00:00
101399,TIKI-915-001399,Quần lót nam Boxer sợi Modal kháng khuẩn công nghệ may Seamless Aristino,488000,610000,20,4.9,139,575,915,Thời Trang Nam,Aristino,102,Apple Flagship Store,True,False,True,available,2024-07-24 00:00:00
101400,TIKI-915-001400,Áo sơ mi nam công sở dài tay cao cấp An Phước,300000,300000,0,4.9,70,470,915,Thời Trang Nam,An Phước,112,Nhà Sách FAHASA Official,True,False,True,available,2024-07-08 00:00:00
101401,TIKI-1520-001401,Serum phục hồi làm dịu da cấp ẩm Vichy Niacinamide 10%,912000,1140000,20,4.9,253,1821,1520,Làm Đẹp - Sức Khỏe,Vichy,112,Nhà Sách FAHASA Official,True,False,True,available,2024-05-30 00:00:00
101402,TIKI-1882-001402,Máy lọc không khí Kangaroo Màng lọc HEPA diệt khuẩn khử mùi,3990000,5700000,30,4.7,158,815,1882,Điện Gia Dụng,Kangaroo,1,Tiki Trading,True,False,True,available,2024-10-06 00:00:00
101403,TIKI-1815-001403,Cáp sạc đa năng Sony bọc dù siêu bền truyền dữ liệu tốc độ cao,4080000,5100000,20,4.8,44,211,1815,Thiết Bị Số - Phụ Kiện Số,Sony,204,Phụ Kiện Công Nghệ Số 1,False,False,True,available,2024-10-22 00:00:00
101404,TIKI-1789-001404,Điện thoại thông minh ASUS Ultra 5G Max,22780000,26800000,15,4.8,88,378,1789,Điện Thoại - Máy Tính Bảng,ASUS,102,Apple Flagship Store,True,True,True,available,2024-05-22 00:00:00
101405,TIKI-1815-001405,Loa Bluetooth di động UGREEN Âm bass mạnh mẽ chống nước IPX7,4600000,4600000,0,4.9,127,1012,1815,Thiết Bị Số - Phụ Kiện Số,UGREEN,1,Tiki Trading,True,True,True,available,2024-05-30 00:00:00
101406,TIKI-1815-001406,Chuột không dây công thái học Logitech Silent Click,1750000,3500000,50,4.8,153,807,1815,Thiết Bị Số - Phụ Kiện Số,Logitech,210,Mỹ Phẩm Xách Tay Authentic,False,True,True,available,2024-04-24 00:00:00
101407,TIKI-1789-001407,Điện thoại gập Apple Flip thế hệ mới,42655000,44900000,5,4.8,116,509,1789,Điện Thoại - Máy Tính Bảng,Apple,204,Phụ Kiện Công Nghệ Số 1,False,True,True,available,2024-10-31 00:00:00
101408,TIKI-1815-001408,Củ sạc nhanh UGREEN GaN 65W Cổng Type-C PD Quick Charge,3740000,4400000,15,4.9,67,244,1815,Thiết Bị Số - Phụ Kiện Số,UGREEN,201,Điện Máy Gia Dụng Xanh,False,True,True,low_stock,2024-02-10 00:00:00
101409,TIKI-1520-001409,Kem dưỡng ẩm tái tạo phục hồi màng bảo vệ da Cocoon 50ml,608000,640000,5,4.8,88,469,1520,Làm Đẹp - Sức Khỏe,Cocoon,115,Coolmate Flagship Store,True,False,True,low_stock,2024-10-10 00:00:00
101410,TIKI-1789-001410,Điện thoại thông minh Apple Ultra 5G 256GB,4750000,9500000,50,4.9,185,740,1789,Điện Thoại - Máy Tính Bảng,Apple,1,Tiki Trading,True,False,True,available,2024-03-07 00:00:00
101411,TIKI-1789-001411,Điện thoại gập Samsung Flip thế hệ mới,26390000,40600000,35,4.9,45,355,1789,Điện Thoại - Máy Tính Bảng,Samsung,204,Phụ Kiện Công Nghệ Số 1,False,False,True,low_stock,2024-03-03 00:00:00
101412,TIKI-1789-001412,Điện thoại thông minh Vivo Ultra 5G V2,29400000,39200000,25,4.9,12,58,1789,Điện Thoại - Máy Tính Bảng,Vivo,115,Coolmate Flagship Store,True,True,True,low_stock,2024-02-07 00:00:00
101413,TIKI-915-001413,Áo sơ mi nam công sở dài tay cao cấp Aristino,399500,470000,15,4.9,95,479,915,Thời Trang Nam,Aristino,210,Mỹ Phẩm Xách Tay Authentic,False,False,True,available,2024-01-15 00:00:00
101414,TIKI-8322-001414,Sách - Nhà Giả Kim - Paulo Coelho (NXB Kim Đồng),95000,190000,50,4.7,24,109,8322,Nhà Sách Tiki,NXB Kim Đồng,105,Samsung Official Store,True,True,True,available,2024-05-21 00:00:00
101415,TIKI-1789-001415,Máy tính bảng Apple Tab Wifi + Cellular 128GB,8760000,14600000,40,4.8,343,1266,1789,Điện Thoại - Máy Tính Bảng,Apple,112,Nhà Sách FAHASA Official,True,False,True,available,2024-07-07 00:00:00
101416,TIKI-1883-001416,Bình giữ nhiệt Inox 316 cao cấp Lock&Lock Giữ nhiệt 24 giờ 800ml,448000,640000,30,3.8,168,980,1883,Nhà Cửa - Đời Sống,Lock&Lock,201,Điện Máy Gia Dụng Xanh,False,True,True,available,2024-02-20 00:00:00
101417,TIKI-8322-001417,Sách - Tâm Lý Học Về Tiền - Morgan Housel (NXB Trẻ),331500,390000,15,4.8,65,405,8322,Nhà Sách Tiki,NXB Trẻ,1,Tiki Trading,True,True,True,available,2024-01-15 00:00:00
101418,TIKI-8322-001418,Sách - Thiết Kế Cuộc Đời Đáng Sống - Designing Your Life (NXB Trẻ),108000,120000,10,4.7,40,201,8322,Nhà Sách Tiki,NXB Trẻ,108,Anker Official Mall,True,True,True,available,2024-01-28 00:00:00
101419,TIKI-1815-001419,Loa Bluetooth di động Sandisk Âm bass mạnh mẽ chống nước IPX7,4550000,6500000,30,4.7,128,530,1815,Thiết Bị Số - Phụ Kiện Số,Sandisk,204,Phụ Kiện Công Nghệ Số 1,False,False,True,available,2024-04-18 00:00:00
101420,TIKI-1882-001420,Nồi chiên không dầu điện tử Philips Dung tích 6.5L Giảm 85% dầu mỡ,660000,1100000,40,3.2,186,937,1882,Điện Gia Dụng,Philips,112,Nhà Sách FAHASA Official,True,True,True,low_stock,2024-05-02 00:00:00
101421,TIKI-1520-001421,Kem dưỡng ẩm tái tạo phục hồi màng bảo vệ da The Ordinary 50ml,170000,200000,15,4.9,61,412,1520,Làm Đẹp - Sức Khỏe,The Ordinary,201,Điện Máy Gia Dụng Xanh,False,True,True,available,2024-01-29 00:00:00
101422,TIKI-8322-001422,Sách - Kỹ Năng Quản Lý Thời Gian Cho Người Bận Rộn (NXB Phụ Nữ),54000,90000,40,4.8,104,695,8322,Nhà Sách Tiki,NXB Phụ Nữ,220,Thời Trang Bụi Phố,False,True,True,available,2024-05-29 00:00:00
101423,TIKI-1789-001423,Điện thoại gập Realme Flip thế hệ mới,11480000,16400000,30,4.7,151,952,1789,Điện Thoại - Máy Tính Bảng,Realme,220,Thời Trang Bụi Phố,False,True,True,available,2024-11-17 00:00:00
101424,TIKI-1520-001424,Sữa rửa mặt tạo bọt sạch sâu se khít lỗ chân lông Cocoon,425000,850000,50,4.7,169,1105,1520,Làm Đẹp - Sức Khỏe,Cocoon,112,Nhà Sách FAHASA Official,True,True,True,low_stock,2024-08-22 00:00:00
101425,TIKI-1882-001425,Máy xay sinh tố cầm tay đa năng Tefal Lưỡi dao inox 304,5400000,10800000,50,4.9,53,210,1882,Điện Gia Dụng,Tefal,115,Coolmate Flagship Store,True,False,True,low_stock,2024-01-12 00:00:00
101426,TIKI-1520-001426,Serum phục hồi làm dịu da cấp ẩm Laneige Niacinamide 10%,252000,280000,10,4.5,202,909,1520,Làm Đẹp - Sức Khỏe,Laneige,108,Anker Official Mall,True,True,True,available,2024-03-14 00:00:00
101427,TIKI-1520-001427,Sữa rửa mặt tạo bọt sạch sâu se khít lỗ chân lông La Roche-Posay,559000,860000,35,4.9,127,705,1520,Làm Đẹp - Sức Khỏe,La Roche-Posay,1,Tiki Trading,True,True,True,available,2024-08-02 00:00:00
101428,TIKI-1815-001428,Chuột không dây công thái học Logitech Silent Click,3450000,6900000,50,4.9,138,857,1815,Thiết Bị Số - Phụ Kiện Số,Logitech,108,Anker Official Mall,True,False,True,available,2024-07-05 00:00:00
101429,TIKI-1520-001429,Kem dưỡng ẩm tái tạo phục hồi màng bảo vệ da L'Oreal Paris 50ml,952000,1190000,20,4.5,278,2173,1520,Làm Đẹp - Sức Khỏe,L'Oreal Paris,1,Tiki Trading,True,True,True,out_of_stock,2024-12-06 00:00:00
101430,TIKI-915-001430,Quần dài Kaki dáng Slimfit co giãn tôn dáng Owen,720000,800000,10,4.8,177,1053,915,Thời Trang Nam,Owen,1,Tiki Trading,True,True,True,available,2024-03-17 00:00:00
101431,TIKI-1789-001431,Điện thoại gập ASUS Flip thế hệ mới,17920000,25600000,30,4.7,313,1400,1789,Điện Thoại - Máy Tính Bảng,ASUS,201,Điện Máy Gia Dụng Xanh,False,True,True,available,2024-10-15 00:00:00
101432,TIKI-1789-001432,Điện thoại thông minh Realme Ultra 5G 2024 Edition,26250000,35000000,25,4.8,477,3280,1789,Điện Thoại - Máy Tính Bảng,Realme,108,Anker Official Mall,True,True,True,available,2024-05-09 00:00:00
101433,TIKI-8322-001433,Sách - Nhà Giả Kim - Paulo Coelho (First News),150000,250000,40,4.9,280,2056,8322,Nhà Sách Tiki,First News,220,Thời Trang Bụi Phố,False,True,True,available,2024-03-26 00:00:00
101434,TIKI-1789-001434,Điện thoại gập Apple Flip thế hệ mới,26505000,27900000,5,2.5,19,150,1789,Điện Thoại - Máy Tính Bảng,Apple,201,Điện Máy Gia Dụng Xanh,False,False,True,available,2024-07-18 00:00:00
101435,TIKI-1789-001435,Điện thoại thông minh Realme Ultra 5G 2024 Edition,25100000,25100000,0,4.9,13,76,1789,Điện Thoại - Máy Tính Bảng,Realme,220,Thời Trang Bụi Phố,False,False,True,available,2024-11-10 00:00:00
101436,TIKI-1882-001436,Máy lọc không khí Lock&Lock Màng lọc HEPA diệt khuẩn khử mùi,10260000,11400000,10,4.5,93,690,1882,Điện Gia Dụng,Lock&Lock,204,Phụ Kiện Công Nghệ Số 1,False,False,True,available,2024-08-15 00:00:00
101437,TIKI-1815-001437,Cáp sạc đa năng Sony bọc dù siêu bền truyền dữ liệu tốc độ cao,3040000,3800000,20,4.9,87,477,1815,Thiết Bị Số - Phụ Kiện Số,Sony,108,Anker Official Mall,True,True,True,available,2024-05-25 00:00:00
101438,TIKI-915-001438,Quần lót nam Boxer sợi Modal kháng khuẩn công nghệ may Seamless Canifa,558000,620000,10,4.8,55,329,915,Thời Trang Nam,Canifa,201,Điện Máy Gia Dụng Xanh,False,False,True,low_stock,2024-02-18 00:00:00
101439,TIKI-915-001439,Quần dài Kaki dáng Slimfit co giãn tôn dáng Biluxury,150000,300000,50,4.7,115,800,915,Thời Trang Nam,Biluxury,1,Tiki Trading,True,True,True,available,2024-05-15 00:00:00
101440,TIKI-1520-001440,Kem dưỡng ẩm tái tạo phục hồi màng bảo vệ da The Ordinary 50ml,331500,390000,15,4.9,36,277,1520,Làm Đẹp - Sức Khỏe,The Ordinary,102,Apple Flagship Store,True,True,True,available,2024-06-10 00:00:00
101441,TIKI-1815-001441,Chuột không dây công thái học Logitech Silent Click,3720000,6200000,40,4.2,79,349,1815,Thiết Bị Số - Phụ Kiện Số,Logitech,102,Apple Flagship Store,True,False,True,available,2024-03-26 00:00:00
101442,TIKI-1520-001442,Kem chống nắng kiểm soát dầu L'Oreal Paris SPF 50+ PA++++ 50ml,301000,430000,30,4.9,91,592,1520,Làm Đẹp - Sức Khỏe,L'Oreal Paris,102,Apple Flagship Store,True,True,True,available,2024-03-09 00:00:00
101443,TIKI-1520-001443,Sữa rửa mặt tạo bọt sạch sâu se khít lỗ chân lông Innisfree,273000,420000,35,4.9,137,662,1520,Làm Đẹp - Sức Khỏe,Innisfree,108,Anker Official Mall,True,False,True,available,2024-05-16 00:00:00
101444,TIKI-1815-001444,Tai nghe không dây Bluetooth Marshall Chống ồn chủ động ANC,2400000,4000000,40,4.9,209,1137,1815,Thiết Bị Số - Phụ Kiện Số,Marshall,201,Điện Máy Gia Dụng Xanh,False,True,True,available,2024-05-26 00:00:00
101445,TIKI-1815-001445,Tai nghe không dây Bluetooth JBL Chống ồn chủ động ANC,6745000,7100000,5,4.2,287,1961,1815,Thiết Bị Số - Phụ Kiện Số,JBL,204,Phụ Kiện Công Nghệ Số 1,False,False,True,available,2024-09-13 00:00:00
101446,TIKI-1815-001446,Tai nghe không dây Bluetooth Anker Chống ồn chủ động ANC,910000,1400000,35,4.5,111,801,1815,Thiết Bị Số - Phụ Kiện Số,Anker,105,Samsung Official Store,True,False,True,available,2024-02-23 00:00:00
101447,TIKI-1520-001447,Serum phục hồi làm dịu da cấp ẩm Vichy Niacinamide 10%,377000,580000,35,4.7,144,787,1520,Làm Đẹp - Sức Khỏe,Vichy,210,Mỹ Phẩm Xách Tay Authentic,False,True,True,low_stock,2024-08-07 00:00:00
101448,TIKI-1520-001448,Kem chống nắng kiểm soát dầu L'Oreal Paris SPF 50+ PA++++ 50ml,222000,370000,40,4.7,51,185,1520,Làm Đẹp - Sức Khỏe,L'Oreal Paris,210,Mỹ Phẩm Xách Tay Authentic,False,False,True,available,2024-04-28 00:00:00
101449,TIKI-915-001449,Quần dài Kaki dáng Slimfit co giãn tôn dáng Coolmate,553000,790000,30,4.8,319,1287,915,Thời Trang Nam,Coolmate,220,Thời Trang Bụi Phố,False,False,True,available,2024-09-02 00:00:00
101450,TIKI-1883-001450,Bình giữ nhiệt Inox 316 cao cấp Tupperware Giữ nhiệt 24 giờ 800ml,280000,280000,0,4.8,5,29,1883,Nhà Cửa - Đời Sống,Tupperware,210,Mỹ Phẩm Xách Tay Authentic,False,False,True,available,2024-02-14 00:00:00
101451,TIKI-1815-001451,Cáp sạc đa năng Logitech bọc dù siêu bền truyền dữ liệu tốc độ cao,2185000,2300000,5,2.5,141,911,1815,Thiết Bị Số - Phụ Kiện Số,Logitech,115,Coolmate Flagship Store,True,True,True,available,2024-01-09 00:00:00
101452,TIKI-8322-001452,Sách - Kỹ Năng Quản Lý Thời Gian Cho Người Bận Rộn (NXB Trẻ),142500,150000,5,4.8,181,775,8322,Nhà Sách Tiki,NXB Trẻ,201,Điện Máy Gia Dụng Xanh,False,True,True,available,2024-10-20 00:00:00
101453,TIKI-8322-001453,Sách - Nguyên Lý Big Data & Học Máy Ứng Dụng (Nhã Nam),320000,400000,20,4.9,122,724,8322,Nhà Sách Tiki,Nhã Nam,1,Tiki Trading,True,True,True,low_stock,2024-10-07 00:00:00
101454,TIKI-1815-001454,Chuột không dây công thái học Sony Silent Click,6800000,8000000,15,4.7,98,772,1815,Thiết Bị Số - Phụ Kiện Số,Sony,1,Tiki Trading,True,False,True,available,2024-11-03 00:00:00
101455,TIKI-1520-001455,Serum phục hồi làm dịu da cấp ẩm Innisfree Niacinamide 10%,290000,580000,50,4.8,124,795,1520,Làm Đẹp - Sức Khỏe,Innisfree,220,Thời Trang Bụi Phố,False,True,True,available,2024-05-26 00:00:00
101456,TIKI-1520-001456,Sữa rửa mặt tạo bọt sạch sâu se khít lỗ chân lông Laneige,669500,1030000,35,4.9,313,1426,1520,Làm Đẹp - Sức Khỏe,Laneige,1,Tiki Trading,True,True,True,available,2024-10-06 00:00:00
101457,TIKI-8322-001457,Sách - Đắc Nhân Tâm - Khổ Lớn Đặc Biệt (NXB Kim Đồng),35000,70000,50,4.8,62,238,8322,Nhà Sách Tiki,NXB Kim Đồng,105,Samsung Official Store,True,True,True,available,2024-11-11 00:00:00
101458,TIKI-915-001458,Quần dài Kaki dáng Slimfit co giãn tôn dáng Canifa,511000,730000,30,4.8,238,1448,915,Thời Trang Nam,Canifa,210,Mỹ Phẩm Xách Tay Authentic,False,False,True,available,2024-08-12 00:00:00
101459,TIKI-1883-001459,Bình giữ nhiệt Inox 316 cao cấp Inochi Giữ nhiệt 24 giờ 800ml,227500,350000,35,2.5,9,57,1883,Nhà Cửa - Đời Sống,Inochi,210,Mỹ Phẩm Xách Tay Authentic,False,False,True,available,2024-06-12 00:00:00
101460,TIKI-8322-001460,Sách - Nhà Giả Kim - Paulo Coelho (NXB Phụ Nữ),290000,290000,0,4.7,262,1699,8322,Nhà Sách Tiki,NXB Phụ Nữ,108,Anker Official Mall,True,True,True,available,2024-07-04 00:00:00
101461,TIKI-1520-001461,Sữa rửa mặt tạo bọt sạch sâu se khít lỗ chân lông Innisfree,171000,180000,5,4.9,281,1205,1520,Làm Đẹp - Sức Khỏe,Innisfree,1,Tiki Trading,True,True,True,available,2024-06-25 00:00:00
101462,TIKI-1815-001462,Bàn phím cơ không dây Sandisk RGB Hot-swap,2520000,2800000,10,4.8,207,998,1815,Thiết Bị Số - Phụ Kiện Số,Sandisk,201,Điện Máy Gia Dụng Xanh,False,True,True,available,2024-11-23 00:00:00
101463,TIKI-1815-001463,Bàn phím cơ không dây JBL RGB Hot-swap,1620000,2700000,40,3.8,313,2411,1815,Thiết Bị Số - Phụ Kiện Số,JBL,108,Anker Official Mall,True,True,True,available,2024-06-24 00:00:00
101464,TIKI-1789-001464,Máy tính bảng Realme Tab Wifi + Cellular 256GB,16380000,25200000,35,4.9,353,1853,1789,Điện Thoại - Máy Tính Bảng,Realme,210,Mỹ Phẩm Xách Tay Authentic,False,True,True,available,2024-10-22 00:00:00
101465,TIKI-1520-001465,Serum phục hồi làm dịu da cấp ẩm L'Oreal Paris Niacinamide 10%,690000,920000,25,4.9,241,1862,1520,Làm Đẹp - Sức Khỏe,L'Oreal Paris,210,Mỹ Phẩm Xách Tay Authentic,False,False,True,available,2024-02-25 00:00:00
101466,TIKI-1882-001466,Nồi chiên không dầu điện tử Kangaroo Dung tích 6.5L Giảm 85% dầu mỡ,11360000,14200000,20,3.8,363,2183,1882,Điện Gia Dụng,Kangaroo,204,Phụ Kiện Công Nghệ Số 1,False,False,True,available,2024-01-10 00:00:00
101467,TIKI-8322-001467,Sách - Thiết Kế Cuộc Đời Đáng Sống - Designing Your Life (NXB Phụ Nữ),200000,200000,0,4.9,123,496,8322,Nhà Sách Tiki,NXB Phụ Nữ,112,Nhà Sách FAHASA Official,True,False,True,available,2024-12-12 00:00:00
101468,TIKI-1789-001468,Điện thoại ASUS Pro Max V2 Chính Hãng VN/A,29430000,32700000,10,4.9,93,620,1789,Điện Thoại - Máy Tính Bảng,ASUS,220,Thời Trang Bụi Phố,False,True,True,available,2024-10-25 00:00:00
101469,TIKI-1789-001469,Máy tính bảng Apple Tab Wifi + Cellular 256GB,22515000,23700000,5,4.8,77,382,1789,Điện Thoại - Máy Tính Bảng,Apple,201,Điện Máy Gia Dụng Xanh,False,True,True,available,2024-06-17 00:00:00
101470,TIKI-915-001470,Áo sơ mi nam công sở dài tay cao cấp An Phước,409500,630000,35,4.7,365,1437,915,Thời Trang Nam,An Phước,108,Anker Official Mall,True,True,True,low_stock,2024-08-07 00:00:00
101471,TIKI-1789-001471,Máy tính bảng Apple Tab Wifi + Cellular 2024 Edition,41420000,43600000,5,4.9,181,704,1789,Điện Thoại - Máy Tính Bảng,Apple,105,Samsung Official Store,True,True,True,available,2024-07-01 00:00:00
101472,TIKI-1520-001472,Kem chống nắng kiểm soát dầu Laneige SPF 50+ PA++++ 50ml,533000,820000,35,4.8,116,841,1520,Làm Đẹp - Sức Khỏe,Laneige,220,Thời Trang Bụi Phố,False,True,True,available,2024-09-02 00:00:00
101473,TIKI-1815-001473,Loa Bluetooth di động Logitech Âm bass mạnh mẽ chống nước IPX7,3290000,4700000,30,4.9,22,109,1815,Thiết Bị Số - Phụ Kiện Số,Logitech,210,Mỹ Phẩm Xách Tay Authentic,False,True,True,available,2024-08-08 00:00:00
101474,TIKI-1882-001474,Nồi cơm điện cao tần Sharp Lòng nồi chống dính cao cấp,6480000,8100000,20,4.5,22,146,1882,Điện Gia Dụng,Sharp,204,Phụ Kiện Công Nghệ Số 1,False,True,True,out_of_stock,2024-09-19 00:00:00
101475,TIKI-915-001475,Áo sơ mi nam công sở dài tay cao cấp Routine,480000,640000,25,4.7,50,335,915,Thời Trang Nam,Routine,220,Thời Trang Bụi Phố,False,True,True,available,2024-11-11 00:00:00
101476,TIKI-1815-001476,Loa Bluetooth di động JBL Âm bass mạnh mẽ chống nước IPX7,4275000,5700000,25,4.9,328,1157,1815,Thiết Bị Số - Phụ Kiện Số,JBL,102,Apple Flagship Store,True,True,True,available,2024-01-22 00:00:00
101477,TIKI-1882-001477,Robot hút bụi lau nhà thông minh Kangaroo Laser LiDAR Tự động đổ rác,2380000,2800000,15,4.9,256,1913,1882,Điện Gia Dụng,Kangaroo,108,Anker Official Mall,True,True,True,low_stock,2024-03-01 00:00:00
101478,TIKI-1789-001478,Điện thoại Samsung Pro Max 512GB Chính Hãng VN/A,32600000,32600000,0,4.8,125,676,1789,Điện Thoại - Máy Tính Bảng,Samsung,115,Coolmate Flagship Store,True,False,True,available,2024-04-04 00:00:00
101479,TIKI-1882-001479,Máy xay sinh tố cầm tay đa năng Panasonic Lưỡi dao inox 304,7560000,10800000,30,4.8,643,3670,1882,Điện Gia Dụng,Panasonic,220,Thời Trang Bụi Phố,False,False,True,out_of_stock,2024-09-13 00:00:00
101480,TIKI-1815-001480,Bàn phím cơ không dây Sandisk RGB Hot-swap,2800000,4000000,30,4.9,5,25,1815,Thiết Bị Số - Phụ Kiện Số,Sandisk,204,Phụ Kiện Công Nghệ Số 1,False,False,True,available,2024-09-21 00:00:00
101481,TIKI-1882-001481,Robot hút bụi lau nhà thông minh Panasonic Laser LiDAR Tự động đổ rác,5850000,6500000,10,4.7,202,803,1882,Điện Gia Dụng,Panasonic,210,Mỹ Phẩm Xách Tay Authentic,False,True,True,available,2024-03-10 00:00:00
101482,TIKI-1815-001482,Loa Bluetooth di động Logitech Âm bass mạnh mẽ chống nước IPX7,2100000,4200000,50,4.9,61,215,1815,Thiết Bị Số - Phụ Kiện Số,Logitech,1,Tiki Trading,True,False,True,available,2024-02-17 00:00:00
101483,TIKI-1882-001483,Robot hút bụi lau nhà thông minh Cosori Laser LiDAR Tự động đổ rác,9600000,12800000,25,4.9,26,146,1882,Điện Gia Dụng,Cosori,210,Mỹ Phẩm Xách Tay Authentic,False,False,True,available,2024-09-23 00:00:00
101484,TIKI-8322-001484,Sách - Nguyên Lý Big Data & Học Máy Ứng Dụng (NXB Kim Đồng),234000,360000,35,4.8,169,867,8322,Nhà Sách Tiki,NXB Kim Đồng,115,Coolmate Flagship Store,True,True,True,available,2024-11-18 00:00:00
101485,TIKI-8322-001485,Sách - Nguyên Lý Big Data & Học Máy Ứng Dụng (NXB Kim Đồng),234000,260000,10,4.7,90,629,8322,Nhà Sách Tiki,NXB Kim Đồng,1,Tiki Trading,True,False,True,available,2024-12-09 00:00:00
101486,TIKI-915-001486,Quần lót nam Boxer sợi Modal kháng khuẩn công nghệ may Seamless Owen,600000,600000,0,4.8,29,158,915,Thời Trang Nam,Owen,102,Apple Flagship Store,True,False,True,available,2024-03-03 00:00:00
101487,TIKI-1789-001487,Điện thoại thông minh OPPO Ultra 5G 256GB,37995000,44700000,15,4.2,132,1036,1789,Điện Thoại - Máy Tính Bảng,OPPO,204,Phụ Kiện Công Nghệ Số 1,False,True,True,available,2024-01-16 00:00:00
101488,TIKI-1815-001488,Cáp sạc đa năng Logitech bọc dù siêu bền truyền dữ liệu tốc độ cao,1050000,1500000,30,4.7,133,815,1815,Thiết Bị Số - Phụ Kiện Số,Logitech,105,Samsung Official Store,True,True,True,available,2024-11-24 00:00:00
101489,TIKI-1520-001489,Serum phục hồi làm dịu da cấp ẩm L'Oreal Paris Niacinamide 10%,735000,980000,25,4.7,38,231,1520,Làm Đẹp - Sức Khỏe,L'Oreal Paris,115,Coolmate Flagship Store,True,True,True,available,2024-10-04 00:00:00
101490,TIKI-1882-001490,Nồi cơm điện cao tần Panasonic Lòng nồi chống dính cao cấp,8320000,12800000,35,4.9,203,975,1882,Điện Gia Dụng,Panasonic,204,Phụ Kiện Công Nghệ Số 1,False,False,True,available,2024-01-12 00:00:00
101491,TIKI-1883-001491,Bộ lau nhà tự vắt thông minh xoay 360 độ Lock&Lock,214500,330000,35,4.7,231,1413,1883,Nhà Cửa - Đời Sống,Lock&Lock,102,Apple Flagship Store,True,True,True,available,2024-01-03 00:00:00
101492,TIKI-8322-001492,Sách - Nhà Giả Kim - Paulo Coelho (NXB Trẻ),105000,210000,50,4.8,94,539,8322,Nhà Sách Tiki,NXB Trẻ,115,Coolmate Flagship Store,True,True,True,available,2024-02-28 00:00:00
101493,TIKI-1883-001493,Bình giữ nhiệt Inox 316 cao cấp Lock&Lock Giữ nhiệt 24 giờ 800ml,646000,760000,15,4.9,8,52,1883,Nhà Cửa - Đời Sống,Lock&Lock,210,Mỹ Phẩm Xách Tay Authentic,False,True,True,available,2024-02-21 00:00:00
101494,TIKI-8322-001494,Sách - Nguyên Lý Big Data & Học Máy Ứng Dụng (NXB Phụ Nữ),162000,180000,10,4.9,10,69,8322,Nhà Sách Tiki,NXB Phụ Nữ,1,Tiki Trading,True,False,True,available,2024-09-08 00:00:00
101495,TIKI-915-001495,Quần dài Kaki dáng Slimfit co giãn tôn dáng Canifa,342000,570000,40,4.8,37,218,915,Thời Trang Nam,Canifa,108,Anker Official Mall,True,True,True,available,2024-02-02 00:00:00
101496,TIKI-1882-001496,Robot hút bụi lau nhà thông minh Panasonic Laser LiDAR Tự động đổ rác,8740000,9200000,5,4.8,56,415,1882,Điện Gia Dụng,Panasonic,102,Apple Flagship Store,True,False,True,available,2024-04-18 00:00:00
101497,TIKI-1883-001497,Bộ hộp cơm thủy tinh chịu nhiệt Duy Tân Có túi giữ nhiệt cao cấp,155000,310000,50,4.7,135,528,1883,Nhà Cửa - Đời Sống,Duy Tân,105,Samsung Official Store,True,True,True,available,2024-04-12 00:00:00
101498,TIKI-1883-001498,Bình giữ nhiệt Inox 316 cao cấp Điện Quang Giữ nhiệt 24 giờ 800ml,350000,350000,0,4.8,587,2272,1883,Nhà Cửa - Đời Sống,Điện Quang,220,Thời Trang Bụi Phố,False,False,True,available,2024-12-18 00:00:00
101499,TIKI-1520-001499,Serum phục hồi làm dịu da cấp ẩm La Roche-Posay Niacinamide 10%,864000,960000,10,4.7,19,79,1520,Làm Đẹp - Sức Khỏe,La Roche-Posay,1,Tiki Trading,True,False,True,low_stock,2024-12-18 00:00:00
101500,TIKI-8322-001500,Sách - Nguyên Lý Big Data & Học Máy Ứng Dụng (Nhã Nam),85500,90000,5,4.7,169,659,8322,Nhà Sách Tiki,Nhã Nam,105,Samsung Official Store,True,True,True,available,2024-02-28 00:00:00
